-- MySQL dump 10.13  Distrib 5.5.42-37.1, for Linux (x86_64)
--
-- Host: localhost    Database: siriarte_css2
-- ------------------------------------------------------
-- Server version	5.5.42-37.1

/*!40101 SET @OLD_CHARACTER_SET_CLIENT=@@CHARACTER_SET_CLIENT */;
/*!40101 SET @OLD_CHARACTER_SET_RESULTS=@@CHARACTER_SET_RESULTS */;
/*!40101 SET @OLD_COLLATION_CONNECTION=@@COLLATION_CONNECTION */;
/*!40101 SET NAMES utf8 */;
/*!40103 SET @OLD_TIME_ZONE=@@TIME_ZONE */;
/*!40103 SET TIME_ZONE='+00:00' */;
/*!40014 SET @OLD_UNIQUE_CHECKS=@@UNIQUE_CHECKS, UNIQUE_CHECKS=0 */;
/*!40014 SET @OLD_FOREIGN_KEY_CHECKS=@@FOREIGN_KEY_CHECKS, FOREIGN_KEY_CHECKS=0 */;
/*!40101 SET @OLD_SQL_MODE=@@SQL_MODE, SQL_MODE='NO_AUTO_VALUE_ON_ZERO' */;
/*!40111 SET @OLD_SQL_NOTES=@@SQL_NOTES, SQL_NOTES=0 */;

--
-- Table structure for table `acos`
--

DROP TABLE IF EXISTS `acos`;
/*!40101 SET @saved_cs_client     = @@character_set_client */;
/*!40101 SET character_set_client = utf8 */;
CREATE TABLE `acos` (
  `id` int(10) NOT NULL AUTO_INCREMENT,
  `parent_id` int(10) DEFAULT NULL,
  `model` varchar(255) DEFAULT NULL,
  `foreign_key` int(10) DEFAULT NULL,
  `alias` varchar(255) DEFAULT NULL,
  `lft` int(10) DEFAULT NULL,
  `rght` int(10) DEFAULT NULL,
  PRIMARY KEY (`id`),
  KEY `idx_acos_lft_rght` (`lft`,`rght`),
  KEY `idx_acos_alias` (`alias`),
  KEY `idx_acos_model_foreign_key` (`model`,`foreign_key`)
) ENGINE=InnoDB AUTO_INCREMENT=858 DEFAULT CHARSET=latin1;
/*!40101 SET character_set_client = @saved_cs_client */;

--
-- Dumping data for table `acos`
--

LOCK TABLES `acos` WRITE;
/*!40000 ALTER TABLE `acos` DISABLE KEYS */;
INSERT INTO `acos` VALUES (1,NULL,NULL,NULL,'controllers',1,1468),(2,1,NULL,NULL,'Actions',2,61),(3,2,NULL,NULL,'paramFilters',3,4),(4,2,NULL,NULL,'get_index',5,6),(5,2,NULL,NULL,'admin_index',7,8),(6,2,NULL,NULL,'post_add',9,10),(7,2,NULL,NULL,'get_add',11,12),(8,2,NULL,NULL,'admin_add',13,14),(9,2,NULL,NULL,'get_edit',15,16),(10,2,NULL,NULL,'post_edit',17,18),(11,2,NULL,NULL,'admin_edit',19,20),(12,2,NULL,NULL,'admin_deletemulti',21,22),(13,2,NULL,NULL,'admin_delete',23,24),(14,2,NULL,NULL,'recordsforpage',25,26),(15,2,NULL,NULL,'filterConfig',27,28),(16,2,NULL,NULL,'isRoot',29,30),(17,2,NULL,NULL,'setSidebarMenu',31,32),(18,2,NULL,NULL,'setHeaderMenu',33,34),(19,2,NULL,NULL,'is_Authorizate',35,36),(20,2,NULL,NULL,'getMethod',37,38),(21,2,NULL,NULL,'ajaxVariablesInit',39,40),(22,2,NULL,NULL,'installBase',41,42),(23,2,NULL,NULL,'syncACL',43,44),(24,2,NULL,NULL,'install_acl',45,46),(25,1,NULL,NULL,'Categories',62,121),(26,25,NULL,NULL,'paramFilters',63,64),(27,25,NULL,NULL,'get_index',65,66),(28,25,NULL,NULL,'admin_index',67,68),(29,25,NULL,NULL,'post_add',69,70),(30,25,NULL,NULL,'get_add',71,72),(31,25,NULL,NULL,'admin_add',73,74),(32,25,NULL,NULL,'get_edit',75,76),(33,25,NULL,NULL,'post_edit',77,78),(34,25,NULL,NULL,'admin_edit',79,80),(35,25,NULL,NULL,'admin_delete',81,82),(36,25,NULL,NULL,'admin_deletemulti',83,84),(37,25,NULL,NULL,'recordsforpage',85,86),(38,25,NULL,NULL,'filterConfig',87,88),(39,25,NULL,NULL,'isRoot',89,90),(40,25,NULL,NULL,'setSidebarMenu',91,92),(41,25,NULL,NULL,'setHeaderMenu',93,94),(42,25,NULL,NULL,'is_Authorizate',95,96),(43,25,NULL,NULL,'getMethod',97,98),(44,25,NULL,NULL,'ajaxVariablesInit',99,100),(45,25,NULL,NULL,'installBase',101,102),(46,25,NULL,NULL,'syncACL',103,104),(47,25,NULL,NULL,'install_acl',105,106),(48,1,NULL,NULL,'Groupactions',122,175),(49,48,NULL,NULL,'paramFilters',123,124),(50,48,NULL,NULL,'get_index',125,126),(51,48,NULL,NULL,'admin_index',127,128),(52,48,NULL,NULL,'post_add',129,130),(53,48,NULL,NULL,'admin_add',131,132),(54,48,NULL,NULL,'admin_delete',133,134),(55,48,NULL,NULL,'admin_deletemulti',135,136),(56,48,NULL,NULL,'admin_acl',137,138),(57,48,NULL,NULL,'recordsforpage',139,140),(58,48,NULL,NULL,'filterConfig',141,142),(59,48,NULL,NULL,'isRoot',143,144),(60,48,NULL,NULL,'setSidebarMenu',145,146),(61,48,NULL,NULL,'setHeaderMenu',147,148),(62,48,NULL,NULL,'is_Authorizate',149,150),(63,48,NULL,NULL,'getMethod',151,152),(64,48,NULL,NULL,'ajaxVariablesInit',153,154),(65,48,NULL,NULL,'installBase',155,156),(66,48,NULL,NULL,'syncACL',157,158),(67,48,NULL,NULL,'install_acl',159,160),(68,1,NULL,NULL,'Groups',176,235),(69,68,NULL,NULL,'paramFilters',177,178),(70,68,NULL,NULL,'get_index',179,180),(71,68,NULL,NULL,'admin_index',181,182),(72,68,NULL,NULL,'admin_delete',183,184),(73,68,NULL,NULL,'get_edit',185,186),(74,68,NULL,NULL,'post_edit',187,188),(75,68,NULL,NULL,'admin_edit',189,190),(76,68,NULL,NULL,'post_add',191,192),(77,68,NULL,NULL,'get_add',193,194),(78,68,NULL,NULL,'admin_add',195,196),(79,68,NULL,NULL,'admin_deletemulti',197,198),(80,68,NULL,NULL,'recordsforpage',199,200),(81,68,NULL,NULL,'filterConfig',201,202),(82,68,NULL,NULL,'isRoot',203,204),(83,68,NULL,NULL,'setSidebarMenu',205,206),(84,68,NULL,NULL,'setHeaderMenu',207,208),(85,68,NULL,NULL,'is_Authorizate',209,210),(86,68,NULL,NULL,'getMethod',211,212),(87,68,NULL,NULL,'ajaxVariablesInit',213,214),(88,68,NULL,NULL,'installBase',215,216),(89,68,NULL,NULL,'syncACL',217,218),(90,68,NULL,NULL,'install_acl',219,220),(91,1,NULL,NULL,'Modules',236,293),(92,91,NULL,NULL,'paramFilters',237,238),(93,91,NULL,NULL,'get_index',239,240),(94,91,NULL,NULL,'admin_index',241,242),(95,91,NULL,NULL,'post_add',243,244),(96,91,NULL,NULL,'admin_add',245,246),(97,91,NULL,NULL,'get_edit',247,248),(98,91,NULL,NULL,'post_edit',249,250),(99,91,NULL,NULL,'admin_edit',251,252),(100,91,NULL,NULL,'admin_delete',253,254),(101,91,NULL,NULL,'admin_deletemulti',255,256),(102,91,NULL,NULL,'recordsforpage',257,258),(103,91,NULL,NULL,'filterConfig',259,260),(104,91,NULL,NULL,'isRoot',261,262),(105,91,NULL,NULL,'setSidebarMenu',263,264),(106,91,NULL,NULL,'setHeaderMenu',265,266),(107,91,NULL,NULL,'is_Authorizate',267,268),(108,91,NULL,NULL,'getMethod',269,270),(109,91,NULL,NULL,'ajaxVariablesInit',271,272),(110,91,NULL,NULL,'installBase',273,274),(111,91,NULL,NULL,'syncACL',275,276),(112,91,NULL,NULL,'install_acl',277,278),(113,1,NULL,NULL,'Pages',294,333),(114,113,NULL,NULL,'display',295,296),(115,113,NULL,NULL,'recordsforpage',297,298),(116,113,NULL,NULL,'filterConfig',299,300),(117,113,NULL,NULL,'isRoot',301,302),(118,113,NULL,NULL,'setSidebarMenu',303,304),(119,113,NULL,NULL,'setHeaderMenu',305,306),(120,113,NULL,NULL,'is_Authorizate',307,308),(121,113,NULL,NULL,'getMethod',309,310),(122,113,NULL,NULL,'ajaxVariablesInit',311,312),(123,113,NULL,NULL,'installBase',313,314),(124,113,NULL,NULL,'syncACL',315,316),(125,113,NULL,NULL,'install_acl',317,318),(126,1,NULL,NULL,'Users',334,411),(127,126,NULL,NULL,'getConditionsRootGroup',335,336),(128,126,NULL,NULL,'getConditionsRootUser',337,338),(129,126,NULL,NULL,'admin_initDB',339,340),(130,126,NULL,NULL,'paramFilters',341,342),(131,126,NULL,NULL,'get_index',343,344),(132,126,NULL,NULL,'admin_index',345,346),(133,126,NULL,NULL,'post_add',347,348),(134,126,NULL,NULL,'admin_add',349,350),(135,126,NULL,NULL,'get_edit',351,352),(136,126,NULL,NULL,'post_edit',353,354),(137,126,NULL,NULL,'admin_edit',355,356),(138,126,NULL,NULL,'admin_delete',357,358),(139,126,NULL,NULL,'admin_deletemulti',359,360),(140,126,NULL,NULL,'post_resetpassword',361,362),(141,126,NULL,NULL,'admin_resetpassword',363,364),(142,126,NULL,NULL,'admin_home',365,366),(143,126,NULL,NULL,'get_login',367,368),(144,126,NULL,NULL,'post_login',369,370),(145,126,NULL,NULL,'admin_login',371,372),(146,126,NULL,NULL,'admin_logout',373,374),(147,126,NULL,NULL,'recordsforpage',375,376),(148,126,NULL,NULL,'filterConfig',377,378),(149,126,NULL,NULL,'isRoot',379,380),(150,126,NULL,NULL,'setSidebarMenu',381,382),(151,126,NULL,NULL,'setHeaderMenu',383,384),(152,126,NULL,NULL,'is_Authorizate',385,386),(153,126,NULL,NULL,'getMethod',387,388),(154,126,NULL,NULL,'ajaxVariablesInit',389,390),(155,126,NULL,NULL,'installBase',391,392),(156,126,NULL,NULL,'syncACL',393,394),(157,126,NULL,NULL,'install_acl',395,396),(158,1,NULL,NULL,'AclExtras',412,413),(159,1,NULL,NULL,'Companies',414,473),(160,159,NULL,NULL,'paramFilters',415,416),(161,159,NULL,NULL,'get_index',417,418),(162,159,NULL,NULL,'admin_index',419,420),(163,159,NULL,NULL,'post_add',421,422),(164,159,NULL,NULL,'get_add',423,424),(165,159,NULL,NULL,'admin_add',425,426),(166,159,NULL,NULL,'get_edit',427,428),(167,159,NULL,NULL,'post_edit',429,430),(168,159,NULL,NULL,'admin_edit',431,432),(169,159,NULL,NULL,'admin_delete',433,434),(170,159,NULL,NULL,'admin_deletemulti',435,436),(171,159,NULL,NULL,'recordsforpage',437,438),(172,159,NULL,NULL,'filterConfig',439,440),(173,159,NULL,NULL,'isRoot',441,442),(174,159,NULL,NULL,'setSidebarMenu',443,444),(175,159,NULL,NULL,'setHeaderMenu',445,446),(176,159,NULL,NULL,'is_Authorizate',447,448),(177,159,NULL,NULL,'getMethod',449,450),(178,159,NULL,NULL,'ajaxVariablesInit',451,452),(179,159,NULL,NULL,'installBase',453,454),(180,159,NULL,NULL,'syncACL',455,456),(181,159,NULL,NULL,'install_acl',457,458),(190,1,NULL,NULL,'Corporations',474,533),(191,190,NULL,NULL,'paramFilters',475,476),(192,190,NULL,NULL,'get_index',477,478),(193,190,NULL,NULL,'admin_index',479,480),(194,190,NULL,NULL,'post_add',481,482),(195,190,NULL,NULL,'get_add',483,484),(196,190,NULL,NULL,'admin_add',485,486),(197,190,NULL,NULL,'get_edit',487,488),(198,190,NULL,NULL,'post_edit',489,490),(199,190,NULL,NULL,'admin_edit',491,492),(200,190,NULL,NULL,'admin_delete',493,494),(201,190,NULL,NULL,'admin_deletemulti',495,496),(202,190,NULL,NULL,'recordsforpage',497,498),(203,190,NULL,NULL,'filterConfig',499,500),(204,190,NULL,NULL,'isRoot',501,502),(205,190,NULL,NULL,'setSidebarMenu',503,504),(206,190,NULL,NULL,'setHeaderMenu',505,506),(207,190,NULL,NULL,'is_Authorizate',507,508),(208,190,NULL,NULL,'getMethod',509,510),(209,190,NULL,NULL,'ajaxVariablesInit',511,512),(210,190,NULL,NULL,'installBase',513,514),(211,190,NULL,NULL,'syncACL',515,516),(212,190,NULL,NULL,'install_acl',517,518),(213,1,NULL,NULL,'Welcome',534,573),(214,213,NULL,NULL,'admin_index',535,536),(215,213,NULL,NULL,'recordsforpage',537,538),(216,213,NULL,NULL,'filterConfig',539,540),(217,213,NULL,NULL,'isRoot',541,542),(218,213,NULL,NULL,'setSidebarMenu',543,544),(219,213,NULL,NULL,'setHeaderMenu',545,546),(220,213,NULL,NULL,'is_Authorizate',547,548),(221,213,NULL,NULL,'getMethod',549,550),(222,213,NULL,NULL,'ajaxVariablesInit',551,552),(223,213,NULL,NULL,'installBase',553,554),(224,213,NULL,NULL,'syncACL',555,556),(225,213,NULL,NULL,'install_acl',557,558),(226,2,NULL,NULL,'getlocalesValidates',47,48),(227,2,NULL,NULL,'readWithLocale',49,50),(228,2,NULL,NULL,'getlocales',51,52),(229,2,NULL,NULL,'validationLocale',53,54),(230,25,NULL,NULL,'getlocalesValidates',107,108),(231,25,NULL,NULL,'readWithLocale',109,110),(232,25,NULL,NULL,'getlocales',111,112),(233,25,NULL,NULL,'validationLocale',113,114),(234,159,NULL,NULL,'getlocalesValidates',459,460),(235,159,NULL,NULL,'readWithLocale',461,462),(236,159,NULL,NULL,'getlocales',463,464),(237,159,NULL,NULL,'validationLocale',465,466),(238,190,NULL,NULL,'getlocalesValidates',519,520),(239,190,NULL,NULL,'readWithLocale',521,522),(240,190,NULL,NULL,'getlocales',523,524),(241,190,NULL,NULL,'validationLocale',525,526),(242,48,NULL,NULL,'getlocalesValidates',161,162),(243,48,NULL,NULL,'readWithLocale',163,164),(244,48,NULL,NULL,'getlocales',165,166),(245,48,NULL,NULL,'validationLocale',167,168),(246,68,NULL,NULL,'getlocalesValidates',221,222),(247,68,NULL,NULL,'readWithLocale',223,224),(248,68,NULL,NULL,'getlocales',225,226),(249,68,NULL,NULL,'validationLocale',227,228),(250,91,NULL,NULL,'getlocalesValidates',279,280),(251,91,NULL,NULL,'readWithLocale',281,282),(252,91,NULL,NULL,'getlocales',283,284),(253,91,NULL,NULL,'validationLocale',285,286),(254,113,NULL,NULL,'getlocalesValidates',319,320),(255,113,NULL,NULL,'readWithLocale',321,322),(256,113,NULL,NULL,'getlocales',323,324),(257,113,NULL,NULL,'validationLocale',325,326),(258,126,NULL,NULL,'getlocalesValidates',397,398),(259,126,NULL,NULL,'readWithLocale',399,400),(260,126,NULL,NULL,'getlocales',401,402),(261,126,NULL,NULL,'validationLocale',403,404),(262,213,NULL,NULL,'getlocalesValidates',559,560),(263,213,NULL,NULL,'readWithLocale',561,562),(264,213,NULL,NULL,'getlocales',563,564),(265,213,NULL,NULL,'validationLocale',565,566),(266,1,NULL,NULL,'Questionnaires',574,633),(267,266,NULL,NULL,'paramFilters',575,576),(268,266,NULL,NULL,'get_index',577,578),(269,266,NULL,NULL,'admin_index',579,580),(270,266,NULL,NULL,'post_add',581,582),(271,266,NULL,NULL,'get_add',583,584),(272,266,NULL,NULL,'admin_add',585,586),(273,266,NULL,NULL,'get_edit',587,588),(274,266,NULL,NULL,'post_edit',589,590),(275,266,NULL,NULL,'admin_edit',591,592),(276,266,NULL,NULL,'admin_delete',593,594),(277,266,NULL,NULL,'admin_deletemulti',595,596),(278,266,NULL,NULL,'recordsforpage',597,598),(279,266,NULL,NULL,'filterConfig',599,600),(280,266,NULL,NULL,'getlocalesValidates',601,602),(281,266,NULL,NULL,'readWithLocale',603,604),(282,266,NULL,NULL,'getlocales',605,606),(283,266,NULL,NULL,'isRoot',607,608),(284,266,NULL,NULL,'validationLocale',609,610),(285,266,NULL,NULL,'setSidebarMenu',611,612),(286,266,NULL,NULL,'setHeaderMenu',613,614),(287,266,NULL,NULL,'is_Authorizate',615,616),(288,266,NULL,NULL,'getMethod',617,618),(289,266,NULL,NULL,'ajaxVariablesInit',619,620),(290,266,NULL,NULL,'installBase',621,622),(291,266,NULL,NULL,'syncACL',623,624),(292,266,NULL,NULL,'install_acl',625,626),(320,1,NULL,NULL,'Sections',634,693),(321,320,NULL,NULL,'paramFilters',635,636),(322,320,NULL,NULL,'get_index',637,638),(323,320,NULL,NULL,'admin_index',639,640),(324,320,NULL,NULL,'post_add',641,642),(325,320,NULL,NULL,'get_add',643,644),(326,320,NULL,NULL,'admin_add',645,646),(327,320,NULL,NULL,'get_edit',647,648),(328,320,NULL,NULL,'post_edit',649,650),(329,320,NULL,NULL,'admin_edit',651,652),(330,320,NULL,NULL,'admin_delete',653,654),(331,320,NULL,NULL,'admin_deletemulti',655,656),(332,320,NULL,NULL,'recordsforpage',657,658),(333,320,NULL,NULL,'filterConfig',659,660),(334,320,NULL,NULL,'getlocalesValidates',661,662),(335,320,NULL,NULL,'readWithLocale',663,664),(336,320,NULL,NULL,'getlocales',665,666),(337,320,NULL,NULL,'isRoot',667,668),(338,320,NULL,NULL,'validationLocale',669,670),(339,320,NULL,NULL,'setSidebarMenu',671,672),(340,320,NULL,NULL,'setHeaderMenu',673,674),(341,320,NULL,NULL,'is_Authorizate',675,676),(342,320,NULL,NULL,'getMethod',677,678),(343,320,NULL,NULL,'ajaxVariablesInit',679,680),(344,320,NULL,NULL,'installBase',681,682),(345,320,NULL,NULL,'syncACL',683,684),(346,320,NULL,NULL,'install_acl',685,686),(347,1,NULL,NULL,'Questions',694,753),(348,347,NULL,NULL,'paramFilters',695,696),(349,347,NULL,NULL,'get_index',697,698),(350,347,NULL,NULL,'admin_index',699,700),(351,347,NULL,NULL,'post_add',701,702),(352,347,NULL,NULL,'get_add',703,704),(353,347,NULL,NULL,'admin_add',705,706),(354,347,NULL,NULL,'get_edit',707,708),(355,347,NULL,NULL,'post_edit',709,710),(356,347,NULL,NULL,'admin_edit',711,712),(357,347,NULL,NULL,'admin_delete',713,714),(358,347,NULL,NULL,'admin_deletemulti',715,716),(359,347,NULL,NULL,'recordsforpage',717,718),(360,347,NULL,NULL,'filterConfig',719,720),(361,347,NULL,NULL,'getlocalesValidates',721,722),(362,347,NULL,NULL,'readWithLocale',723,724),(363,347,NULL,NULL,'getlocales',725,726),(364,347,NULL,NULL,'isRoot',727,728),(365,347,NULL,NULL,'validationLocale',729,730),(366,347,NULL,NULL,'setSidebarMenu',731,732),(367,347,NULL,NULL,'setHeaderMenu',733,734),(368,347,NULL,NULL,'is_Authorizate',735,736),(369,347,NULL,NULL,'getMethod',737,738),(370,347,NULL,NULL,'ajaxVariablesInit',739,740),(371,347,NULL,NULL,'installBase',741,742),(372,347,NULL,NULL,'syncACL',743,744),(373,347,NULL,NULL,'install_acl',745,746),(374,1,NULL,NULL,'Answers',754,813),(375,374,NULL,NULL,'paramFilters',755,756),(376,374,NULL,NULL,'get_index',757,758),(377,374,NULL,NULL,'admin_index',759,760),(378,374,NULL,NULL,'post_add',761,762),(379,374,NULL,NULL,'get_add',763,764),(380,374,NULL,NULL,'admin_add',765,766),(381,374,NULL,NULL,'get_edit',767,768),(382,374,NULL,NULL,'post_edit',769,770),(383,374,NULL,NULL,'admin_edit',771,772),(384,374,NULL,NULL,'admin_delete',773,774),(385,374,NULL,NULL,'admin_deletemulti',775,776),(386,374,NULL,NULL,'recordsforpage',777,778),(387,374,NULL,NULL,'filterConfig',779,780),(388,374,NULL,NULL,'getlocalesValidates',781,782),(389,374,NULL,NULL,'readWithLocale',783,784),(390,374,NULL,NULL,'getlocales',785,786),(391,374,NULL,NULL,'isRoot',787,788),(392,374,NULL,NULL,'validationLocale',789,790),(393,374,NULL,NULL,'setSidebarMenu',791,792),(394,374,NULL,NULL,'setHeaderMenu',793,794),(395,374,NULL,NULL,'is_Authorizate',795,796),(396,374,NULL,NULL,'getMethod',797,798),(397,374,NULL,NULL,'ajaxVariablesInit',799,800),(398,374,NULL,NULL,'installBase',801,802),(399,374,NULL,NULL,'syncACL',803,804),(400,374,NULL,NULL,'install_acl',805,806),(401,1,NULL,NULL,'Companyquestionnaires',814,865),(402,401,NULL,NULL,'paramFilters',815,816),(403,401,NULL,NULL,'get_index',817,818),(404,401,NULL,NULL,'admin_index',819,820),(405,401,NULL,NULL,'post_add',821,822),(406,401,NULL,NULL,'admin_add',823,824),(407,401,NULL,NULL,'admin_delete',825,826),(408,401,NULL,NULL,'admin_deletemulti',827,828),(409,401,NULL,NULL,'recordsforpage',829,830),(410,401,NULL,NULL,'filterConfig',831,832),(411,401,NULL,NULL,'getlocalesValidates',833,834),(412,401,NULL,NULL,'readWithLocale',835,836),(413,401,NULL,NULL,'getlocales',837,838),(414,401,NULL,NULL,'isRoot',839,840),(415,401,NULL,NULL,'validationLocale',841,842),(416,401,NULL,NULL,'setSidebarMenu',843,844),(417,401,NULL,NULL,'setHeaderMenu',845,846),(418,401,NULL,NULL,'is_Authorizate',847,848),(419,401,NULL,NULL,'getMethod',849,850),(420,401,NULL,NULL,'ajaxVariablesInit',851,852),(421,401,NULL,NULL,'installBase',853,854),(422,401,NULL,NULL,'syncACL',855,856),(423,401,NULL,NULL,'install_acl',857,858),(424,1,NULL,NULL,'Autoevaluations',866,927),(425,424,NULL,NULL,'paramFilters',867,868),(426,424,NULL,NULL,'get_index',869,870),(427,424,NULL,NULL,'admin_index',871,872),(428,424,NULL,NULL,'post_add',873,874),(429,424,NULL,NULL,'get_add',875,876),(430,424,NULL,NULL,'admin_add',877,878),(431,424,NULL,NULL,'get_edit',879,880),(432,424,NULL,NULL,'post_edit',881,882),(433,424,NULL,NULL,'admin_edit',883,884),(434,424,NULL,NULL,'admin_delete',885,886),(435,424,NULL,NULL,'admin_deletemulti',887,888),(436,424,NULL,NULL,'recordsforpage',889,890),(437,424,NULL,NULL,'filterConfig',891,892),(438,424,NULL,NULL,'getlocalesValidates',893,894),(439,424,NULL,NULL,'readWithLocale',895,896),(440,424,NULL,NULL,'getlocales',897,898),(441,424,NULL,NULL,'isRoot',899,900),(442,424,NULL,NULL,'validationLocale',901,902),(443,424,NULL,NULL,'setSidebarMenu',903,904),(444,424,NULL,NULL,'setHeaderMenu',905,906),(445,424,NULL,NULL,'is_Authorizate',907,908),(446,424,NULL,NULL,'getMethod',909,910),(447,424,NULL,NULL,'ajaxVariablesInit',911,912),(448,424,NULL,NULL,'installBase',913,914),(449,424,NULL,NULL,'syncACL',915,916),(450,424,NULL,NULL,'install_acl',917,918),(451,424,NULL,NULL,'admin_view',919,920),(452,2,NULL,NULL,'beforeFind',55,56),(453,374,NULL,NULL,'beforeFind',807,808),(454,424,NULL,NULL,'beforeFind',921,922),(455,25,NULL,NULL,'beforeFind',115,116),(456,159,NULL,NULL,'beforeFind',467,468),(457,401,NULL,NULL,'beforeFind',859,860),(458,190,NULL,NULL,'beforeFind',527,528),(459,48,NULL,NULL,'beforeFind',169,170),(460,68,NULL,NULL,'beforeFind',229,230),(461,91,NULL,NULL,'beforeFind',287,288),(462,1,NULL,NULL,'Nodetypes',928,985),(463,462,NULL,NULL,'paramFilters',929,930),(464,462,NULL,NULL,'get_index',931,932),(465,462,NULL,NULL,'admin_index',933,934),(466,462,NULL,NULL,'post_add',935,936),(467,462,NULL,NULL,'admin_add',937,938),(468,462,NULL,NULL,'get_edit',939,940),(469,462,NULL,NULL,'post_edit',941,942),(470,462,NULL,NULL,'admin_edit',943,944),(471,462,NULL,NULL,'admin_delete',945,946),(472,462,NULL,NULL,'admin_deletemulti',947,948),(473,462,NULL,NULL,'beforeFind',949,950),(474,462,NULL,NULL,'recordsforpage',951,952),(475,462,NULL,NULL,'filterConfig',953,954),(476,462,NULL,NULL,'getlocalesValidates',955,956),(477,462,NULL,NULL,'readWithLocale',957,958),(478,462,NULL,NULL,'getlocales',959,960),(479,462,NULL,NULL,'isRoot',961,962),(480,462,NULL,NULL,'validationLocale',963,964),(481,462,NULL,NULL,'setSidebarMenu',965,966),(482,462,NULL,NULL,'setHeaderMenu',967,968),(483,462,NULL,NULL,'is_Authorizate',969,970),(484,462,NULL,NULL,'getMethod',971,972),(485,462,NULL,NULL,'ajaxVariablesInit',973,974),(486,462,NULL,NULL,'installBase',975,976),(487,462,NULL,NULL,'syncACL',977,978),(488,462,NULL,NULL,'install_acl',979,980),(489,113,NULL,NULL,'beforeFind',327,328),(490,266,NULL,NULL,'beforeFind',627,628),(491,347,NULL,NULL,'beforeFind',747,748),(492,320,NULL,NULL,'beforeFind',687,688),(493,126,NULL,NULL,'beforeFind',405,406),(494,213,NULL,NULL,'beforeFind',567,568),(495,1,NULL,NULL,'Nodesources',986,1043),(496,495,NULL,NULL,'paramFilters',987,988),(497,495,NULL,NULL,'get_index',989,990),(498,495,NULL,NULL,'admin_index',991,992),(499,495,NULL,NULL,'post_add',993,994),(500,495,NULL,NULL,'admin_add',995,996),(501,495,NULL,NULL,'get_edit',997,998),(502,495,NULL,NULL,'post_edit',999,1000),(503,495,NULL,NULL,'admin_edit',1001,1002),(504,495,NULL,NULL,'admin_delete',1003,1004),(505,495,NULL,NULL,'admin_deletemulti',1005,1006),(506,495,NULL,NULL,'beforeFind',1007,1008),(507,495,NULL,NULL,'recordsforpage',1009,1010),(508,495,NULL,NULL,'filterConfig',1011,1012),(509,495,NULL,NULL,'getlocalesValidates',1013,1014),(510,495,NULL,NULL,'readWithLocale',1015,1016),(511,495,NULL,NULL,'getlocales',1017,1018),(512,495,NULL,NULL,'isRoot',1019,1020),(513,495,NULL,NULL,'validationLocale',1021,1022),(514,495,NULL,NULL,'setSidebarMenu',1023,1024),(515,495,NULL,NULL,'setHeaderMenu',1025,1026),(516,495,NULL,NULL,'is_Authorizate',1027,1028),(517,495,NULL,NULL,'getMethod',1029,1030),(518,495,NULL,NULL,'ajaxVariablesInit',1031,1032),(519,495,NULL,NULL,'installBase',1033,1034),(520,495,NULL,NULL,'syncACL',1035,1036),(521,495,NULL,NULL,'install_acl',1037,1038),(576,1,NULL,NULL,'Nodos',1044,1101),(577,576,NULL,NULL,'paramFilters',1045,1046),(578,576,NULL,NULL,'get_index',1047,1048),(579,576,NULL,NULL,'admin_index',1049,1050),(580,576,NULL,NULL,'post_add',1051,1052),(581,576,NULL,NULL,'admin_add',1053,1054),(582,576,NULL,NULL,'get_edit',1055,1056),(583,576,NULL,NULL,'post_edit',1057,1058),(584,576,NULL,NULL,'admin_edit',1059,1060),(585,576,NULL,NULL,'admin_delete',1061,1062),(586,576,NULL,NULL,'admin_deletemulti',1063,1064),(587,576,NULL,NULL,'beforeFind',1065,1066),(588,576,NULL,NULL,'recordsforpage',1067,1068),(589,576,NULL,NULL,'filterConfig',1069,1070),(590,576,NULL,NULL,'getlocalesValidates',1071,1072),(591,576,NULL,NULL,'readWithLocale',1073,1074),(592,576,NULL,NULL,'getlocales',1075,1076),(593,576,NULL,NULL,'isRoot',1077,1078),(594,576,NULL,NULL,'validationLocale',1079,1080),(595,576,NULL,NULL,'setSidebarMenu',1081,1082),(596,576,NULL,NULL,'setHeaderMenu',1083,1084),(597,576,NULL,NULL,'is_Authorizate',1085,1086),(598,576,NULL,NULL,'getMethod',1087,1088),(599,576,NULL,NULL,'ajaxVariablesInit',1089,1090),(600,576,NULL,NULL,'installBase',1091,1092),(601,576,NULL,NULL,'syncACL',1093,1094),(602,576,NULL,NULL,'install_acl',1095,1096),(625,1,NULL,NULL,'Nodes',1102,1165),(626,625,NULL,NULL,'paramFilters',1103,1104),(627,625,NULL,NULL,'get_index',1105,1106),(628,625,NULL,NULL,'admin_index',1107,1108),(629,625,NULL,NULL,'post_add',1109,1110),(630,625,NULL,NULL,'get_add',1111,1112),(631,625,NULL,NULL,'admin_add',1113,1114),(632,625,NULL,NULL,'get_edit',1115,1116),(633,625,NULL,NULL,'post_edit',1117,1118),(634,625,NULL,NULL,'admin_edit',1119,1120),(635,625,NULL,NULL,'admin_delete',1121,1122),(636,625,NULL,NULL,'admin_deletemulti',1123,1124),(637,625,NULL,NULL,'beforeFind',1125,1126),(638,625,NULL,NULL,'recordsforpage',1127,1128),(639,625,NULL,NULL,'filterConfig',1129,1130),(640,625,NULL,NULL,'getlocalesValidates',1131,1132),(641,625,NULL,NULL,'readWithLocale',1133,1134),(642,625,NULL,NULL,'getlocales',1135,1136),(643,625,NULL,NULL,'isRoot',1137,1138),(644,625,NULL,NULL,'validationLocale',1139,1140),(645,625,NULL,NULL,'setSidebarMenu',1141,1142),(646,625,NULL,NULL,'setHeaderMenu',1143,1144),(647,625,NULL,NULL,'is_Authorizate',1145,1146),(648,625,NULL,NULL,'getMethod',1147,1148),(649,625,NULL,NULL,'ajaxVariablesInit',1149,1150),(650,625,NULL,NULL,'installBase',1151,1152),(651,625,NULL,NULL,'syncACL',1153,1154),(652,625,NULL,NULL,'install_acl',1155,1156),(653,2,NULL,NULL,'ymd2dmy',57,58),(654,374,NULL,NULL,'ymd2dmy',809,810),(655,424,NULL,NULL,'ymd2dmy',923,924),(656,25,NULL,NULL,'ymd2dmy',117,118),(657,159,NULL,NULL,'ymd2dmy',469,470),(658,401,NULL,NULL,'ymd2dmy',861,862),(659,190,NULL,NULL,'ymd2dmy',529,530),(660,48,NULL,NULL,'ymd2dmy',171,172),(661,68,NULL,NULL,'ymd2dmy',231,232),(662,91,NULL,NULL,'ymd2dmy',289,290),(663,625,NULL,NULL,'ymd2dmy',1157,1158),(664,495,NULL,NULL,'ymd2dmy',1039,1040),(665,1,NULL,NULL,'Nodestatuses',1166,1223),(666,665,NULL,NULL,'paramFilters',1167,1168),(667,665,NULL,NULL,'get_index',1169,1170),(668,665,NULL,NULL,'admin_index',1171,1172),(669,665,NULL,NULL,'post_add',1173,1174),(670,665,NULL,NULL,'admin_add',1175,1176),(671,665,NULL,NULL,'get_edit',1177,1178),(672,665,NULL,NULL,'post_edit',1179,1180),(673,665,NULL,NULL,'admin_edit',1181,1182),(674,665,NULL,NULL,'admin_delete',1183,1184),(675,665,NULL,NULL,'admin_deletemulti',1185,1186),(676,665,NULL,NULL,'beforeFind',1187,1188),(677,665,NULL,NULL,'recordsforpage',1189,1190),(678,665,NULL,NULL,'filterConfig',1191,1192),(679,665,NULL,NULL,'getlocalesValidates',1193,1194),(680,665,NULL,NULL,'readWithLocale',1195,1196),(681,665,NULL,NULL,'getlocales',1197,1198),(682,665,NULL,NULL,'isRoot',1199,1200),(683,665,NULL,NULL,'validationLocale',1201,1202),(684,665,NULL,NULL,'setSidebarMenu',1203,1204),(685,665,NULL,NULL,'setHeaderMenu',1205,1206),(686,665,NULL,NULL,'is_Authorizate',1207,1208),(687,665,NULL,NULL,'getMethod',1209,1210),(688,665,NULL,NULL,'ajaxVariablesInit',1211,1212),(689,665,NULL,NULL,'installBase',1213,1214),(690,665,NULL,NULL,'syncACL',1215,1216),(691,665,NULL,NULL,'install_acl',1217,1218),(692,665,NULL,NULL,'ymd2dmy',1219,1220),(693,462,NULL,NULL,'ymd2dmy',981,982),(694,576,NULL,NULL,'ymd2dmy',1097,1098),(695,113,NULL,NULL,'ymd2dmy',329,330),(696,266,NULL,NULL,'ymd2dmy',629,630),(697,347,NULL,NULL,'ymd2dmy',749,750),(698,320,NULL,NULL,'ymd2dmy',689,690),(700,126,NULL,NULL,'ymd2dmy',407,408),(701,213,NULL,NULL,'ymd2dmy',569,570),(702,2,NULL,NULL,'redirectCustom',59,60),(703,374,NULL,NULL,'redirectCustom',811,812),(704,424,NULL,NULL,'redirectCustom',925,926),(705,25,NULL,NULL,'redirectCustom',119,120),(706,159,NULL,NULL,'redirectCustom',471,472),(707,401,NULL,NULL,'redirectCustom',863,864),(708,190,NULL,NULL,'redirectCustom',531,532),(709,48,NULL,NULL,'redirectCustom',173,174),(710,68,NULL,NULL,'redirectCustom',233,234),(711,91,NULL,NULL,'redirectCustom',291,292),(712,625,NULL,NULL,'redirectCustom',1159,1160),(713,495,NULL,NULL,'redirectCustom',1041,1042),(714,665,NULL,NULL,'redirectCustom',1221,1222),(715,462,NULL,NULL,'redirectCustom',983,984),(716,576,NULL,NULL,'redirectCustom',1099,1100),(717,113,NULL,NULL,'redirectCustom',331,332),(718,266,NULL,NULL,'redirectCustom',631,632),(719,347,NULL,NULL,'redirectCustom',751,752),(720,320,NULL,NULL,'redirectCustom',691,692),(723,126,NULL,NULL,'redirectCustom',409,410),(724,213,NULL,NULL,'redirectCustom',571,572),(728,1,NULL,NULL,'Nodenodes',1224,1263),(729,728,NULL,NULL,'admin_delete',1225,1226),(730,728,NULL,NULL,'beforeFind',1227,1228),(731,728,NULL,NULL,'recordsforpage',1229,1230),(732,728,NULL,NULL,'filterConfig',1231,1232),(733,728,NULL,NULL,'getlocalesValidates',1233,1234),(734,728,NULL,NULL,'readWithLocale',1235,1236),(735,728,NULL,NULL,'getlocales',1237,1238),(736,728,NULL,NULL,'isRoot',1239,1240),(737,728,NULL,NULL,'validationLocale',1241,1242),(738,728,NULL,NULL,'setSidebarMenu',1243,1244),(739,728,NULL,NULL,'setHeaderMenu',1245,1246),(740,728,NULL,NULL,'is_Authorizate',1247,1248),(741,728,NULL,NULL,'getMethod',1249,1250),(742,728,NULL,NULL,'ajaxVariablesInit',1251,1252),(743,728,NULL,NULL,'installBase',1253,1254),(744,728,NULL,NULL,'syncACL',1255,1256),(745,728,NULL,NULL,'install_acl',1257,1258),(746,728,NULL,NULL,'ymd2dmy',1259,1260),(747,728,NULL,NULL,'redirectCustom',1261,1262),(748,625,NULL,NULL,'admin_deleterelation',1161,1162),(755,1,NULL,NULL,'Entities',1264,1349),(756,755,NULL,NULL,'admin_index',1265,1266),(757,755,NULL,NULL,'admin_woupdate',1267,1268),(758,755,NULL,NULL,'admin_inventory',1269,1270),(759,755,NULL,NULL,'admin_weakness',1271,1272),(760,755,NULL,NULL,'admin_perspective',1273,1274),(761,755,NULL,NULL,'admin_strategy',1275,1276),(762,755,NULL,NULL,'admin_mission',1277,1278),(763,755,NULL,NULL,'admin_vision',1279,1280),(764,755,NULL,NULL,'admin_objective',1281,1282),(765,755,NULL,NULL,'admin_politics',1283,1284),(766,755,NULL,NULL,'admin_maturity',1285,1286),(767,755,NULL,NULL,'admin_add',1287,1288),(768,755,NULL,NULL,'admin_hello',1289,1290),(769,755,NULL,NULL,'admin_selentities',1291,1292),(770,755,NULL,NULL,'admin_addentityrel',1293,1294),(771,755,NULL,NULL,'beforeFind',1295,1296),(772,755,NULL,NULL,'recordsforpage',1297,1298),(773,755,NULL,NULL,'filterConfig',1299,1300),(774,755,NULL,NULL,'getlocalesValidates',1301,1302),(775,755,NULL,NULL,'readWithLocale',1303,1304),(776,755,NULL,NULL,'getlocales',1305,1306),(777,755,NULL,NULL,'isRoot',1307,1308),(778,755,NULL,NULL,'validationLocale',1309,1310),(779,755,NULL,NULL,'setSidebarMenu',1311,1312),(780,755,NULL,NULL,'setHeaderMenu',1313,1314),(781,755,NULL,NULL,'is_Authorizate',1315,1316),(782,755,NULL,NULL,'getMethod',1317,1318),(783,755,NULL,NULL,'ajaxVariablesInit',1319,1320),(784,755,NULL,NULL,'installBase',1321,1322),(785,755,NULL,NULL,'syncACL',1323,1324),(786,755,NULL,NULL,'install_acl',1325,1326),(787,755,NULL,NULL,'ymd2dmy',1327,1328),(788,755,NULL,NULL,'redirectCustom',1329,1330),(789,755,NULL,NULL,'admin_commitment',1331,1332),(790,755,NULL,NULL,'admin_expectation',1333,1334),(791,755,NULL,NULL,'admin_program',1335,1336),(792,755,NULL,NULL,'admin_activity',1337,1338),(793,755,NULL,NULL,'admin_iniciative',1339,1340),(794,755,NULL,NULL,'admin_project',1341,1342),(795,755,NULL,NULL,'admin_course',1343,1344),(796,755,NULL,NULL,'admin_task',1345,1346),(797,1,NULL,NULL,'Nodepriorities',1350,1407),(798,797,NULL,NULL,'paramFilters',1351,1352),(799,797,NULL,NULL,'get_index',1353,1354),(800,797,NULL,NULL,'admin_index',1355,1356),(801,797,NULL,NULL,'post_add',1357,1358),(802,797,NULL,NULL,'admin_add',1359,1360),(803,797,NULL,NULL,'get_edit',1361,1362),(804,797,NULL,NULL,'post_edit',1363,1364),(805,797,NULL,NULL,'admin_edit',1365,1366),(806,797,NULL,NULL,'admin_delete',1367,1368),(807,797,NULL,NULL,'admin_deletemulti',1369,1370),(808,797,NULL,NULL,'beforeFind',1371,1372),(809,797,NULL,NULL,'recordsforpage',1373,1374),(810,797,NULL,NULL,'filterConfig',1375,1376),(811,797,NULL,NULL,'getlocalesValidates',1377,1378),(812,797,NULL,NULL,'readWithLocale',1379,1380),(813,797,NULL,NULL,'getlocales',1381,1382),(814,797,NULL,NULL,'isRoot',1383,1384),(815,797,NULL,NULL,'validationLocale',1385,1386),(816,797,NULL,NULL,'setSidebarMenu',1387,1388),(817,797,NULL,NULL,'setHeaderMenu',1389,1390),(818,797,NULL,NULL,'is_Authorizate',1391,1392),(819,797,NULL,NULL,'getMethod',1393,1394),(820,797,NULL,NULL,'ajaxVariablesInit',1395,1396),(821,797,NULL,NULL,'installBase',1397,1398),(822,797,NULL,NULL,'syncACL',1399,1400),(823,797,NULL,NULL,'install_acl',1401,1402),(824,797,NULL,NULL,'ymd2dmy',1403,1404),(825,797,NULL,NULL,'redirectCustom',1405,1406),(826,755,NULL,NULL,'admin_addpredecessor',1347,1348),(827,1,NULL,NULL,'Indicators',1408,1467),(828,827,NULL,NULL,'paramFilters',1409,1410),(829,827,NULL,NULL,'get_index',1411,1412),(830,827,NULL,NULL,'admin_index',1413,1414),(831,827,NULL,NULL,'post_add',1415,1416),(832,827,NULL,NULL,'get_add',1417,1418),(833,827,NULL,NULL,'admin_add',1419,1420),(834,827,NULL,NULL,'get_edit',1421,1422),(835,827,NULL,NULL,'post_edit',1423,1424),(836,827,NULL,NULL,'admin_edit',1425,1426),(837,827,NULL,NULL,'admin_delete',1427,1428),(838,827,NULL,NULL,'admin_deletemulti',1429,1430),(839,827,NULL,NULL,'beforeFind',1431,1432),(840,827,NULL,NULL,'recordsforpage',1433,1434),(841,827,NULL,NULL,'filterConfig',1435,1436),(842,827,NULL,NULL,'getlocalesValidates',1437,1438),(843,827,NULL,NULL,'readWithLocale',1439,1440),(844,827,NULL,NULL,'getlocales',1441,1442),(845,827,NULL,NULL,'isRoot',1443,1444),(846,827,NULL,NULL,'validationLocale',1445,1446),(847,827,NULL,NULL,'setSidebarMenu',1447,1448),(848,827,NULL,NULL,'setHeaderMenu',1449,1450),(849,827,NULL,NULL,'is_Authorizate',1451,1452),(850,827,NULL,NULL,'getMethod',1453,1454),(851,827,NULL,NULL,'ajaxVariablesInit',1455,1456),(852,827,NULL,NULL,'installBase',1457,1458),(853,827,NULL,NULL,'syncACL',1459,1460),(854,827,NULL,NULL,'install_acl',1461,1462),(855,827,NULL,NULL,'ymd2dmy',1463,1464),(856,827,NULL,NULL,'redirectCustom',1465,1466),(857,625,NULL,NULL,'admin_deletepredecessor',1163,1164);
/*!40000 ALTER TABLE `acos` ENABLE KEYS */;
UNLOCK TABLES;

--
-- Table structure for table `actions`
--

DROP TABLE IF EXISTS `actions`;
/*!40101 SET @saved_cs_client     = @@character_set_client */;
/*!40101 SET character_set_client = utf8 */;
CREATE TABLE `actions` (
  `id` int(11) NOT NULL AUTO_INCREMENT,
  `name` varchar(255) NOT NULL,
  `url` varchar(255) NOT NULL,
  `order` int(2) NOT NULL,
  `category_id` int(11) NOT NULL,
  `created` datetime NOT NULL,
  `modified` datetime NOT NULL,
  PRIMARY KEY (`id`),
  KEY `fk_actions_categories1_idx` (`category_id`),
  CONSTRAINT `fk_actions_categories1` FOREIGN KEY (`category_id`) REFERENCES `categories` (`id`) ON DELETE NO ACTION ON UPDATE NO ACTION
) ENGINE=InnoDB AUTO_INCREMENT=71 DEFAULT CHARSET=latin1;
/*!40101 SET character_set_client = @saved_cs_client */;

--
-- Dumping data for table `actions`
--

LOCK TABLES `actions` WRITE;
/*!40000 ALTER TABLE `actions` DISABLE KEYS */;
INSERT INTO `actions` VALUES (30,'CategorÃ­as : Listado','/admin/categories/index',0,16,'2015-10-14 15:52:17','2015-10-14 15:52:17'),(31,'Corporaciones : Listado','/admin/corporations/index',0,10,'2015-10-14 15:52:37','2015-10-14 15:52:37'),(32,'Empresas : Listado','/admin/companies/index',0,11,'2015-10-14 15:52:59','2015-10-14 15:52:59'),(33,'Funciones : Listado','/admin/actions/index',0,17,'2015-10-14 15:53:55','2015-10-14 15:53:55'),(34,'Grupos : Listado','/admin/groups/index',0,14,'2015-10-14 15:54:19','2015-10-14 15:54:19'),(35,'Modulos : Listado','/admin/modules/index',0,15,'2015-10-14 15:54:40','2015-10-14 15:54:40'),(36,'Permisos : ACL','/admin/groupactions/acl',1,18,'2015-10-14 15:55:11','2015-10-14 15:55:11'),(37,'Permisos : Listado','/admin/groupactions/index',0,18,'2015-10-14 15:55:33','2015-10-14 15:55:33'),(38,'Usuarios : Listado','/admin/users/index',0,12,'2015-10-14 15:55:58','2015-10-14 15:55:58'),(39,'Usuarios : Sync','/admin/users/initDB',1,12,'2015-10-14 15:56:20','2015-10-14 15:56:20'),(40,'Administrar Cuestionarios','/admin/questionnaires/index/',0,19,'2015-10-16 11:09:31','2015-10-16 11:09:31'),(41,'Administrar Secciones','/admin/sections/index/',1,19,'2015-10-16 13:59:32','2015-10-17 11:07:24'),(42,'Administrar Preguntas','/admin/questions/index/ ',2,19,'2015-10-16 19:43:49','2015-10-17 11:07:30'),(43,'Administrar Respuestas','/admin/answers/index/',5,19,'2015-10-16 21:01:39','2015-10-17 11:07:34'),(44,'Asignar Cuestionarios a Empresas','/admin/companyquestionnaires/index',1,23,'2015-10-17 15:32:08','2015-10-17 15:35:34'),(45,'Inventario de Oportunidades y Debilidades','/admin/entities/inventory',0,24,'2015-10-19 10:29:33','2015-10-27 23:24:12'),(46,'PlanificaciÃ³n TÃ¡ctica','/admin/users/home/',0,27,'2015-10-19 10:29:54','2015-10-19 10:29:54'),(47,'GestiÃ³n Operativa','/admin/users/home/',0,25,'2015-10-19 10:30:16','2015-10-19 10:30:16'),(48,'Memoria y Cuenta','/admin/users/home/',0,26,'2015-10-19 10:30:29','2015-10-19 10:30:29'),(49,'Instrumentos','/admin/users/home/ ',0,28,'2015-10-19 10:43:50','2015-10-19 10:43:50'),(50,'Realizar una AutoevaluaciÃ³n','/admin/autoevaluations/index',1,29,'2015-10-19 23:24:27','2015-10-19 23:27:27'),(51,'Tipos de nodo','/admin/nodetypes/index',0,30,'2015-10-20 18:47:27','2015-10-20 18:47:27'),(52,'Fuentes de nodos','/admin/nodesources/index',0,31,'2015-10-20 18:58:34','2015-10-20 18:58:34'),(53,'Nivel de Madurez','/admin/entities/maturity',1,24,'2015-10-21 20:40:16','2015-10-27 23:24:46'),(54,'Oportunidades y Debilidades','/admin/entities/weakness',0,32,'2015-10-26 22:03:31','2015-10-27 23:24:50'),(55,'Perspectiva del BSC','/admin/entities/perspective',1,32,'2015-10-27 10:48:40','2015-10-27 23:24:53'),(56,'Estrategias','/admin/entities/strategy',2,32,'2015-10-27 10:49:01','2015-10-27 23:24:57'),(57,'MisiÃ³n','/admin/entities/mission',3,32,'2015-10-27 10:49:45','2015-10-27 23:25:00'),(58,'VisiÃ³n','/admin/entities/vision',4,32,'2015-10-27 10:49:58','2015-10-27 23:25:03'),(59,'Objetivos','/admin/entities/objective',5,32,'2015-10-27 10:51:09','2015-10-27 23:25:07'),(60,'PolÃ­ticas','/admin/entities/politics',6,32,'2015-10-27 10:51:31','2015-10-27 23:25:11'),(61,'Expectativas','/admin/entities/expectation',0,27,'2015-10-28 00:15:00','2015-10-28 00:15:00'),(62,'Programas','/admin/entities/program',2,27,'2015-10-28 00:15:57','2015-10-28 00:15:57'),(63,'Proyectos','/admin/entities/project',1,25,'2015-10-28 00:16:42','2015-10-28 00:16:42'),(64,'Actividades','/admin/entities/activity',2,25,'2015-10-28 00:16:59','2015-10-28 00:16:59'),(65,'Iniciativas','/admin/entities/iniciative',3,25,'2015-10-28 00:17:33','2015-10-28 00:17:33'),(66,'Cursos','/admin/entities/course',4,25,'2015-10-28 00:17:48','2015-10-28 00:17:48'),(67,'Tareas','/admin/entities/task',5,25,'2015-10-28 00:18:09','2015-10-28 00:18:09'),(68,'Compromisos','/admin/entities/commitment',5,32,'2015-10-28 00:19:12','2015-10-28 00:19:12'),(69,'Prioridades','/admin/nodepriorities/',0,33,'2015-10-28 15:39:58','2015-10-28 15:39:58'),(70,'Indicadores de GestiÃ³n','/admin/indicators/',0,34,'2015-10-29 19:39:34','2015-10-29 19:39:34');
/*!40000 ALTER TABLE `actions` ENABLE KEYS */;
UNLOCK TABLES;

--
-- Table structure for table `answers`
--

DROP TABLE IF EXISTS `answers`;
/*!40101 SET @saved_cs_client     = @@character_set_client */;
/*!40101 SET character_set_client = utf8 */;
CREATE TABLE `answers` (
  `id` int(11) NOT NULL AUTO_INCREMENT,
  `question_id` int(11) NOT NULL,
  `name` varchar(45) COLLATE utf8_unicode_ci NOT NULL,
  `points` int(11) NOT NULL,
  `feedback_title` text COLLATE utf8_unicode_ci,
  `feedback` text COLLATE utf8_unicode_ci,
  `order` int(11) DEFAULT NULL,
  PRIMARY KEY (`id`),
  KEY `question_id` (`question_id`)
) ENGINE=MyISAM AUTO_INCREMENT=164 DEFAULT CHARSET=utf8 COLLATE=utf8_unicode_ci;
/*!40101 SET character_set_client = @saved_cs_client */;

--
-- Dumping data for table `answers`
--

LOCK TABLES `answers` WRITE;
/*!40000 ALTER TABLE `answers` DISABLE KEYS */;
INSERT INTO `answers` VALUES (130,32,'No aplicable',0,'','',5),(129,32,'No sÃ©',0,'','',4),(126,32,'Si',2,'','',1),(127,32,'En parte',1,'','',2),(128,32,'No',0,'','',3),(11,9,'Si',2,'','',1),(3,7,'No',0,'','',3),(4,7,'No sÃ©',0,'','',4),(5,7,'No aplicable',0,'','',5),(6,8,'Si',2,'','',1),(7,8,'En parte',1,'','',2),(8,8,'No',0,'','',3),(9,8,'No sÃ©',0,'','',4),(10,8,'No aplicable',0,'','',5),(2,7,'En parte',1,'','',2),(1,7,'Si',2,'','',1),(125,31,'No aplicable',0,'','',5),(124,31,'No sÃ©',0,'','',4),(123,31,'No',0,'','',3),(122,31,'En parte',1,'','',2),(121,31,'Si',2,'','',1),(120,30,'No aplicable',0,'','',5),(119,30,'No sÃ©',0,'','',4),(118,30,'No',0,'','',3),(117,30,'En parte',1,'','',2),(116,30,'Si',2,'','',1),(115,29,'No aplicable',0,'','',5),(114,29,'No sÃ©',0,'','',4),(113,29,'No',0,'','',3),(112,29,'En parte',1,'','',2),(111,29,'Si',2,'','',1),(110,28,'No aplicable',0,'','',5),(109,28,'No sÃ©',0,'','',4),(108,28,'No',0,'','',3),(107,28,'En parte',1,'','',2),(106,28,'Si',2,'','',1),(105,27,'No aplicable',0,'','',5),(104,27,'No sÃ©',0,'','',4),(103,27,'No',0,'','',3),(102,27,'En parte',1,'','',2),(101,27,'Si',2,'','',1),(100,26,'No aplicable',0,'','',5),(99,26,'No sÃ©',0,'','',4),(98,26,'No',0,'','',3),(97,26,'En parte',1,'','',2),(96,26,'Si',2,'','',1),(95,25,'No aplicable',0,'','',5),(94,25,'No sÃ©',0,'','',4),(93,25,'No',0,'','',3),(92,25,'En parte',1,'','',2),(91,25,'Si',2,'','',1),(90,24,'No aplicable',0,'','',5),(89,24,'No sÃ©',0,'','',4),(88,24,'No',0,'','',3),(87,24,'En parte',1,'','',2),(86,24,'Si',2,'','',1),(85,23,'No aplicable',0,'','',5),(84,23,'No sÃ©',0,'','',4),(83,23,'No',0,'','',3),(82,23,'En parte',1,'','',2),(81,23,'Si',2,'','',1),(80,22,'No aplicable',0,'','',5),(79,22,'No sÃ©',0,'','',4),(78,22,'No',0,'','',3),(77,22,'En parte',1,'','',2),(76,22,'Si',2,'','',1),(75,21,'No aplicable',0,'','',5),(74,21,'No sÃ©',0,'','',4),(73,21,'No',0,'','',3),(72,21,'En parte',1,'','',2),(71,21,'Si',2,'','',1),(70,20,'No aplicable',0,'','',5),(69,20,'No sÃ©',0,'','',4),(68,20,'No',0,'','',3),(67,20,'En parte',1,'','',2),(66,20,'Si',2,'','',1),(65,19,'No aplicable',0,'','',5),(64,19,'No sÃ©',0,'','',4),(63,19,'No',0,'','',3),(62,19,'En parte',1,'','',2),(61,19,'Si',2,'','',1),(60,18,'No aplicable',0,'','',5),(59,18,'No sÃ©',0,'','',4),(58,18,'No',0,'','',3),(57,18,'En parte',1,'','',2),(56,18,'Si',2,'','',1),(55,17,'No aplicable',0,'','',5),(54,17,'No sÃ©',0,'','',4),(53,17,'No',0,'','',3),(52,17,'En parte',1,'','',2),(51,17,'Si',2,'','',1),(50,16,'No aplicable',0,'','',5),(49,16,'No sÃ©',0,'','',4),(48,16,'No',0,'','',3),(47,16,'En parte',1,'','',2),(46,16,'Si',2,'','',1),(45,15,'No aplicable',0,'','',5),(44,15,'No sÃ©',0,'','',4),(43,15,'No',0,'','',3),(42,15,'En parte',1,'','',2),(41,15,'Si',2,'','',1),(40,14,'No aplicable',0,'','',5),(39,14,'No sÃ©',0,'','',4),(38,14,'No',0,'','',3),(37,14,'En parte',1,'','',2),(36,14,'Si',2,'','',1),(35,13,'No aplicable',0,'','',5),(34,13,'No sÃ©',0,'','',4),(33,13,'No',0,'','',3),(32,13,'En parte',1,'','',2),(31,13,'Si',2,'','',1),(30,12,'No aplicable',0,'','',5),(29,12,'No sÃ©',0,'','',4),(28,12,'No',0,'','',3),(27,12,'En parte',1,'','',2),(26,12,'Si',2,'','',1),(25,11,'No aplicable',0,'','',5),(24,11,'No sÃ©',0,'','',4),(23,11,'No',0,'','',3),(22,11,'En parte',1,'','',2),(21,11,'Si',2,'','',1),(20,10,'No aplicable',0,'','',5),(19,10,'No sÃ©',0,'','',4),(18,10,'No',0,'','',3),(17,10,'En parte',1,'','',2),(16,10,'Si',2,'','',1),(15,9,'No aplicable',0,'','',5),(14,9,'No sÃ©',0,'','',4),(13,9,'No',0,'','',3),(12,9,'En parte',1,'','',2),(131,33,'Si',2,'','',1),(132,33,'En parte',1,'','',2),(133,33,'No',0,'','',3),(134,33,'No sÃ©',0,'','',4),(135,33,'No aplicable',0,'','',5),(136,34,'Si',2,'','',1),(137,34,'En parte',1,'','',2),(138,34,'No',0,'','',3),(139,34,'No sÃ©',0,'','',4),(140,34,'No aplicable',0,'','',5),(141,35,'Si',2,'','',1),(142,35,'En parte',1,'','',2),(143,35,'No',0,'','',3),(144,35,'No sÃ©',0,'','',4),(145,35,'No aplicable',0,'','',5);
/*!40000 ALTER TABLE `answers` ENABLE KEYS */;
UNLOCK TABLES;

--
-- Table structure for table `aros`
--

DROP TABLE IF EXISTS `aros`;
/*!40101 SET @saved_cs_client     = @@character_set_client */;
/*!40101 SET character_set_client = utf8 */;
CREATE TABLE `aros` (
  `id` int(10) NOT NULL AUTO_INCREMENT,
  `parent_id` int(10) DEFAULT NULL,
  `model` varchar(255) DEFAULT NULL,
  `foreign_key` int(10) DEFAULT NULL,
  `alias` varchar(255) DEFAULT NULL,
  `lft` int(10) DEFAULT NULL,
  `rght` int(10) DEFAULT NULL,
  PRIMARY KEY (`id`),
  KEY `idx_aros_lft_rght` (`lft`,`rght`),
  KEY `idx_aros_alias` (`alias`),
  KEY `idx_aros_model_foreign_key` (`model`,`foreign_key`)
) ENGINE=InnoDB AUTO_INCREMENT=1375 DEFAULT CHARSET=latin1;
/*!40101 SET character_set_client = @saved_cs_client */;

--
-- Dumping data for table `aros`
--

LOCK TABLES `aros` WRITE;
/*!40000 ALTER TABLE `aros` DISABLE KEYS */;
INSERT INTO `aros` VALUES (1,NULL,'Group',1,NULL,1,6),(2,1,'User',1,NULL,2,3),(3,NULL,'Module',1,NULL,7,8),(4,NULL,'Category',1,NULL,9,10),(5,NULL,'Category',2,NULL,11,12),(6,NULL,'Category',3,NULL,13,14),(7,NULL,'Category',4,NULL,15,16),(8,NULL,'Category',5,NULL,17,18),(9,NULL,'Category',6,NULL,19,20),(10,NULL,'Module',2,NULL,21,22),(11,NULL,'Category',7,NULL,23,24),(12,NULL,'Company',1,NULL,25,26),(16,1,'User',3,NULL,4,5),(17,NULL,'Group',2,NULL,27,32),(20,NULL,'Module',3,NULL,33,34),(21,17,'User',6,NULL,28,29),(22,NULL,'Group',3,NULL,35,42),(23,NULL,'Company',4,NULL,43,44),(24,22,'User',7,NULL,36,37),(25,22,'User',8,NULL,38,39),(26,NULL,'Module',4,NULL,45,46),(27,NULL,'Category',8,NULL,47,48),(28,NULL,'Corporation',0,NULL,49,50),(30,NULL,'Corporation',3,NULL,51,52),(31,22,'User',9,NULL,40,41),(32,NULL,'Group',4,NULL,53,60),(33,32,'User',10,NULL,54,55),(34,NULL,'Corporation',4,NULL,61,62),(36,NULL,'Company',6,NULL,63,64),(37,NULL,'Company',7,NULL,65,66),(39,32,'User',11,NULL,56,57),(40,32,'User',12,NULL,58,59),(41,NULL,'Module',5,NULL,67,68),(42,NULL,'Category',9,NULL,69,70),(43,17,'User',13,NULL,30,31),(44,NULL,'Module',6,NULL,71,72),(45,NULL,'Module',7,NULL,73,74),(46,NULL,'Module',8,NULL,75,76),(48,NULL,'Group',5,NULL,77,80),(49,NULL,'Group',6,NULL,81,88),(50,NULL,'Group',7,NULL,89,98),(51,NULL,'Group',8,NULL,99,104),(53,NULL,'Module',11,NULL,105,106),(55,NULL,'Module',13,NULL,107,108),(57,NULL,'Category',10,NULL,109,110),(58,NULL,'Category',11,NULL,111,112),(59,NULL,'Category',12,NULL,113,114),(61,NULL,'Category',14,NULL,115,116),(62,NULL,'Category',15,NULL,117,118),(63,NULL,'Category',16,NULL,119,120),(64,NULL,'Category',17,NULL,121,122),(65,NULL,'Category',18,NULL,123,124),(66,48,'User',14,NULL,78,79),(67,NULL,'Corporation',5,NULL,125,126),(68,NULL,'Company',9,NULL,127,128),(69,NULL,'Company',10,NULL,129,130),(70,49,'User',15,NULL,82,83),(71,50,'User',16,NULL,90,91),(73,NULL,'Corporation',7,NULL,131,132),(74,NULL,'Company',11,NULL,133,134),(76,49,'User',17,NULL,84,85),(77,50,'User',18,NULL,92,93),(79,NULL,'Group',9,NULL,135,140),(80,79,'User',19,NULL,136,137),(81,79,'User',20,NULL,138,139),(82,NULL,'Questionnaire',0,NULL,141,142),(86,NULL,'Questionnaire',5,NULL,143,144),(88,NULL,'Module',15,NULL,145,146),(89,NULL,'Category',19,NULL,147,148),(90,NULL,'Section',0,NULL,149,150),(91,NULL,'Section',2,NULL,151,152),(92,NULL,'Section',1,NULL,153,154),(93,NULL,'Section',2,NULL,155,156),(95,NULL,'Questionnaire',7,NULL,157,158),(96,NULL,'Section',4,NULL,159,160),(99,NULL,'Question',3,NULL,161,162),(100,NULL,'Question',4,NULL,163,164),(101,NULL,'Question',5,NULL,165,166),(102,NULL,'Answer',1,NULL,167,168),(103,NULL,'Corporation',9,NULL,169,170),(104,NULL,'Company',13,NULL,171,172),(106,NULL,'Section',5,NULL,173,174),(107,NULL,'Section',6,NULL,175,176),(108,NULL,'Question',6,NULL,177,178),(109,NULL,'Answer',2,NULL,179,180),(110,NULL,'Answer',3,NULL,181,182),(114,NULL,'Questionnaire',9,NULL,183,184),(115,NULL,'Category',23,NULL,185,186),(116,NULL,'Module',16,NULL,187,188),(117,NULL,'Module',17,NULL,189,190),(118,NULL,'Module',18,NULL,191,192),(119,NULL,'Module',19,NULL,193,194),(120,NULL,'Category',24,NULL,195,196),(121,NULL,'Category',25,NULL,197,198),(122,NULL,'Category',26,NULL,199,200),(123,NULL,'Category',27,NULL,201,202),(124,NULL,'Module',20,NULL,203,204),(125,NULL,'Category',28,NULL,205,206),(126,NULL,'Company',14,NULL,207,208),(127,NULL,'Autoevaluation',1,NULL,209,210),(128,NULL,'Autoevaluation',2,NULL,211,212),(129,NULL,'Autoevaluation',3,NULL,213,214),(130,NULL,'Autoevaluation',4,NULL,215,216),(131,NULL,'Autoevaluation',5,NULL,217,218),(132,NULL,'Autoevaluation',6,NULL,219,220),(133,NULL,'Autoevaluation',7,NULL,221,222),(134,NULL,'Autoevaluation',8,NULL,223,224),(135,NULL,'Autoevaluation',9,NULL,225,226),(136,NULL,'Autoevaluation',10,NULL,227,228),(137,NULL,'Autoevaluation',11,NULL,229,230),(138,NULL,'Autoevaluation',12,NULL,231,232),(139,NULL,'Autoevaluation',13,NULL,233,234),(140,NULL,'Autoevaluation',14,NULL,235,236),(141,NULL,'Autoevaluation',15,NULL,237,238),(142,NULL,'Autoevaluation',16,NULL,239,240),(143,NULL,'Autoevaluation',17,NULL,241,242),(144,NULL,'Autoevaluation',18,NULL,243,244),(145,NULL,'Autoevaluation',19,NULL,245,246),(146,NULL,'Autoevaluationanswer',1,NULL,247,248),(147,NULL,'Autoevaluationanswer',2,NULL,249,250),(148,NULL,'Autoevaluation',20,NULL,251,252),(149,NULL,'Autoevaluationanswer',3,NULL,253,254),(150,NULL,'Autoevaluationanswer',4,NULL,255,256),(151,NULL,'Autoevaluation',21,NULL,257,258),(152,NULL,'Autoevaluationanswer',5,NULL,259,260),(153,NULL,'Autoevaluationanswer',6,NULL,261,262),(154,NULL,'Autoevaluation',22,NULL,263,264),(155,NULL,'Autoevaluationanswer',7,NULL,265,266),(156,NULL,'Autoevaluationanswer',8,NULL,267,268),(157,NULL,'Autoevaluation',23,NULL,269,270),(158,NULL,'Autoevaluationanswer',9,NULL,271,272),(159,NULL,'Autoevaluationanswer',10,NULL,273,274),(160,NULL,'Autoevaluation',24,NULL,275,276),(161,NULL,'Autoevaluationanswer',11,NULL,277,278),(162,NULL,'Autoevaluationanswer',12,NULL,279,280),(163,NULL,'Autoevaluation',25,NULL,281,282),(164,NULL,'Autoevaluationanswer',13,NULL,283,284),(165,NULL,'Autoevaluationanswer',14,NULL,285,286),(166,NULL,'Autoevaluation',26,NULL,287,288),(167,NULL,'Autoevaluationanswer',15,NULL,289,290),(168,NULL,'Autoevaluationanswer',16,NULL,291,292),(169,NULL,'Autoevaluation',27,NULL,293,294),(170,NULL,'Autoevaluation',28,NULL,295,296),(171,NULL,'Autoevaluationanswer',17,NULL,297,298),(172,NULL,'Autoevaluationanswer',18,NULL,299,300),(173,NULL,'Autoevaluation',29,NULL,301,302),(174,NULL,'Autoevaluation',30,NULL,303,304),(175,NULL,'Autoevaluationanswer',19,NULL,305,306),(176,NULL,'Autoevaluationanswer',20,NULL,307,308),(177,NULL,'Autoevaluation',31,NULL,309,310),(178,NULL,'Autoevaluation',32,NULL,311,312),(179,NULL,'Autoevaluationanswer',21,NULL,313,314),(180,NULL,'Autoevaluationanswer',22,NULL,315,316),(181,NULL,'Autoevaluation',5,NULL,317,318),(182,NULL,'Autoevaluation',17,NULL,319,320),(183,NULL,'Autoevaluation',11,NULL,321,322),(184,NULL,'Autoevaluation',7,NULL,323,324),(185,NULL,'Autoevaluation',33,NULL,325,326),(186,NULL,'Autoevaluationanswer',23,NULL,327,328),(187,NULL,'Autoevaluationanswer',24,NULL,329,330),(188,NULL,'Autoevaluation',34,NULL,331,332),(189,NULL,'Autoevaluationanswer',25,NULL,333,334),(190,NULL,'Autoevaluationanswer',26,NULL,335,336),(191,NULL,'Autoevaluation',35,NULL,337,338),(192,NULL,'Autoevaluationanswer',27,NULL,339,340),(193,NULL,'Autoevaluationanswer',28,NULL,341,342),(194,NULL,'Autoevaluation',36,NULL,343,344),(195,NULL,'Autoevaluationanswer',29,NULL,345,346),(196,NULL,'Autoevaluationanswer',30,NULL,347,348),(197,NULL,'Autoevaluation',37,NULL,349,350),(198,NULL,'Autoevaluationanswer',31,NULL,351,352),(199,NULL,'Autoevaluationanswer',32,NULL,353,354),(200,NULL,'Autoevaluation',38,NULL,355,356),(201,NULL,'Autoevaluationanswer',33,NULL,357,358),(202,NULL,'Autoevaluationanswer',34,NULL,359,360),(203,NULL,'Autoevaluation',39,NULL,361,362),(204,NULL,'Autoevaluationanswer',35,NULL,363,364),(205,NULL,'Autoevaluationanswer',36,NULL,365,366),(206,NULL,'Autoevaluation',40,NULL,367,368),(207,NULL,'Autoevaluationanswer',37,NULL,369,370),(208,NULL,'Autoevaluationanswer',38,NULL,371,372),(209,NULL,'Autoevaluation',41,NULL,373,374),(210,NULL,'Autoevaluationanswer',39,NULL,375,376),(211,NULL,'Autoevaluationanswer',40,NULL,377,378),(212,NULL,'Autoevaluation',42,NULL,379,380),(213,NULL,'Autoevaluationanswer',41,NULL,381,382),(214,NULL,'Autoevaluationanswer',42,NULL,383,384),(215,NULL,'Autoevaluation',43,NULL,385,386),(216,NULL,'Autoevaluationanswer',43,NULL,387,388),(217,NULL,'Autoevaluationanswer',44,NULL,389,390),(218,NULL,'Autoevaluation',44,NULL,391,392),(219,NULL,'Autoevaluationanswer',45,NULL,393,394),(220,NULL,'Autoevaluationanswer',46,NULL,395,396),(221,NULL,'Autoevaluation',45,NULL,397,398),(222,NULL,'Autoevaluationanswer',47,NULL,399,400),(223,NULL,'Autoevaluationanswer',48,NULL,401,402),(224,NULL,'Autoevaluation',46,NULL,403,404),(225,NULL,'Autoevaluationanswer',49,NULL,405,406),(226,NULL,'Autoevaluationanswer',50,NULL,407,408),(228,NULL,'Autoevaluationanswer',51,NULL,409,410),(229,NULL,'Autoevaluationanswer',52,NULL,411,412),(230,NULL,'Autoevaluation',48,NULL,413,414),(231,NULL,'Autoevaluationanswer',53,NULL,415,416),(232,NULL,'Autoevaluationanswer',54,NULL,417,418),(233,NULL,'Autoevaluation',49,NULL,419,420),(234,NULL,'Autoevaluationanswer',55,NULL,421,422),(235,NULL,'Autoevaluationanswer',56,NULL,423,424),(236,NULL,'Autoevaluation',50,NULL,425,426),(237,NULL,'Autoevaluationanswer',57,NULL,427,428),(238,NULL,'Autoevaluationanswer',58,NULL,429,430),(239,NULL,'Autoevaluation',51,NULL,431,432),(240,NULL,'Autoevaluationanswer',59,NULL,433,434),(241,NULL,'Autoevaluationanswer',60,NULL,435,436),(242,NULL,'Autoevaluation',52,NULL,437,438),(243,NULL,'Autoevaluationanswer',61,NULL,439,440),(244,NULL,'Autoevaluationanswer',62,NULL,441,442),(245,NULL,'Autoevaluation',53,NULL,443,444),(246,NULL,'Autoevaluationanswer',63,NULL,445,446),(247,NULL,'Autoevaluationanswer',64,NULL,447,448),(248,NULL,'Autoevaluation',54,NULL,449,450),(249,NULL,'Autoevaluationanswer',65,NULL,451,452),(250,NULL,'Autoevaluationanswer',66,NULL,453,454),(251,NULL,'Autoevaluation',55,NULL,455,456),(252,NULL,'Autoevaluationanswer',67,NULL,457,458),(253,NULL,'Autoevaluationanswer',68,NULL,459,460),(254,NULL,'Autoevaluation',56,NULL,461,462),(255,NULL,'Autoevaluationanswer',69,NULL,463,464),(256,NULL,'Autoevaluationanswer',70,NULL,465,466),(257,NULL,'Autoevaluation',57,NULL,467,468),(258,NULL,'Autoevaluationanswer',71,NULL,469,470),(259,NULL,'Autoevaluationanswer',72,NULL,471,472),(260,NULL,'Autoevaluation',58,NULL,473,474),(261,NULL,'Autoevaluationanswer',73,NULL,475,476),(262,NULL,'Autoevaluationanswer',74,NULL,477,478),(263,NULL,'Autoevaluation',59,NULL,479,480),(264,NULL,'Autoevaluationanswer',75,NULL,481,482),(265,NULL,'Autoevaluationanswer',76,NULL,483,484),(266,NULL,'Autoevaluation',60,NULL,485,486),(267,NULL,'Autoevaluationanswer',77,NULL,487,488),(268,NULL,'Autoevaluationanswer',78,NULL,489,490),(269,NULL,'Autoevaluation',61,NULL,491,492),(270,NULL,'Autoevaluationanswer',79,NULL,493,494),(271,NULL,'Autoevaluationanswer',80,NULL,495,496),(272,NULL,'Autoevaluation',62,NULL,497,498),(273,NULL,'Autoevaluationanswer',81,NULL,499,500),(274,NULL,'Autoevaluationanswer',82,NULL,501,502),(275,NULL,'Autoevaluation',63,NULL,503,504),(276,NULL,'Autoevaluationanswer',83,NULL,505,506),(277,NULL,'Autoevaluationanswer',84,NULL,507,508),(278,NULL,'Autoevaluation',64,NULL,509,510),(279,NULL,'Autoevaluationanswer',85,NULL,511,512),(280,NULL,'Autoevaluationanswer',86,NULL,513,514),(281,NULL,'Autoevaluation',65,NULL,515,516),(282,NULL,'Autoevaluationanswer',87,NULL,517,518),(283,NULL,'Autoevaluationanswer',88,NULL,519,520),(284,NULL,'Autoevaluation',66,NULL,521,522),(285,NULL,'Autoevaluationanswer',89,NULL,523,524),(286,NULL,'Autoevaluationanswer',90,NULL,525,526),(287,NULL,'Autoevaluation',67,NULL,527,528),(288,NULL,'Autoevaluationanswer',91,NULL,529,530),(289,NULL,'Autoevaluationanswer',92,NULL,531,532),(290,NULL,'Autoevaluation',68,NULL,533,534),(291,NULL,'Autoevaluationanswer',93,NULL,535,536),(292,NULL,'Autoevaluationanswer',94,NULL,537,538),(293,NULL,'Autoevaluation',69,NULL,539,540),(294,NULL,'Autoevaluationanswer',95,NULL,541,542),(295,NULL,'Autoevaluationanswer',96,NULL,543,544),(296,NULL,'Autoevaluation',70,NULL,545,546),(297,NULL,'Autoevaluationanswer',97,NULL,547,548),(298,NULL,'Autoevaluationanswer',98,NULL,549,550),(299,NULL,'Autoevaluation',71,NULL,551,552),(300,NULL,'Autoevaluationanswer',99,NULL,553,554),(301,NULL,'Autoevaluationanswer',100,NULL,555,556),(302,NULL,'Autoevaluation',72,NULL,557,558),(303,NULL,'Autoevaluationanswer',101,NULL,559,560),(304,NULL,'Autoevaluationanswer',102,NULL,561,562),(305,NULL,'Autoevaluation',73,NULL,563,564),(306,NULL,'Autoevaluationanswer',103,NULL,565,566),(307,NULL,'Autoevaluationanswer',104,NULL,567,568),(308,NULL,'Autoevaluation',74,NULL,569,570),(309,NULL,'Autoevaluationanswer',105,NULL,571,572),(310,NULL,'Autoevaluationanswer',106,NULL,573,574),(312,NULL,'Autoevaluationanswer',107,NULL,575,576),(313,NULL,'Autoevaluationanswer',108,NULL,577,578),(314,NULL,'Autoevaluation',76,NULL,579,580),(315,NULL,'Autoevaluationanswer',109,NULL,581,582),(316,NULL,'Autoevaluationanswer',110,NULL,583,584),(317,NULL,'Autoevaluation',77,NULL,585,586),(318,NULL,'Autoevaluationanswer',111,NULL,587,588),(319,NULL,'Autoevaluationanswer',112,NULL,589,590),(320,NULL,'Autoevaluation',78,NULL,591,592),(321,NULL,'Autoevaluationanswer',113,NULL,593,594),(322,NULL,'Autoevaluationanswer',114,NULL,595,596),(323,NULL,'Autoevaluation',79,NULL,597,598),(324,NULL,'Autoevaluationanswer',115,NULL,599,600),(325,NULL,'Autoevaluationanswer',116,NULL,601,602),(326,NULL,'Autoevaluation',80,NULL,603,604),(327,NULL,'Autoevaluationanswer',117,NULL,605,606),(328,NULL,'Autoevaluationanswer',118,NULL,607,608),(329,NULL,'Autoevaluation',81,NULL,609,610),(330,NULL,'Autoevaluationanswer',119,NULL,611,612),(331,NULL,'Autoevaluationanswer',120,NULL,613,614),(332,NULL,'Autoevaluation',82,NULL,615,616),(333,NULL,'Autoevaluationanswer',121,NULL,617,618),(334,NULL,'Autoevaluationanswer',122,NULL,619,620),(335,NULL,'Autoevaluation',83,NULL,621,622),(336,NULL,'Autoevaluationanswer',123,NULL,623,624),(337,NULL,'Autoevaluationanswer',124,NULL,625,626),(338,NULL,'Autoevaluation',84,NULL,627,628),(339,NULL,'Autoevaluationanswer',125,NULL,629,630),(340,NULL,'Autoevaluationanswer',126,NULL,631,632),(341,NULL,'Autoevaluation',85,NULL,633,634),(342,NULL,'Autoevaluationanswer',127,NULL,635,636),(343,NULL,'Autoevaluationanswer',128,NULL,637,638),(344,NULL,'Autoevaluation',86,NULL,639,640),(345,NULL,'Autoevaluationanswer',129,NULL,641,642),(346,NULL,'Autoevaluationanswer',130,NULL,643,644),(347,NULL,'Autoevaluation',87,NULL,645,646),(348,NULL,'Autoevaluationanswer',131,NULL,647,648),(349,NULL,'Autoevaluationanswer',132,NULL,649,650),(350,NULL,'Autoevaluation',88,NULL,651,652),(351,NULL,'Autoevaluationanswer',133,NULL,653,654),(352,NULL,'Autoevaluationanswer',134,NULL,655,656),(353,NULL,'Autoevaluation',89,NULL,657,658),(354,NULL,'Autoevaluationanswer',135,NULL,659,660),(355,NULL,'Autoevaluationanswer',136,NULL,661,662),(356,NULL,'Autoevaluation',90,NULL,663,664),(357,NULL,'Autoevaluationanswer',137,NULL,665,666),(358,NULL,'Autoevaluationanswer',138,NULL,667,668),(359,NULL,'Autoevaluation',91,NULL,669,670),(360,NULL,'Autoevaluationanswer',139,NULL,671,672),(361,NULL,'Autoevaluationanswer',140,NULL,673,674),(362,NULL,'Autoevaluation',92,NULL,675,676),(363,NULL,'Autoevaluationanswer',141,NULL,677,678),(364,NULL,'Autoevaluationanswer',142,NULL,679,680),(365,NULL,'Autoevaluation',93,NULL,681,682),(366,NULL,'Autoevaluationanswer',143,NULL,683,684),(367,NULL,'Autoevaluationanswer',144,NULL,685,686),(368,NULL,'Autoevaluation',94,NULL,687,688),(369,NULL,'Autoevaluationanswer',145,NULL,689,690),(370,NULL,'Autoevaluationanswer',146,NULL,691,692),(371,NULL,'Autoevaluation',95,NULL,693,694),(372,NULL,'Autoevaluationanswer',147,NULL,695,696),(373,NULL,'Autoevaluationanswer',148,NULL,697,698),(374,NULL,'Autoevaluation',96,NULL,699,700),(375,NULL,'Autoevaluationanswer',149,NULL,701,702),(376,NULL,'Autoevaluationanswer',150,NULL,703,704),(378,NULL,'Autoevaluationanswer',151,NULL,705,706),(379,NULL,'Autoevaluationanswer',152,NULL,707,708),(381,NULL,'Autoevaluationanswer',153,NULL,709,710),(382,NULL,'Autoevaluationanswer',154,NULL,711,712),(384,NULL,'Autoevaluationanswer',155,NULL,713,714),(385,NULL,'Autoevaluationanswer',156,NULL,715,716),(387,NULL,'Autoevaluationanswer',157,NULL,717,718),(388,NULL,'Autoevaluationanswer',158,NULL,719,720),(390,NULL,'Autoevaluationanswer',159,NULL,721,722),(391,NULL,'Autoevaluationanswer',160,NULL,723,724),(393,NULL,'Autoevaluationanswer',161,NULL,725,726),(394,NULL,'Autoevaluationanswer',162,NULL,727,728),(395,NULL,'Category',29,NULL,729,730),(397,NULL,'Autoevaluation',104,NULL,731,732),(398,NULL,'Autoevaluation',105,NULL,733,734),(399,NULL,'Autoevaluationanswer',163,NULL,735,736),(400,NULL,'Autoevaluationanswer',164,NULL,737,738),(401,NULL,'Autoevaluation',106,NULL,739,740),(402,NULL,'Autoevaluationanswer',165,NULL,741,742),(403,NULL,'Autoevaluationanswer',166,NULL,743,744),(404,NULL,'Questionnaire',10,NULL,745,746),(405,NULL,'Section',7,NULL,747,748),(406,NULL,'Section',8,NULL,749,750),(407,NULL,'Section',9,NULL,751,752),(408,NULL,'Section',10,NULL,753,754),(409,NULL,'Section',11,NULL,755,756),(410,NULL,'Question',7,NULL,757,758),(411,NULL,'Question',8,NULL,759,760),(412,NULL,'Question',9,NULL,761,762),(413,NULL,'Question',10,NULL,763,764),(414,NULL,'Question',11,NULL,765,766),(415,NULL,'Question',12,NULL,767,768),(416,NULL,'Question',13,NULL,769,770),(417,NULL,'Question',14,NULL,771,772),(418,NULL,'Question',15,NULL,773,774),(419,NULL,'Question',16,NULL,775,776),(420,NULL,'Question',17,NULL,777,778),(421,NULL,'Question',18,NULL,779,780),(422,NULL,'Question',19,NULL,781,782),(423,NULL,'Question',20,NULL,783,784),(424,NULL,'Question',21,NULL,785,786),(425,NULL,'Question',22,NULL,787,788),(426,NULL,'Question',23,NULL,789,790),(427,NULL,'Question',24,NULL,791,792),(428,NULL,'Question',25,NULL,793,794),(429,NULL,'Question',26,NULL,795,796),(430,NULL,'Question',27,NULL,797,798),(431,NULL,'Question',28,NULL,799,800),(432,NULL,'Question',29,NULL,801,802),(433,NULL,'Question',30,NULL,803,804),(434,NULL,'Question',31,NULL,805,806),(435,NULL,'Question',32,NULL,807,808),(436,NULL,'Question',33,NULL,809,810),(437,NULL,'Question',34,NULL,811,812),(438,NULL,'Question',35,NULL,813,814),(439,NULL,'Answer',4,NULL,815,816),(440,NULL,'Answer',5,NULL,817,818),(441,NULL,'Answer',6,NULL,819,820),(442,NULL,'Answer',7,NULL,821,822),(443,NULL,'Answer',8,NULL,823,824),(445,NULL,'Autoevaluationanswer',167,NULL,825,826),(446,NULL,'Autoevaluationanswer',168,NULL,827,828),(447,NULL,'Autoevaluationanswer',169,NULL,829,830),(448,NULL,'Autoevaluationanswer',170,NULL,831,832),(449,NULL,'Autoevaluationanswer',171,NULL,833,834),(450,NULL,'Autoevaluationanswer',172,NULL,835,836),(451,NULL,'Autoevaluationanswer',173,NULL,837,838),(452,NULL,'Autoevaluationanswer',174,NULL,839,840),(453,NULL,'Autoevaluationanswer',175,NULL,841,842),(454,NULL,'Autoevaluationanswer',176,NULL,843,844),(455,NULL,'Autoevaluationanswer',177,NULL,845,846),(456,NULL,'Autoevaluationanswer',178,NULL,847,848),(457,NULL,'Autoevaluationanswer',179,NULL,849,850),(458,NULL,'Autoevaluationanswer',180,NULL,851,852),(459,NULL,'Autoevaluationanswer',181,NULL,853,854),(460,NULL,'Autoevaluationanswer',182,NULL,855,856),(461,NULL,'Autoevaluationanswer',183,NULL,857,858),(462,NULL,'Autoevaluationanswer',184,NULL,859,860),(463,NULL,'Autoevaluationanswer',185,NULL,861,862),(464,NULL,'Autoevaluationanswer',186,NULL,863,864),(465,NULL,'Autoevaluationanswer',187,NULL,865,866),(466,NULL,'Autoevaluationanswer',188,NULL,867,868),(467,NULL,'Autoevaluationanswer',189,NULL,869,870),(468,NULL,'Autoevaluationanswer',190,NULL,871,872),(469,NULL,'Autoevaluationanswer',191,NULL,873,874),(470,NULL,'Autoevaluationanswer',192,NULL,875,876),(471,NULL,'Autoevaluationanswer',193,NULL,877,878),(472,NULL,'Autoevaluationanswer',194,NULL,879,880),(474,NULL,'Autoevaluationanswer',195,NULL,881,882),(475,NULL,'Autoevaluationanswer',196,NULL,883,884),(476,NULL,'Autoevaluationanswer',197,NULL,885,886),(477,NULL,'Autoevaluationanswer',198,NULL,887,888),(478,NULL,'Autoevaluationanswer',199,NULL,889,890),(479,NULL,'Autoevaluationanswer',200,NULL,891,892),(480,NULL,'Autoevaluationanswer',201,NULL,893,894),(481,NULL,'Autoevaluationanswer',202,NULL,895,896),(482,NULL,'Autoevaluationanswer',203,NULL,897,898),(483,NULL,'Autoevaluationanswer',204,NULL,899,900),(484,NULL,'Autoevaluationanswer',205,NULL,901,902),(485,NULL,'Autoevaluationanswer',206,NULL,903,904),(486,NULL,'Autoevaluationanswer',207,NULL,905,906),(487,NULL,'Autoevaluationanswer',208,NULL,907,908),(488,NULL,'Autoevaluationanswer',209,NULL,909,910),(489,NULL,'Autoevaluationanswer',210,NULL,911,912),(490,NULL,'Autoevaluationanswer',211,NULL,913,914),(491,NULL,'Autoevaluationanswer',212,NULL,915,916),(492,NULL,'Autoevaluationanswer',213,NULL,917,918),(493,NULL,'Autoevaluationanswer',214,NULL,919,920),(494,NULL,'Autoevaluationanswer',215,NULL,921,922),(495,NULL,'Autoevaluationanswer',216,NULL,923,924),(496,NULL,'Autoevaluationanswer',217,NULL,925,926),(497,NULL,'Autoevaluationanswer',218,NULL,927,928),(498,NULL,'Autoevaluationanswer',219,NULL,929,930),(499,NULL,'Autoevaluationanswer',220,NULL,931,932),(500,NULL,'Autoevaluationanswer',221,NULL,933,934),(501,NULL,'Autoevaluationanswer',222,NULL,935,936),(502,NULL,'Autoevaluationanswer',223,NULL,937,938),(504,NULL,'Autoevaluationanswer',224,NULL,939,940),(505,NULL,'Autoevaluationanswer',225,NULL,941,942),(506,NULL,'Autoevaluationanswer',226,NULL,943,944),(507,NULL,'Autoevaluationanswer',227,NULL,945,946),(508,NULL,'Autoevaluationanswer',228,NULL,947,948),(509,NULL,'Autoevaluationanswer',229,NULL,949,950),(510,NULL,'Autoevaluationanswer',230,NULL,951,952),(511,NULL,'Autoevaluationanswer',231,NULL,953,954),(512,NULL,'Autoevaluationanswer',232,NULL,955,956),(513,NULL,'Autoevaluationanswer',233,NULL,957,958),(514,NULL,'Autoevaluationanswer',234,NULL,959,960),(515,NULL,'Autoevaluationanswer',235,NULL,961,962),(516,NULL,'Autoevaluationanswer',236,NULL,963,964),(517,NULL,'Autoevaluationanswer',237,NULL,965,966),(518,NULL,'Autoevaluationanswer',238,NULL,967,968),(519,NULL,'Autoevaluationanswer',239,NULL,969,970),(520,NULL,'Autoevaluationanswer',240,NULL,971,972),(521,NULL,'Autoevaluationanswer',241,NULL,973,974),(522,NULL,'Autoevaluationanswer',242,NULL,975,976),(523,NULL,'Autoevaluationanswer',243,NULL,977,978),(524,NULL,'Autoevaluationanswer',244,NULL,979,980),(525,NULL,'Autoevaluationanswer',245,NULL,981,982),(526,NULL,'Autoevaluationanswer',246,NULL,983,984),(527,NULL,'Autoevaluationanswer',247,NULL,985,986),(528,NULL,'Autoevaluationanswer',248,NULL,987,988),(529,NULL,'Autoevaluationanswer',249,NULL,989,990),(530,NULL,'Autoevaluationanswer',250,NULL,991,992),(531,NULL,'Autoevaluationanswer',251,NULL,993,994),(532,NULL,'Autoevaluationanswer',252,NULL,995,996),(533,NULL,'Nodetype',1,NULL,997,998),(534,NULL,'Nodetype',2,NULL,999,1000),(535,NULL,'Nodetype',3,NULL,1001,1002),(536,NULL,'Nodetype',4,NULL,1003,1004),(537,NULL,'Nodetype',5,NULL,1005,1006),(538,NULL,'Nodetype',6,NULL,1007,1008),(539,NULL,'Nodetype',7,NULL,1009,1010),(540,NULL,'Nodetype',8,NULL,1011,1012),(541,NULL,'Nodetype',9,NULL,1013,1014),(542,NULL,'Nodetype',10,NULL,1015,1016),(543,NULL,'Nodetype',11,NULL,1017,1018),(544,NULL,'Nodetype',12,NULL,1019,1020),(545,NULL,'Nodetype',13,NULL,1021,1022),(546,NULL,'Nodetype',14,NULL,1023,1024),(547,NULL,'Nodetype',15,NULL,1025,1026),(548,NULL,'Category',30,NULL,1027,1028),(549,NULL,'Nodesource',1,NULL,1029,1030),(550,NULL,'Nodesource',2,NULL,1031,1032),(551,NULL,'Nodesource',3,NULL,1033,1034),(552,NULL,'Category',31,NULL,1035,1036),(554,NULL,'Node',0,NULL,1037,1038),(555,NULL,'Node',0,NULL,1039,1040),(556,NULL,'Node',0,NULL,1041,1042),(557,NULL,'Node',1,NULL,1043,1044),(558,NULL,'Node',2,NULL,1045,1046),(559,NULL,'Node',3,NULL,1047,1048),(560,NULL,'Node',4,NULL,1049,1050),(561,NULL,'Node',5,NULL,1051,1052),(564,NULL,'Node',6,NULL,1053,1054),(565,NULL,'Node',7,NULL,1055,1056),(566,NULL,'Node',8,NULL,1057,1058),(567,NULL,'Node',9,NULL,1059,1060),(568,NULL,'Node',10,NULL,1061,1062),(569,NULL,'Node',11,NULL,1063,1064),(570,NULL,'Node',12,NULL,1065,1066),(571,NULL,'Node',13,NULL,1067,1068),(572,NULL,'Node',14,NULL,1069,1070),(573,NULL,'Node',15,NULL,1071,1072),(574,NULL,'Node',16,NULL,1073,1074),(575,NULL,'Node',17,NULL,1075,1076),(576,NULL,'Node',18,NULL,1077,1078),(577,NULL,'Node',19,NULL,1079,1080),(578,NULL,'Node',20,NULL,1081,1082),(579,NULL,'Node',21,NULL,1083,1084),(580,NULL,'Node',22,NULL,1085,1086),(581,NULL,'Node',23,NULL,1087,1088),(582,NULL,'Node',24,NULL,1089,1090),(583,NULL,'Node',25,NULL,1091,1092),(584,NULL,'Node',26,NULL,1093,1094),(585,NULL,'Node',27,NULL,1095,1096),(586,NULL,'Node',28,NULL,1097,1098),(587,NULL,'Nodecompany',0,NULL,1099,1100),(588,NULL,'Node',29,NULL,1101,1102),(589,NULL,'Nodecompany',0,NULL,1103,1104),(590,NULL,'Node',30,NULL,1105,1106),(591,NULL,'Nodecompany',0,NULL,1107,1108),(592,NULL,'Node',31,NULL,1109,1110),(593,NULL,'Nodecompany',0,NULL,1111,1112),(594,NULL,'Node',32,NULL,1113,1114),(595,NULL,'Node',33,NULL,1115,1116),(596,NULL,'Nodecompany',0,NULL,1117,1118),(597,NULL,'Node',34,NULL,1119,1120),(598,NULL,'Node',35,NULL,1121,1122),(599,NULL,'Nodecompany',0,NULL,1123,1124),(600,NULL,'Node',36,NULL,1125,1126),(601,NULL,'Node',37,NULL,1127,1128),(602,NULL,'Nodecompany',0,NULL,1129,1130),(603,NULL,'Node',38,NULL,1131,1132),(604,NULL,'Nodecompany',0,NULL,1133,1134),(605,NULL,'Node',39,NULL,1135,1136),(606,NULL,'Node',40,NULL,1137,1138),(607,NULL,'Nodecompany',0,NULL,1139,1140),(608,NULL,'Node',41,NULL,1141,1142),(609,NULL,'Node',42,NULL,1143,1144),(610,NULL,'Nodecompany',0,NULL,1145,1146),(611,NULL,'Node',43,NULL,1147,1148),(612,NULL,'Node',44,NULL,1149,1150),(613,NULL,'Nodecompany',0,NULL,1151,1152),(614,NULL,'Node',45,NULL,1153,1154),(615,NULL,'Node',46,NULL,1155,1156),(616,NULL,'Nodecompany',0,NULL,1157,1158),(617,NULL,'Node',47,NULL,1159,1160),(618,NULL,'Node',48,NULL,1161,1162),(619,NULL,'Nodecompany',0,NULL,1163,1164),(620,NULL,'Node',49,NULL,1165,1166),(621,NULL,'Node',50,NULL,1167,1168),(622,NULL,'Nodecompany',0,NULL,1169,1170),(623,NULL,'Node',51,NULL,1171,1172),(624,NULL,'Node',52,NULL,1173,1174),(625,NULL,'Nodecompany',0,NULL,1175,1176),(626,NULL,'Node',53,NULL,1177,1178),(627,NULL,'Node',54,NULL,1179,1180),(628,NULL,'Nodecompany',0,NULL,1181,1182),(629,NULL,'Node',55,NULL,1183,1184),(630,NULL,'Node',56,NULL,1185,1186),(631,NULL,'Nodecompany',0,NULL,1187,1188),(632,NULL,'Node',57,NULL,1189,1190),(633,NULL,'Node',58,NULL,1191,1192),(634,NULL,'Nodecompany',0,NULL,1193,1194),(635,NULL,'Node',59,NULL,1195,1196),(636,NULL,'Node',60,NULL,1197,1198),(637,NULL,'Nodecompany',0,NULL,1199,1200),(638,NULL,'Node',61,NULL,1201,1202),(639,NULL,'Node',62,NULL,1203,1204),(640,NULL,'Nodecompany',0,NULL,1205,1206),(641,NULL,'Node',63,NULL,1207,1208),(642,NULL,'Node',64,NULL,1209,1210),(643,NULL,'Nodecompany',0,NULL,1211,1212),(644,NULL,'Node',65,NULL,1213,1214),(646,NULL,'Autoevaluationanswer',253,NULL,1215,1216),(647,NULL,'Autoevaluationanswer',254,NULL,1217,1218),(648,NULL,'Autoevaluationanswer',255,NULL,1219,1220),(649,NULL,'Autoevaluationanswer',256,NULL,1221,1222),(650,NULL,'Autoevaluationanswer',257,NULL,1223,1224),(651,NULL,'Autoevaluationanswer',258,NULL,1225,1226),(652,NULL,'Autoevaluationanswer',259,NULL,1227,1228),(653,NULL,'Autoevaluationanswer',260,NULL,1229,1230),(654,NULL,'Autoevaluationanswer',261,NULL,1231,1232),(655,NULL,'Autoevaluationanswer',262,NULL,1233,1234),(656,NULL,'Autoevaluationanswer',263,NULL,1235,1236),(657,NULL,'Autoevaluationanswer',264,NULL,1237,1238),(658,NULL,'Autoevaluationanswer',265,NULL,1239,1240),(659,NULL,'Autoevaluationanswer',266,NULL,1241,1242),(660,NULL,'Autoevaluationanswer',267,NULL,1243,1244),(661,NULL,'Autoevaluationanswer',268,NULL,1245,1246),(662,NULL,'Autoevaluationanswer',269,NULL,1247,1248),(663,NULL,'Autoevaluationanswer',270,NULL,1249,1250),(664,NULL,'Autoevaluationanswer',271,NULL,1251,1252),(665,NULL,'Autoevaluationanswer',272,NULL,1253,1254),(666,NULL,'Autoevaluationanswer',273,NULL,1255,1256),(667,NULL,'Autoevaluationanswer',274,NULL,1257,1258),(668,NULL,'Autoevaluationanswer',275,NULL,1259,1260),(669,NULL,'Autoevaluationanswer',276,NULL,1261,1262),(670,NULL,'Autoevaluationanswer',277,NULL,1263,1264),(671,NULL,'Autoevaluationanswer',278,NULL,1265,1266),(672,NULL,'Autoevaluationanswer',279,NULL,1267,1268),(673,NULL,'Autoevaluationanswer',280,NULL,1269,1270),(674,NULL,'Autoevaluationanswer',281,NULL,1271,1272),(675,NULL,'Node',66,NULL,1273,1274),(676,NULL,'Nodecompany',0,NULL,1275,1276),(677,NULL,'Node',67,NULL,1277,1278),(678,NULL,'Node',68,NULL,1279,1280),(679,NULL,'Nodecompany',0,NULL,1281,1282),(680,NULL,'Node',69,NULL,1283,1284),(681,NULL,'Node',70,NULL,1285,1286),(682,NULL,'Nodecompany',0,NULL,1287,1288),(683,NULL,'Node',71,NULL,1289,1290),(684,NULL,'Node',72,NULL,1291,1292),(685,NULL,'Nodecompany',0,NULL,1293,1294),(686,NULL,'Node',73,NULL,1295,1296),(687,NULL,'Node',74,NULL,1297,1298),(688,NULL,'Nodecompany',0,NULL,1299,1300),(689,NULL,'Node',75,NULL,1301,1302),(690,NULL,'Node',76,NULL,1303,1304),(691,NULL,'Nodecompany',0,NULL,1305,1306),(692,NULL,'Node',77,NULL,1307,1308),(693,NULL,'Node',78,NULL,1309,1310),(694,NULL,'Nodecompany',0,NULL,1311,1312),(695,NULL,'Node',79,NULL,1313,1314),(696,NULL,'Node',80,NULL,1315,1316),(697,NULL,'Nodecompany',0,NULL,1317,1318),(698,NULL,'Node',81,NULL,1319,1320),(699,NULL,'Node',82,NULL,1321,1322),(700,NULL,'Nodecompany',0,NULL,1323,1324),(701,NULL,'Node',83,NULL,1325,1326),(702,NULL,'Node',84,NULL,1327,1328),(703,NULL,'Nodecompany',0,NULL,1329,1330),(704,NULL,'Node',85,NULL,1331,1332),(705,NULL,'Node',86,NULL,1333,1334),(706,NULL,'Nodecompany',0,NULL,1335,1336),(707,NULL,'Node',87,NULL,1337,1338),(708,NULL,'Node',88,NULL,1339,1340),(709,NULL,'Node',89,NULL,1341,1342),(710,NULL,'Node',90,NULL,1343,1344),(711,NULL,'Nodecompany',0,NULL,1345,1346),(712,NULL,'Node',91,NULL,1347,1348),(713,NULL,'Node',92,NULL,1349,1350),(714,NULL,'Node',93,NULL,1351,1352),(715,NULL,'Node',94,NULL,1353,1354),(716,NULL,'Node',95,NULL,1355,1356),(717,NULL,'Node',96,NULL,1357,1358),(718,NULL,'Nodecompany',0,NULL,1359,1360),(719,NULL,'Node',97,NULL,1361,1362),(720,NULL,'Node',98,NULL,1363,1364),(721,NULL,'Nodecompany',0,NULL,1365,1366),(722,NULL,'Node',99,NULL,1367,1368),(723,NULL,'Node',101,NULL,1369,1370),(724,NULL,'Nodecompany',0,NULL,1371,1372),(725,NULL,'Node',102,NULL,1373,1374),(726,NULL,'Node',103,NULL,1375,1376),(727,NULL,'Nodecompany',0,NULL,1377,1378),(728,NULL,'Node',104,NULL,1379,1380),(729,NULL,'Node',105,NULL,1381,1382),(730,NULL,'Nodecompany',0,NULL,1383,1384),(731,NULL,'Node',106,NULL,1385,1386),(732,NULL,'Node',107,NULL,1387,1388),(733,NULL,'Nodecompany',0,NULL,1389,1390),(734,NULL,'Node',108,NULL,1391,1392),(735,NULL,'Node',1,NULL,1393,1394),(736,NULL,'Nodecompany',0,NULL,1395,1396),(737,NULL,'Node',2,NULL,1397,1398),(738,NULL,'Node',3,NULL,1399,1400),(739,NULL,'Nodecompany',0,NULL,1401,1402),(740,NULL,'Autoevaluationanswer',110,NULL,1403,1404),(741,NULL,'Autoevaluationanswer',19,NULL,1405,1406),(742,NULL,'Autoevaluationanswer',63,NULL,1407,1408),(743,NULL,'Node',4,NULL,1409,1410),(744,NULL,'Node',5,NULL,1411,1412),(745,NULL,'Nodecompany',0,NULL,1413,1414),(746,NULL,'Node',6,NULL,1415,1416),(747,NULL,'Node',7,NULL,1417,1418),(748,NULL,'Nodecompany',0,NULL,1419,1420),(749,NULL,'Node',8,NULL,1421,1422),(750,NULL,'Node',9,NULL,1423,1424),(751,NULL,'Node',10,NULL,1425,1426),(752,NULL,'Node',11,NULL,1427,1428),(754,NULL,'Autoevaluationanswer',282,NULL,1429,1430),(755,NULL,'Autoevaluationanswer',283,NULL,1431,1432),(756,NULL,'Autoevaluationanswer',284,NULL,1433,1434),(757,NULL,'Autoevaluationanswer',285,NULL,1435,1436),(758,NULL,'Autoevaluationanswer',286,NULL,1437,1438),(759,NULL,'Autoevaluationanswer',287,NULL,1439,1440),(760,NULL,'Autoevaluationanswer',288,NULL,1441,1442),(761,NULL,'Autoevaluationanswer',289,NULL,1443,1444),(762,NULL,'Autoevaluationanswer',290,NULL,1445,1446),(763,NULL,'Autoevaluationanswer',291,NULL,1447,1448),(764,NULL,'Autoevaluationanswer',292,NULL,1449,1450),(765,NULL,'Autoevaluationanswer',293,NULL,1451,1452),(766,NULL,'Autoevaluationanswer',294,NULL,1453,1454),(767,NULL,'Autoevaluationanswer',295,NULL,1455,1456),(768,NULL,'Autoevaluationanswer',296,NULL,1457,1458),(769,NULL,'Autoevaluationanswer',297,NULL,1459,1460),(770,NULL,'Autoevaluationanswer',298,NULL,1461,1462),(771,NULL,'Autoevaluationanswer',299,NULL,1463,1464),(772,NULL,'Autoevaluationanswer',300,NULL,1465,1466),(773,NULL,'Autoevaluationanswer',301,NULL,1467,1468),(774,NULL,'Autoevaluationanswer',302,NULL,1469,1470),(775,NULL,'Autoevaluationanswer',303,NULL,1471,1472),(776,NULL,'Autoevaluationanswer',304,NULL,1473,1474),(777,NULL,'Autoevaluationanswer',305,NULL,1475,1476),(778,NULL,'Autoevaluationanswer',306,NULL,1477,1478),(779,NULL,'Autoevaluationanswer',307,NULL,1479,1480),(780,NULL,'Autoevaluationanswer',308,NULL,1481,1482),(781,NULL,'Autoevaluationanswer',309,NULL,1483,1484),(782,NULL,'Autoevaluationanswer',310,NULL,1485,1486),(783,NULL,'Node',12,NULL,1487,1488),(784,NULL,'Nodecompany',0,NULL,1489,1490),(785,NULL,'Autoevaluationanswer',111,NULL,1491,1492),(786,NULL,'Autoevaluationanswer',8,NULL,1493,1494),(787,NULL,'Autoevaluationanswer',7,NULL,1495,1496),(788,NULL,'Node',13,NULL,1497,1498),(789,NULL,'Node',14,NULL,1499,1500),(790,NULL,'Node',15,NULL,1501,1502),(791,NULL,'Node',16,NULL,1503,1504),(792,NULL,'Node',17,NULL,1505,1506),(793,NULL,'Node',18,NULL,1507,1508),(794,NULL,'Node',19,NULL,1509,1510),(796,NULL,'Autoevaluationanswer',311,NULL,1511,1512),(797,NULL,'Autoevaluationanswer',312,NULL,1513,1514),(798,NULL,'Autoevaluationanswer',313,NULL,1515,1516),(799,NULL,'Autoevaluationanswer',314,NULL,1517,1518),(800,NULL,'Autoevaluationanswer',315,NULL,1519,1520),(801,NULL,'Autoevaluationanswer',316,NULL,1521,1522),(802,NULL,'Autoevaluationanswer',317,NULL,1523,1524),(803,NULL,'Autoevaluationanswer',318,NULL,1525,1526),(804,NULL,'Autoevaluationanswer',319,NULL,1527,1528),(805,NULL,'Autoevaluationanswer',320,NULL,1529,1530),(806,NULL,'Autoevaluationanswer',321,NULL,1531,1532),(807,NULL,'Autoevaluationanswer',322,NULL,1533,1534),(808,NULL,'Autoevaluationanswer',323,NULL,1535,1536),(809,NULL,'Autoevaluationanswer',324,NULL,1537,1538),(810,NULL,'Autoevaluationanswer',325,NULL,1539,1540),(811,NULL,'Autoevaluationanswer',326,NULL,1541,1542),(812,NULL,'Autoevaluationanswer',327,NULL,1543,1544),(813,NULL,'Autoevaluationanswer',328,NULL,1545,1546),(814,NULL,'Autoevaluationanswer',329,NULL,1547,1548),(815,NULL,'Autoevaluationanswer',330,NULL,1549,1550),(816,NULL,'Autoevaluationanswer',331,NULL,1551,1552),(817,NULL,'Autoevaluationanswer',332,NULL,1553,1554),(818,NULL,'Autoevaluationanswer',333,NULL,1555,1556),(819,NULL,'Autoevaluationanswer',334,NULL,1557,1558),(820,NULL,'Autoevaluationanswer',335,NULL,1559,1560),(821,NULL,'Autoevaluationanswer',336,NULL,1561,1562),(822,NULL,'Autoevaluationanswer',337,NULL,1563,1564),(823,NULL,'Autoevaluationanswer',338,NULL,1565,1566),(824,NULL,'Autoevaluationanswer',339,NULL,1567,1568),(826,NULL,'Autoevaluationanswer',340,NULL,1569,1570),(827,NULL,'Autoevaluationanswer',341,NULL,1571,1572),(828,NULL,'Autoevaluationanswer',342,NULL,1573,1574),(829,NULL,'Autoevaluationanswer',343,NULL,1575,1576),(830,NULL,'Autoevaluationanswer',344,NULL,1577,1578),(831,NULL,'Autoevaluationanswer',345,NULL,1579,1580),(832,NULL,'Autoevaluationanswer',346,NULL,1581,1582),(833,NULL,'Autoevaluationanswer',347,NULL,1583,1584),(834,NULL,'Autoevaluationanswer',348,NULL,1585,1586),(835,NULL,'Autoevaluationanswer',349,NULL,1587,1588),(836,NULL,'Autoevaluationanswer',350,NULL,1589,1590),(837,NULL,'Autoevaluationanswer',351,NULL,1591,1592),(838,NULL,'Autoevaluationanswer',352,NULL,1593,1594),(839,NULL,'Autoevaluationanswer',353,NULL,1595,1596),(840,NULL,'Autoevaluationanswer',354,NULL,1597,1598),(841,NULL,'Autoevaluationanswer',355,NULL,1599,1600),(842,NULL,'Autoevaluationanswer',356,NULL,1601,1602),(843,NULL,'Autoevaluationanswer',357,NULL,1603,1604),(844,NULL,'Autoevaluationanswer',358,NULL,1605,1606),(845,NULL,'Autoevaluationanswer',359,NULL,1607,1608),(846,NULL,'Autoevaluationanswer',360,NULL,1609,1610),(847,NULL,'Autoevaluationanswer',361,NULL,1611,1612),(848,NULL,'Autoevaluationanswer',362,NULL,1613,1614),(849,NULL,'Autoevaluationanswer',363,NULL,1615,1616),(850,NULL,'Autoevaluationanswer',364,NULL,1617,1618),(851,NULL,'Autoevaluationanswer',365,NULL,1619,1620),(852,NULL,'Autoevaluationanswer',366,NULL,1621,1622),(853,NULL,'Autoevaluationanswer',367,NULL,1623,1624),(854,NULL,'Autoevaluationanswer',368,NULL,1625,1626),(855,NULL,'Node',20,NULL,1627,1628),(856,NULL,'Nodecompany',0,NULL,1629,1630),(857,NULL,'Autoevaluationanswer',113,NULL,1631,1632),(858,NULL,'Node',21,NULL,1633,1634),(859,NULL,'Node',22,NULL,1635,1636),(860,NULL,'Node',23,NULL,1637,1638),(861,NULL,'Node',24,NULL,1639,1640),(862,NULL,'Node',25,NULL,1641,1642),(863,NULL,'Node',26,NULL,1643,1644),(864,NULL,'Node',27,NULL,1645,1646),(866,NULL,'Autoevaluationanswer',369,NULL,1647,1648),(867,NULL,'Autoevaluationanswer',370,NULL,1649,1650),(868,NULL,'Autoevaluationanswer',371,NULL,1651,1652),(869,NULL,'Autoevaluationanswer',372,NULL,1653,1654),(870,NULL,'Autoevaluationanswer',373,NULL,1655,1656),(871,NULL,'Autoevaluationanswer',374,NULL,1657,1658),(872,NULL,'Autoevaluationanswer',375,NULL,1659,1660),(873,NULL,'Autoevaluationanswer',376,NULL,1661,1662),(874,NULL,'Autoevaluationanswer',377,NULL,1663,1664),(875,NULL,'Autoevaluationanswer',378,NULL,1665,1666),(876,NULL,'Autoevaluationanswer',379,NULL,1667,1668),(877,NULL,'Autoevaluationanswer',380,NULL,1669,1670),(878,NULL,'Autoevaluationanswer',381,NULL,1671,1672),(879,NULL,'Autoevaluationanswer',382,NULL,1673,1674),(880,NULL,'Autoevaluationanswer',383,NULL,1675,1676),(881,NULL,'Autoevaluationanswer',384,NULL,1677,1678),(882,NULL,'Autoevaluationanswer',385,NULL,1679,1680),(883,NULL,'Autoevaluationanswer',386,NULL,1681,1682),(884,NULL,'Autoevaluationanswer',387,NULL,1683,1684),(885,NULL,'Autoevaluationanswer',388,NULL,1685,1686),(886,NULL,'Autoevaluationanswer',389,NULL,1687,1688),(887,NULL,'Autoevaluationanswer',390,NULL,1689,1690),(888,NULL,'Autoevaluationanswer',391,NULL,1691,1692),(889,NULL,'Autoevaluationanswer',392,NULL,1693,1694),(890,NULL,'Autoevaluationanswer',393,NULL,1695,1696),(891,NULL,'Autoevaluationanswer',394,NULL,1697,1698),(892,NULL,'Autoevaluationanswer',395,NULL,1699,1700),(893,NULL,'Autoevaluationanswer',396,NULL,1701,1702),(894,NULL,'Autoevaluationanswer',397,NULL,1703,1704),(896,NULL,'Autoevaluationanswer',398,NULL,1705,1706),(897,NULL,'Autoevaluationanswer',399,NULL,1707,1708),(898,NULL,'Autoevaluationanswer',400,NULL,1709,1710),(899,NULL,'Autoevaluationanswer',401,NULL,1711,1712),(900,NULL,'Autoevaluationanswer',402,NULL,1713,1714),(901,NULL,'Autoevaluationanswer',403,NULL,1715,1716),(902,NULL,'Autoevaluationanswer',404,NULL,1717,1718),(903,NULL,'Autoevaluationanswer',405,NULL,1719,1720),(904,NULL,'Autoevaluationanswer',406,NULL,1721,1722),(905,NULL,'Autoevaluationanswer',407,NULL,1723,1724),(906,NULL,'Autoevaluationanswer',408,NULL,1725,1726),(907,NULL,'Autoevaluationanswer',409,NULL,1727,1728),(908,NULL,'Autoevaluationanswer',410,NULL,1729,1730),(909,NULL,'Autoevaluationanswer',411,NULL,1731,1732),(910,NULL,'Node',28,NULL,1733,1734),(911,NULL,'Nodecompany',0,NULL,1735,1736),(912,NULL,'Autoevaluationanswer',115,NULL,1737,1738),(913,NULL,'Autoevaluationanswer',11,NULL,1739,1740),(914,NULL,'Autoevaluationanswer',22,NULL,1741,1742),(915,NULL,'Node',29,NULL,1743,1744),(916,NULL,'Node',30,NULL,1745,1746),(917,NULL,'Node',31,NULL,1747,1748),(918,NULL,'Node',32,NULL,1749,1750),(919,NULL,'Node',33,NULL,1751,1752),(920,NULL,'Nodecompany',0,NULL,1753,1754),(921,NULL,'Node',34,NULL,1755,1756),(922,NULL,'Node',35,NULL,1757,1758),(923,NULL,'Node',36,NULL,1759,1760),(924,NULL,'Node',37,NULL,1761,1762),(925,NULL,'Node',38,NULL,1763,1764),(926,NULL,'Nodecompany',0,NULL,1765,1766),(927,NULL,'Autoevaluationanswer',114,NULL,1767,1768),(928,NULL,'Node',39,NULL,1769,1770),(929,NULL,'Node',40,NULL,1771,1772),(930,NULL,'Node',41,NULL,1773,1774),(931,NULL,'Node',42,NULL,1775,1776),(932,NULL,'Node',43,NULL,1777,1778),(933,NULL,'Node',44,NULL,1779,1780),(934,NULL,'Node',45,NULL,1781,1782),(935,NULL,'Autoevaluation',116,NULL,1783,1784),(936,NULL,'Autoevaluationanswer',412,NULL,1785,1786),(937,NULL,'Autoevaluationanswer',413,NULL,1787,1788),(938,NULL,'Autoevaluationanswer',414,NULL,1789,1790),(939,NULL,'Autoevaluationanswer',415,NULL,1791,1792),(940,NULL,'Autoevaluationanswer',416,NULL,1793,1794),(941,NULL,'Autoevaluationanswer',417,NULL,1795,1796),(942,NULL,'Autoevaluationanswer',418,NULL,1797,1798),(943,NULL,'Autoevaluationanswer',419,NULL,1799,1800),(944,NULL,'Autoevaluationanswer',420,NULL,1801,1802),(945,NULL,'Autoevaluationanswer',421,NULL,1803,1804),(946,NULL,'Autoevaluationanswer',422,NULL,1805,1806),(947,NULL,'Autoevaluationanswer',423,NULL,1807,1808),(948,NULL,'Autoevaluationanswer',424,NULL,1809,1810),(949,NULL,'Autoevaluationanswer',425,NULL,1811,1812),(950,NULL,'Autoevaluationanswer',426,NULL,1813,1814),(951,NULL,'Autoevaluationanswer',427,NULL,1815,1816),(952,NULL,'Autoevaluationanswer',428,NULL,1817,1818),(953,NULL,'Autoevaluationanswer',429,NULL,1819,1820),(954,NULL,'Autoevaluationanswer',430,NULL,1821,1822),(955,NULL,'Autoevaluationanswer',431,NULL,1823,1824),(956,NULL,'Autoevaluationanswer',432,NULL,1825,1826),(957,NULL,'Autoevaluationanswer',433,NULL,1827,1828),(958,NULL,'Autoevaluationanswer',434,NULL,1829,1830),(959,NULL,'Autoevaluationanswer',435,NULL,1831,1832),(960,NULL,'Autoevaluationanswer',436,NULL,1833,1834),(961,NULL,'Autoevaluationanswer',437,NULL,1835,1836),(962,NULL,'Autoevaluationanswer',438,NULL,1837,1838),(963,NULL,'Autoevaluationanswer',439,NULL,1839,1840),(964,NULL,'Autoevaluationanswer',440,NULL,1841,1842),(965,NULL,'Node',46,NULL,1843,1844),(966,NULL,'Nodecompany',0,NULL,1845,1846),(967,NULL,'Autoevaluationanswer',116,NULL,1847,1848),(968,NULL,'Node',47,NULL,1849,1850),(969,NULL,'Node',48,NULL,1851,1852),(970,NULL,'Node',49,NULL,1853,1854),(971,NULL,'Node',50,NULL,1855,1856),(972,NULL,'Node',51,NULL,1857,1858),(973,NULL,'Node',52,NULL,1859,1860),(974,NULL,'Node',53,NULL,1861,1862),(975,NULL,'Company',15,NULL,1863,1864),(976,51,'User',21,NULL,100,101),(977,NULL,'Autoevaluation',117,NULL,1865,1866),(978,NULL,'Autoevaluationanswer',441,NULL,1867,1868),(979,NULL,'Autoevaluationanswer',442,NULL,1869,1870),(980,NULL,'Autoevaluationanswer',443,NULL,1871,1872),(981,NULL,'Autoevaluationanswer',444,NULL,1873,1874),(982,NULL,'Autoevaluationanswer',445,NULL,1875,1876),(983,NULL,'Autoevaluationanswer',446,NULL,1877,1878),(984,NULL,'Autoevaluationanswer',447,NULL,1879,1880),(985,NULL,'Autoevaluationanswer',448,NULL,1881,1882),(986,NULL,'Autoevaluationanswer',449,NULL,1883,1884),(987,NULL,'Autoevaluationanswer',450,NULL,1885,1886),(988,NULL,'Autoevaluationanswer',451,NULL,1887,1888),(989,NULL,'Autoevaluationanswer',452,NULL,1889,1890),(990,NULL,'Autoevaluationanswer',453,NULL,1891,1892),(991,NULL,'Autoevaluationanswer',454,NULL,1893,1894),(992,NULL,'Autoevaluationanswer',455,NULL,1895,1896),(993,NULL,'Autoevaluationanswer',456,NULL,1897,1898),(994,NULL,'Autoevaluationanswer',457,NULL,1899,1900),(995,NULL,'Autoevaluationanswer',458,NULL,1901,1902),(996,NULL,'Autoevaluationanswer',459,NULL,1903,1904),(997,NULL,'Autoevaluationanswer',460,NULL,1905,1906),(998,NULL,'Autoevaluationanswer',461,NULL,1907,1908),(999,NULL,'Autoevaluationanswer',462,NULL,1909,1910),(1000,NULL,'Autoevaluationanswer',463,NULL,1911,1912),(1001,NULL,'Autoevaluationanswer',464,NULL,1913,1914),(1002,NULL,'Autoevaluationanswer',465,NULL,1915,1916),(1003,NULL,'Autoevaluationanswer',466,NULL,1917,1918),(1004,NULL,'Autoevaluationanswer',467,NULL,1919,1920),(1005,NULL,'Autoevaluationanswer',468,NULL,1921,1922),(1006,NULL,'Autoevaluationanswer',469,NULL,1923,1924),(1007,NULL,'Autoevaluation',118,NULL,1925,1926),(1008,NULL,'Autoevaluationanswer',470,NULL,1927,1928),(1009,NULL,'Autoevaluationanswer',471,NULL,1929,1930),(1010,NULL,'Autoevaluationanswer',472,NULL,1931,1932),(1011,NULL,'Autoevaluationanswer',473,NULL,1933,1934),(1012,NULL,'Autoevaluationanswer',474,NULL,1935,1936),(1013,NULL,'Autoevaluationanswer',475,NULL,1937,1938),(1014,NULL,'Autoevaluationanswer',476,NULL,1939,1940),(1015,NULL,'Autoevaluationanswer',477,NULL,1941,1942),(1016,NULL,'Autoevaluationanswer',478,NULL,1943,1944),(1017,NULL,'Autoevaluationanswer',479,NULL,1945,1946),(1018,NULL,'Autoevaluationanswer',480,NULL,1947,1948),(1019,NULL,'Autoevaluationanswer',481,NULL,1949,1950),(1020,NULL,'Autoevaluationanswer',482,NULL,1951,1952),(1021,NULL,'Autoevaluationanswer',483,NULL,1953,1954),(1022,NULL,'Autoevaluationanswer',484,NULL,1955,1956),(1023,NULL,'Autoevaluationanswer',485,NULL,1957,1958),(1024,NULL,'Autoevaluationanswer',486,NULL,1959,1960),(1025,NULL,'Autoevaluationanswer',487,NULL,1961,1962),(1026,NULL,'Autoevaluationanswer',488,NULL,1963,1964),(1027,NULL,'Autoevaluationanswer',489,NULL,1965,1966),(1028,NULL,'Autoevaluationanswer',490,NULL,1967,1968),(1029,NULL,'Autoevaluationanswer',491,NULL,1969,1970),(1030,NULL,'Autoevaluationanswer',492,NULL,1971,1972),(1031,NULL,'Autoevaluationanswer',493,NULL,1973,1974),(1032,NULL,'Autoevaluationanswer',494,NULL,1975,1976),(1033,NULL,'Autoevaluationanswer',495,NULL,1977,1978),(1034,NULL,'Autoevaluationanswer',496,NULL,1979,1980),(1035,NULL,'Autoevaluationanswer',497,NULL,1981,1982),(1036,NULL,'Autoevaluationanswer',498,NULL,1983,1984),(1037,NULL,'Node',54,NULL,1985,1986),(1038,NULL,'Nodecompany',0,NULL,1987,1988),(1039,NULL,'Autoevaluationanswer',118,NULL,1989,1990),(1040,NULL,'Node',55,NULL,1991,1992),(1041,NULL,'Node',56,NULL,1993,1994),(1042,NULL,'Node',57,NULL,1995,1996),(1043,NULL,'Node',58,NULL,1997,1998),(1044,NULL,'Node',59,NULL,1999,2000),(1045,NULL,'Node',60,NULL,2001,2002),(1046,NULL,'Node',61,NULL,2003,2004),(1047,NULL,'Node',62,NULL,2005,2006),(1048,NULL,'Node',63,NULL,2007,2008),(1052,NULL,'Node',4,NULL,2009,2010),(1053,NULL,'Node',5,NULL,2011,2012),(1054,NULL,'Node',6,NULL,2013,2014),(1055,NULL,'Node',7,NULL,2015,2016),(1056,NULL,'Nodecompany',0,NULL,2017,2018),(1058,NULL,'Node',9,NULL,2019,2020),(1059,NULL,'Nodecompany',0,NULL,2021,2022),(1061,NULL,'Node',11,NULL,2023,2024),(1062,NULL,'Node',12,NULL,2025,2026),(1063,NULL,'Nodecompany',0,NULL,2027,2028),(1065,NULL,'Node',14,NULL,2029,2030),(1066,NULL,'Nodecompany',0,NULL,2031,2032),(1067,NULL,'Node',15,NULL,2033,2034),(1068,NULL,'Nodecompany',0,NULL,2035,2036),(1069,NULL,'Node',16,NULL,2037,2038),(1070,NULL,'Nodecompany',0,NULL,2039,2040),(1072,NULL,'Node',17,NULL,2041,2042),(1073,NULL,'Nodecompany',0,NULL,2043,2044),(1075,NULL,'Node',18,NULL,2045,2046),(1076,NULL,'Nodecompany',0,NULL,2047,2048),(1078,NULL,'Node',19,NULL,2049,2050),(1079,NULL,'Nodecompany',0,NULL,2051,2052),(1080,NULL,'Node',20,NULL,2053,2054),(1081,NULL,'Nodecompany',0,NULL,2055,2056),(1083,NULL,'Nodecompany',0,NULL,2057,2058),(1085,NULL,'Nodecompany',0,NULL,2059,2060),(1087,NULL,'Nodecompany',0,NULL,2061,2062),(1089,NULL,'Nodestatus',1,NULL,2063,2064),(1090,NULL,'Nodestatus',2,NULL,2065,2066),(1091,NULL,'Nodestatus',3,NULL,2067,2068),(1092,NULL,'Autoevaluation',119,NULL,2069,2070),(1093,NULL,'Autoevaluationanswer',499,NULL,2071,2072),(1094,NULL,'Autoevaluationanswer',500,NULL,2073,2074),(1095,NULL,'Autoevaluationanswer',501,NULL,2075,2076),(1096,NULL,'Autoevaluationanswer',502,NULL,2077,2078),(1097,NULL,'Autoevaluationanswer',503,NULL,2079,2080),(1098,NULL,'Autoevaluationanswer',504,NULL,2081,2082),(1099,NULL,'Autoevaluationanswer',505,NULL,2083,2084),(1100,NULL,'Autoevaluationanswer',506,NULL,2085,2086),(1101,NULL,'Autoevaluationanswer',507,NULL,2087,2088),(1102,NULL,'Autoevaluationanswer',508,NULL,2089,2090),(1103,NULL,'Autoevaluationanswer',509,NULL,2091,2092),(1104,NULL,'Autoevaluationanswer',510,NULL,2093,2094),(1105,NULL,'Autoevaluationanswer',511,NULL,2095,2096),(1106,NULL,'Autoevaluationanswer',512,NULL,2097,2098),(1108,NULL,'Nodecompany',0,NULL,2099,2100),(1109,NULL,'Autoevaluationanswer',119,NULL,2101,2102),(1112,NULL,'Node',27,NULL,2103,2104),(1115,NULL,'Nodecompany',0,NULL,2105,2106),(1117,NULL,'Nodecompany',0,NULL,2107,2108),(1119,NULL,'Nodecompany',0,NULL,2109,2110),(1120,NULL,'Autoevaluation',120,NULL,2111,2112),(1121,NULL,'Autoevaluationanswer',513,NULL,2113,2114),(1122,NULL,'Autoevaluationanswer',514,NULL,2115,2116),(1123,NULL,'Autoevaluationanswer',515,NULL,2117,2118),(1124,NULL,'Autoevaluationanswer',516,NULL,2119,2120),(1125,NULL,'Autoevaluationanswer',517,NULL,2121,2122),(1126,NULL,'Autoevaluationanswer',518,NULL,2123,2124),(1127,NULL,'Autoevaluationanswer',519,NULL,2125,2126),(1128,NULL,'Autoevaluationanswer',520,NULL,2127,2128),(1129,NULL,'Autoevaluationanswer',521,NULL,2129,2130),(1130,NULL,'Autoevaluationanswer',522,NULL,2131,2132),(1131,NULL,'Autoevaluationanswer',523,NULL,2133,2134),(1132,NULL,'Autoevaluationanswer',524,NULL,2135,2136),(1134,NULL,'Nodecompany',0,NULL,2137,2138),(1135,NULL,'Autoevaluationanswer',120,NULL,2139,2140),(1136,NULL,'Autoevaluationanswer',4,NULL,2141,2142),(1137,NULL,'Node',33,NULL,2143,2144),(1138,NULL,'Node',34,NULL,2145,2146),(1139,NULL,'Node',35,NULL,2147,2148),(1140,NULL,'Node',36,NULL,2149,2150),(1141,NULL,'Node',37,NULL,2151,2152),(1142,NULL,'Node',38,NULL,2153,2154),(1144,NULL,'Node',40,NULL,2155,2156),(1145,NULL,'Node',41,NULL,2157,2158),(1147,NULL,'Node',43,NULL,2159,2160),(1149,NULL,'Nodecompany',0,NULL,2161,2162),(1151,NULL,'Nodecompany',0,NULL,2163,2164),(1152,NULL,'Autoevaluation',121,NULL,2165,2166),(1153,NULL,'Autoevaluationanswer',525,NULL,2167,2168),(1154,NULL,'Autoevaluationanswer',526,NULL,2169,2170),(1155,NULL,'Autoevaluationanswer',527,NULL,2171,2172),(1156,NULL,'Autoevaluationanswer',528,NULL,2173,2174),(1157,NULL,'Autoevaluationanswer',529,NULL,2175,2176),(1159,NULL,'Nodecompany',0,NULL,2177,2178),(1160,NULL,'Autoevaluationanswer',121,NULL,2179,2180),(1161,NULL,'Autoevaluationanswer',2,NULL,2181,2182),(1163,NULL,'Node',48,NULL,2183,2184),(1164,NULL,'Node',49,NULL,2185,2186),(1165,NULL,'Node',50,NULL,2187,2188),(1167,NULL,'Nodecompany',0,NULL,2189,2190),(1169,NULL,'Autoevaluation',122,NULL,2191,2192),(1170,NULL,'Autoevaluationanswer',530,NULL,2193,2194),(1171,NULL,'Autoevaluationanswer',531,NULL,2195,2196),(1172,NULL,'Autoevaluationanswer',532,NULL,2197,2198),(1173,NULL,'Autoevaluationanswer',533,NULL,2199,2200),(1174,NULL,'Autoevaluationanswer',534,NULL,2201,2202),(1175,NULL,'Autoevaluationanswer',535,NULL,2203,2204),(1176,NULL,'Autoevaluationanswer',536,NULL,2205,2206),(1177,NULL,'Autoevaluationanswer',537,NULL,2207,2208),(1178,NULL,'Autoevaluationanswer',538,NULL,2209,2210),(1179,NULL,'Autoevaluationanswer',539,NULL,2211,2212),(1180,NULL,'Autoevaluationanswer',540,NULL,2213,2214),(1181,NULL,'Autoevaluationanswer',541,NULL,2215,2216),(1182,NULL,'Autoevaluation',123,NULL,2217,2218),(1183,NULL,'Autoevaluationanswer',542,NULL,2219,2220),(1184,NULL,'Autoevaluationanswer',543,NULL,2221,2222),(1185,NULL,'Autoevaluationanswer',544,NULL,2223,2224),(1186,NULL,'Node',52,NULL,2225,2226),(1187,NULL,'Node',53,NULL,2227,2228),(1188,NULL,'Autoevaluation',124,NULL,2229,2230),(1189,NULL,'Autoevaluationanswer',545,NULL,2231,2232),(1190,NULL,'Autoevaluationanswer',546,NULL,2233,2234),(1191,NULL,'Node',54,NULL,2235,2236),(1192,NULL,'Autoevaluationanswer',124,NULL,2237,2238),(1193,NULL,'Node',55,NULL,2239,2240),(1194,NULL,'Autoevaluation',125,NULL,2241,2242),(1195,NULL,'Autoevaluationanswer',547,NULL,2243,2244),(1196,NULL,'Autoevaluationanswer',548,NULL,2245,2246),(1197,NULL,'Autoevaluationanswer',549,NULL,2247,2248),(1198,NULL,'Autoevaluationanswer',550,NULL,2249,2250),(1199,NULL,'Node',56,NULL,2251,2252),(1200,NULL,'Autoevaluationanswer',125,NULL,2253,2254),(1201,NULL,'Node',57,NULL,2255,2256),(1204,NULL,'Category',32,NULL,2257,2258),(1205,NULL,'Nodenode',0,NULL,2259,2260),(1206,NULL,'Nodenode',0,NULL,2261,2262),(1207,NULL,'Nodenode',0,NULL,2263,2264),(1208,NULL,'Nodenode',0,NULL,2265,2266),(1209,NULL,'Node',60,NULL,2267,2268),(1210,NULL,'Nodenode',0,NULL,2269,2270),(1211,NULL,'Nodenode',0,NULL,2271,2272),(1212,NULL,'Nodenode',0,NULL,2273,2274),(1213,NULL,'Nodenode',0,NULL,2275,2276),(1214,NULL,'Nodenode',0,NULL,2277,2278),(1216,NULL,'Nodecompany',0,NULL,2279,2280),(1217,NULL,'Nodenode',0,NULL,2281,2282),(1219,NULL,'Nodecompany',0,NULL,2283,2284),(1220,NULL,'Nodenode',0,NULL,2285,2286),(1221,NULL,'Node',63,NULL,2287,2288),(1222,NULL,'Nodecompany',0,NULL,2289,2290),(1223,NULL,'Nodenode',0,NULL,2291,2292),(1224,NULL,'Nodenode',0,NULL,2293,2294),(1225,NULL,'Nodenode',0,NULL,2295,2296),(1226,NULL,'Nodenode',0,NULL,2297,2298),(1227,NULL,'Node',64,NULL,2299,2300),(1228,NULL,'Nodecompany',0,NULL,2301,2302),(1229,NULL,'Nodenode',0,NULL,2303,2304),(1231,NULL,'Nodecompany',0,NULL,2305,2306),(1232,NULL,'Node',66,NULL,2307,2308),(1233,NULL,'Nodecompany',0,NULL,2309,2310),(1234,NULL,'Nodenode',0,NULL,2311,2312),(1235,NULL,'Node',67,NULL,2313,2314),(1236,NULL,'Nodecompany',0,NULL,2315,2316),(1237,NULL,'Nodenode',0,NULL,2317,2318),(1238,NULL,'Node',68,NULL,2319,2320),(1239,NULL,'Nodecompany',0,NULL,2321,2322),(1240,NULL,'Company',16,NULL,2323,2324),(1241,50,'User',22,NULL,94,95),(1242,NULL,'Autoevaluation',126,NULL,2325,2326),(1243,NULL,'Autoevaluationanswer',551,NULL,2327,2328),(1244,NULL,'Autoevaluationanswer',552,NULL,2329,2330),(1245,NULL,'Autoevaluationanswer',553,NULL,2331,2332),(1246,NULL,'Autoevaluationanswer',554,NULL,2333,2334),(1247,NULL,'Node',69,NULL,2335,2336),(1248,NULL,'Nodecompany',0,NULL,2337,2338),(1249,NULL,'Autoevaluationanswer',126,NULL,2339,2340),(1250,NULL,'Node',70,NULL,2341,2342),(1251,NULL,'Node',71,NULL,2343,2344),(1252,NULL,'Autoevaluation',127,NULL,2345,2346),(1253,NULL,'Autoevaluationanswer',555,NULL,2347,2348),(1254,NULL,'Autoevaluationanswer',556,NULL,2349,2350),(1255,NULL,'Autoevaluationanswer',557,NULL,2351,2352),(1256,NULL,'Autoevaluationanswer',558,NULL,2353,2354),(1257,NULL,'Autoevaluationanswer',559,NULL,2355,2356),(1258,NULL,'Autoevaluationanswer',560,NULL,2357,2358),(1259,NULL,'Node',72,NULL,2359,2360),(1260,NULL,'Nodecompany',0,NULL,2361,2362),(1261,NULL,'Node',73,NULL,2363,2364),(1262,NULL,'Node',74,NULL,2365,2366),(1263,NULL,'Node',75,NULL,2367,2368),(1264,NULL,'Autoevaluation',128,NULL,2369,2370),(1265,NULL,'Autoevaluationanswer',561,NULL,2371,2372),(1266,NULL,'Autoevaluationanswer',562,NULL,2373,2374),(1267,NULL,'Autoevaluationanswer',563,NULL,2375,2376),(1268,NULL,'Autoevaluationanswer',564,NULL,2377,2378),(1269,NULL,'Autoevaluationanswer',565,NULL,2379,2380),(1270,NULL,'Autoevaluationanswer',566,NULL,2381,2382),(1271,NULL,'Autoevaluationanswer',567,NULL,2383,2384),(1272,NULL,'Autoevaluationanswer',568,NULL,2385,2386),(1273,NULL,'Autoevaluationanswer',569,NULL,2387,2388),(1274,NULL,'Autoevaluationanswer',570,NULL,2389,2390),(1275,NULL,'Autoevaluationanswer',571,NULL,2391,2392),(1276,NULL,'Autoevaluationanswer',572,NULL,2393,2394),(1277,NULL,'Autoevaluationanswer',573,NULL,2395,2396),(1278,NULL,'Node',76,NULL,2397,2398),(1279,NULL,'Nodecompany',0,NULL,2399,2400),(1280,NULL,'Autoevaluationanswer',128,NULL,2401,2402),(1281,NULL,'Node',77,NULL,2403,2404),(1282,NULL,'Node',78,NULL,2405,2406),(1283,NULL,'Node',79,NULL,2407,2408),(1284,NULL,'Node',80,NULL,2409,2410),(1285,NULL,'Node',81,NULL,2411,2412),(1286,NULL,'Node',82,NULL,2413,2414),(1287,NULL,'Nodenode',0,NULL,2415,2416),(1288,NULL,'Nodenode',0,NULL,2417,2418),(1289,NULL,'Node',83,NULL,2419,2420),(1290,NULL,'Nodecompany',0,NULL,2421,2422),(1291,NULL,'Autoevaluation',129,NULL,2423,2424),(1292,NULL,'Autoevaluationanswer',574,NULL,2425,2426),(1293,NULL,'Node',84,NULL,2427,2428),(1294,NULL,'Nodecompany',0,NULL,2429,2430),(1295,NULL,'Autoevaluationanswer',129,NULL,2431,2432),(1296,NULL,'Autoevaluationanswer',3,NULL,2433,2434),(1297,NULL,'Node',85,NULL,2435,2436),(1298,NULL,'Nodecompany',0,NULL,2437,2438),(1299,NULL,'Nodenode',0,NULL,2439,2440),(1301,NULL,'Nodecompany',0,NULL,2441,2442),(1302,NULL,'Node',87,NULL,2443,2444),(1303,NULL,'Nodecompany',0,NULL,2445,2446),(1304,NULL,'Node',88,NULL,2447,2448),(1305,NULL,'Nodecompany',0,NULL,2449,2450),(1306,NULL,'Node',89,NULL,2451,2452),(1307,NULL,'Nodecompany',0,NULL,2453,2454),(1308,NULL,'Node',90,NULL,2455,2456),(1309,NULL,'Nodecompany',0,NULL,2457,2458),(1310,NULL,'Nodenode',0,NULL,2459,2460),(1311,NULL,'Nodenode',0,NULL,2461,2462),(1312,NULL,'Node',91,NULL,2463,2464),(1313,NULL,'Nodecompany',0,NULL,2465,2466),(1315,NULL,'Nodecompany',0,NULL,2467,2468),(1316,NULL,'Nodenode',0,NULL,2469,2470),(1317,NULL,'Nodenode',0,NULL,2471,2472),(1318,NULL,'Nodenode',0,NULL,2473,2474),(1319,NULL,'Nodenode',0,NULL,2475,2476),(1320,NULL,'Nodenode',0,NULL,2477,2478),(1321,NULL,'Node',93,NULL,2479,2480),(1322,NULL,'Nodecompany',0,NULL,2481,2482),(1323,NULL,'Node',94,NULL,2483,2484),(1324,NULL,'Nodepriority',1,NULL,2485,2486),(1325,NULL,'Nodepriority',2,NULL,2487,2488),(1326,NULL,'Nodepriority',3,NULL,2489,2490),(1327,NULL,'Nodepriority',4,NULL,2491,2492),(1328,NULL,'Nodepriority',5,NULL,2493,2494),(1329,NULL,'Module',21,NULL,2495,2496),(1330,NULL,'Category',33,NULL,2497,2498),(1331,NULL,'Node',95,NULL,2499,2500),(1332,NULL,'Nodecompany',0,NULL,2501,2502),(1333,NULL,'Nodepredecessor',0,NULL,2503,2504),(1334,NULL,'Nodepredecessor',0,NULL,2505,2506),(1335,NULL,'Nodepredecessor',0,NULL,2507,2508),(1336,NULL,'Nodepredecessor',0,NULL,2509,2510),(1337,NULL,'Nodepredecessor',0,NULL,2511,2512),(1338,NULL,'Nodepredecessor',0,NULL,2513,2514),(1339,NULL,'Nodepredecessor',0,NULL,2515,2516),(1340,NULL,'Nodepredecessor',0,NULL,2517,2518),(1341,NULL,'Nodepredecessor',0,NULL,2519,2520),(1342,NULL,'Group',10,NULL,2521,2524),(1343,49,'User',23,NULL,86,87),(1344,50,'User',24,NULL,96,97),(1345,51,'User',25,NULL,102,103),(1346,1342,'User',26,NULL,2522,2523),(1347,NULL,'Nodenode',0,NULL,2525,2526),(1348,NULL,'Nodepredecessor',0,NULL,2527,2528),(1349,NULL,'Nodepredecessor',0,NULL,2529,2530),(1350,NULL,'Nodepredecessor',0,NULL,2531,2532),(1351,NULL,'Node',96,NULL,2533,2534),(1352,NULL,'Nodecompany',0,NULL,2535,2536),(1353,NULL,'Nodenode',0,NULL,2537,2538),(1354,NULL,'Autoevaluation',130,NULL,2539,2540),(1355,NULL,'Autoevaluationanswer',575,NULL,2541,2542),(1356,NULL,'Autoevaluationanswer',576,NULL,2543,2544),(1357,NULL,'Autoevaluationanswer',577,NULL,2545,2546),(1358,NULL,'Autoevaluationanswer',578,NULL,2547,2548),(1359,NULL,'Autoevaluationanswer',579,NULL,2549,2550),(1360,NULL,'Autoevaluationanswer',580,NULL,2551,2552),(1361,NULL,'Autoevaluationanswer',581,NULL,2553,2554),(1362,NULL,'Autoevaluationanswer',582,NULL,2555,2556),(1363,NULL,'Autoevaluationanswer',583,NULL,2557,2558),(1364,NULL,'Node',97,NULL,2559,2560),(1365,NULL,'Autoevaluationanswer',130,NULL,2561,2562),(1366,NULL,'Node',98,NULL,2563,2564),(1367,NULL,'Node',99,NULL,2565,2566),(1368,NULL,'Nodenode',0,NULL,2567,2568),(1369,NULL,'Indicator',1,NULL,2569,2570),(1370,NULL,'Indicator',2,NULL,2571,2572),(1371,NULL,'Indicator',3,NULL,2573,2574),(1372,NULL,'Indicator',4,NULL,2575,2576),(1373,NULL,'Category',34,NULL,2577,2578),(1374,NULL,'Indicator',5,NULL,2579,2580);
/*!40000 ALTER TABLE `aros` ENABLE KEYS */;
UNLOCK TABLES;

--
-- Table structure for table `aros_acos`
--

DROP TABLE IF EXISTS `aros_acos`;
/*!40101 SET @saved_cs_client     = @@character_set_client */;
/*!40101 SET character_set_client = utf8 */;
CREATE TABLE `aros_acos` (
  `id` int(10) NOT NULL AUTO_INCREMENT,
  `aro_id` int(10) NOT NULL,
  `aco_id` int(10) NOT NULL,
  `_create` varchar(2) NOT NULL DEFAULT '0',
  `_read` varchar(2) NOT NULL DEFAULT '0',
  `_update` varchar(2) NOT NULL DEFAULT '0',
  `_delete` varchar(2) NOT NULL DEFAULT '0',
  PRIMARY KEY (`id`),
  UNIQUE KEY `ARO_ACO_KEY` (`aro_id`,`aco_id`),
  KEY `aco_id` (`aco_id`),
  CONSTRAINT `aros_acos_ibfk_1` FOREIGN KEY (`aro_id`) REFERENCES `aros` (`id`),
  CONSTRAINT `aros_acos_ibfk_2` FOREIGN KEY (`aco_id`) REFERENCES `acos` (`id`)
) ENGINE=InnoDB AUTO_INCREMENT=1629 DEFAULT CHARSET=latin1;
/*!40101 SET character_set_client = @saved_cs_client */;

--
-- Dumping data for table `aros_acos`
--

LOCK TABLES `aros_acos` WRITE;
/*!40000 ALTER TABLE `aros_acos` DISABLE KEYS */;
INSERT INTO `aros_acos` VALUES (1,2,1,'1','1','1','1'),(2,1,1,'1','1','1','1'),(3,17,126,'1','1','1','1'),(4,17,159,'-1','-1','-1','-1'),(5,22,142,'1','1','1','1'),(6,22,143,'1','1','1','1'),(7,22,144,'1','1','1','1'),(8,22,145,'1','1','1','1'),(9,22,146,'1','1','1','1'),(10,22,147,'1','1','1','1'),(11,22,148,'1','1','1','1'),(12,22,149,'1','1','1','1'),(13,22,150,'1','1','1','1'),(14,22,151,'1','1','1','1'),(15,22,152,'1','1','1','1'),(16,22,153,'1','1','1','1'),(17,22,154,'1','1','1','1'),(18,17,190,'-1','-1','-1','-1'),(19,17,191,'-1','-1','-1','-1'),(20,17,192,'-1','-1','-1','-1'),(21,17,193,'-1','-1','-1','-1'),(22,17,194,'-1','-1','-1','-1'),(23,17,195,'-1','-1','-1','-1'),(24,17,196,'-1','-1','-1','-1'),(25,17,197,'-1','-1','-1','-1'),(26,17,198,'-1','-1','-1','-1'),(27,17,199,'-1','-1','-1','-1'),(28,17,200,'-1','-1','-1','-1'),(29,17,201,'-1','-1','-1','-1'),(30,17,202,'-1','-1','-1','-1'),(31,17,203,'-1','-1','-1','-1'),(32,17,204,'-1','-1','-1','-1'),(33,17,205,'-1','-1','-1','-1'),(34,17,206,'-1','-1','-1','-1'),(35,17,207,'-1','-1','-1','-1'),(36,17,208,'-1','-1','-1','-1'),(37,17,209,'-1','-1','-1','-1'),(38,17,210,'-1','-1','-1','-1'),(39,17,211,'-1','-1','-1','-1'),(40,17,212,'-1','-1','-1','-1'),(41,32,126,'1','1','1','1'),(42,32,127,'1','1','1','1'),(43,32,128,'1','1','1','1'),(44,32,129,'1','1','1','1'),(45,32,130,'1','1','1','1'),(46,32,131,'1','1','1','1'),(47,32,132,'1','1','1','1'),(48,32,133,'1','1','1','1'),(49,32,134,'1','1','1','1'),(50,32,135,'1','1','1','1'),(51,32,136,'1','1','1','1'),(52,32,137,'1','1','1','1'),(53,32,138,'1','1','1','1'),(54,32,139,'1','1','1','1'),(55,32,140,'1','1','1','1'),(56,32,141,'1','1','1','1'),(57,32,142,'1','1','1','1'),(58,32,143,'1','1','1','1'),(59,32,144,'1','1','1','1'),(60,32,145,'1','1','1','1'),(61,32,146,'1','1','1','1'),(62,32,147,'1','1','1','1'),(63,32,148,'1','1','1','1'),(64,32,149,'1','1','1','1'),(65,32,150,'1','1','1','1'),(66,32,151,'1','1','1','1'),(67,32,152,'1','1','1','1'),(68,32,153,'1','1','1','1'),(69,32,154,'1','1','1','1'),(70,32,155,'1','1','1','1'),(71,32,156,'1','1','1','1'),(72,32,157,'1','1','1','1'),(73,32,158,'1','1','1','1'),(75,32,159,'1','1','1','1'),(76,32,160,'1','1','1','1'),(77,32,161,'1','1','1','1'),(78,32,162,'1','1','1','1'),(79,32,163,'1','1','1','1'),(80,32,164,'1','1','1','1'),(81,32,165,'1','1','1','1'),(82,32,166,'1','1','1','1'),(83,32,167,'1','1','1','1'),(84,32,168,'1','1','1','1'),(85,32,169,'1','1','1','1'),(86,32,170,'1','1','1','1'),(87,32,171,'1','1','1','1'),(88,32,172,'1','1','1','1'),(89,32,173,'1','1','1','1'),(90,32,174,'1','1','1','1'),(91,32,175,'1','1','1','1'),(92,32,176,'1','1','1','1'),(93,32,177,'1','1','1','1'),(94,32,178,'1','1','1','1'),(95,32,179,'1','1','1','1'),(96,32,180,'1','1','1','1'),(97,32,181,'1','1','1','1'),(98,32,190,'1','1','1','1'),(99,32,191,'1','1','1','1'),(100,32,192,'1','1','1','1'),(101,32,193,'1','1','1','1'),(102,32,194,'1','1','1','1'),(103,32,195,'1','1','1','1'),(104,32,196,'1','1','1','1'),(105,32,197,'1','1','1','1'),(106,32,198,'1','1','1','1'),(107,32,199,'1','1','1','1'),(108,32,200,'1','1','1','1'),(109,32,202,'1','1','1','1'),(110,32,201,'1','1','1','1'),(111,32,203,'1','1','1','1'),(112,32,204,'1','1','1','1'),(113,32,205,'1','1','1','1'),(114,32,206,'1','1','1','1'),(115,32,207,'1','1','1','1'),(116,32,208,'1','1','1','1'),(117,32,209,'1','1','1','1'),(118,32,210,'1','1','1','1'),(119,32,211,'1','1','1','1'),(120,32,212,'1','1','1','1'),(123,17,213,'1','1','1','1'),(124,22,213,'1','1','1','1'),(125,32,213,'1','1','1','1'),(126,32,214,'1','1','1','1'),(127,22,214,'1','1','1','1'),(128,17,214,'1','1','1','1'),(129,17,215,'1','1','1','1'),(130,22,215,'1','1','1','1'),(131,32,215,'1','1','1','1'),(132,32,216,'1','1','1','1'),(133,22,216,'1','1','1','1'),(134,17,216,'1','1','1','1'),(135,17,217,'1','1','1','1'),(136,22,217,'1','1','1','1'),(137,32,217,'1','1','1','1'),(138,32,218,'1','1','1','1'),(139,22,218,'1','1','1','1'),(140,17,218,'1','1','1','1'),(141,17,219,'1','1','1','1'),(142,22,219,'1','1','1','1'),(143,32,219,'1','1','1','1'),(144,32,220,'1','1','1','1'),(145,22,220,'1','1','1','1'),(146,17,220,'1','1','1','1'),(147,17,221,'1','1','1','1'),(148,22,221,'1','1','1','1'),(149,32,221,'1','1','1','1'),(150,32,222,'1','1','1','1'),(151,22,222,'1','1','1','1'),(152,17,222,'1','1','1','1'),(153,17,223,'1','1','1','1'),(154,22,223,'1','1','1','1'),(155,32,223,'1','1','1','1'),(156,32,224,'1','1','1','1'),(157,22,224,'1','1','1','1'),(158,17,224,'1','1','1','1'),(159,17,225,'1','1','1','1'),(160,22,225,'1','1','1','1'),(161,32,225,'1','1','1','1'),(162,17,160,'-1','-1','-1','-1'),(163,17,161,'-1','-1','-1','-1'),(164,17,162,'-1','-1','-1','-1'),(165,17,163,'-1','-1','-1','-1'),(166,17,164,'-1','-1','-1','-1'),(167,17,165,'-1','-1','-1','-1'),(168,17,166,'-1','-1','-1','-1'),(169,17,167,'-1','-1','-1','-1'),(170,17,168,'-1','-1','-1','-1'),(171,17,169,'-1','-1','-1','-1'),(172,17,170,'-1','-1','-1','-1'),(173,17,171,'-1','-1','-1','-1'),(174,17,172,'-1','-1','-1','-1'),(175,17,173,'-1','-1','-1','-1'),(176,17,175,'-1','-1','-1','-1'),(177,17,176,'-1','-1','-1','-1'),(178,17,174,'-1','-1','-1','-1'),(179,17,177,'-1','-1','-1','-1'),(180,17,178,'-1','-1','-1','-1'),(181,17,179,'-1','-1','-1','-1'),(182,17,180,'-1','-1','-1','-1'),(183,17,181,'-1','-1','-1','-1'),(184,22,140,'1','1','1','1'),(185,22,141,'1','1','1','1'),(186,48,1,'1','1','1','1'),(187,48,2,'1','1','1','1'),(188,48,3,'1','1','1','1'),(189,48,4,'1','1','1','1'),(190,48,5,'1','1','1','1'),(191,48,6,'1','1','1','1'),(192,48,7,'1','1','1','1'),(193,48,8,'1','1','1','1'),(194,48,9,'1','1','1','1'),(195,48,10,'1','1','1','1'),(196,48,11,'1','1','1','1'),(197,48,12,'1','1','1','1'),(198,48,13,'1','1','1','1'),(199,48,14,'1','1','1','1'),(200,48,15,'1','1','1','1'),(201,48,16,'1','1','1','1'),(202,48,17,'1','1','1','1'),(203,48,18,'1','1','1','1'),(204,48,19,'1','1','1','1'),(205,48,20,'1','1','1','1'),(206,48,21,'1','1','1','1'),(207,48,22,'1','1','1','1'),(208,48,23,'1','1','1','1'),(209,48,24,'1','1','1','1'),(210,48,25,'1','1','1','1'),(211,48,26,'1','1','1','1'),(212,48,27,'1','1','1','1'),(213,48,28,'1','1','1','1'),(214,48,29,'1','1','1','1'),(215,48,30,'1','1','1','1'),(216,48,31,'1','1','1','1'),(217,48,32,'1','1','1','1'),(218,48,33,'1','1','1','1'),(219,48,34,'1','1','1','1'),(220,48,35,'1','1','1','1'),(221,48,36,'1','1','1','1'),(222,48,37,'1','1','1','1'),(223,48,38,'1','1','1','1'),(224,48,39,'1','1','1','1'),(225,48,40,'1','1','1','1'),(226,48,41,'1','1','1','1'),(227,48,42,'1','1','1','1'),(228,48,43,'1','1','1','1'),(229,48,44,'1','1','1','1'),(230,48,45,'1','1','1','1'),(231,48,46,'1','1','1','1'),(232,48,47,'1','1','1','1'),(233,48,48,'1','1','1','1'),(234,48,49,'1','1','1','1'),(235,48,50,'1','1','1','1'),(236,48,51,'1','1','1','1'),(237,48,52,'1','1','1','1'),(238,48,53,'1','1','1','1'),(239,48,54,'1','1','1','1'),(240,48,55,'1','1','1','1'),(241,48,56,'1','1','1','1'),(242,48,57,'1','1','1','1'),(243,48,58,'1','1','1','1'),(244,48,59,'1','1','1','1'),(245,48,60,'1','1','1','1'),(246,48,61,'1','1','1','1'),(247,48,62,'1','1','1','1'),(248,48,63,'1','1','1','1'),(249,48,64,'1','1','1','1'),(250,48,65,'1','1','1','1'),(251,48,66,'1','1','1','1'),(252,48,67,'1','1','1','1'),(253,48,68,'1','1','1','1'),(254,48,69,'1','1','1','1'),(255,48,70,'1','1','1','1'),(256,48,71,'1','1','1','1'),(257,48,72,'1','1','1','1'),(258,48,73,'1','1','1','1'),(259,48,74,'1','1','1','1'),(260,48,75,'1','1','1','1'),(261,48,76,'1','1','1','1'),(262,48,77,'1','1','1','1'),(263,48,78,'1','1','1','1'),(264,48,79,'1','1','1','1'),(265,48,80,'1','1','1','1'),(266,48,81,'1','1','1','1'),(267,48,82,'1','1','1','1'),(268,48,83,'1','1','1','1'),(269,48,84,'1','1','1','1'),(270,48,85,'1','1','1','1'),(271,48,86,'1','1','1','1'),(272,48,87,'1','1','1','1'),(273,48,88,'1','1','1','1'),(274,48,89,'1','1','1','1'),(275,48,90,'1','1','1','1'),(276,48,91,'1','1','1','1'),(277,48,92,'1','1','1','1'),(280,48,93,'1','1','1','1'),(281,48,94,'1','1','1','1'),(282,48,95,'1','1','1','1'),(283,48,96,'1','1','1','1'),(284,48,97,'1','1','1','1'),(285,48,98,'1','1','1','1'),(286,48,99,'1','1','1','1'),(287,48,100,'1','1','1','1'),(288,48,101,'1','1','1','1'),(289,48,102,'1','1','1','1'),(290,48,103,'1','1','1','1'),(291,48,104,'1','1','1','1'),(292,48,105,'1','1','1','1'),(293,48,106,'1','1','1','1'),(294,48,107,'1','1','1','1'),(295,48,108,'1','1','1','1'),(296,48,109,'1','1','1','1'),(297,48,110,'1','1','1','1'),(298,48,111,'1','1','1','1'),(299,48,112,'1','1','1','1'),(300,48,113,'1','1','1','1'),(301,48,114,'1','1','1','1'),(302,48,115,'1','1','1','1'),(303,48,116,'1','1','1','1'),(304,48,117,'1','1','1','1'),(305,48,118,'1','1','1','1'),(306,48,119,'1','1','1','1'),(307,48,120,'1','1','1','1'),(308,48,121,'1','1','1','1'),(309,48,122,'1','1','1','1'),(310,48,123,'1','1','1','1'),(311,48,124,'1','1','1','1'),(312,48,125,'1','1','1','1'),(313,48,126,'1','1','1','1'),(314,48,127,'1','1','1','1'),(315,48,128,'1','1','1','1'),(316,48,129,'1','1','1','1'),(317,48,130,'1','1','1','1'),(318,48,131,'1','1','1','1'),(319,48,132,'1','1','1','1'),(320,48,133,'1','1','1','1'),(321,48,134,'1','1','1','1'),(322,48,135,'1','1','1','1'),(323,48,136,'1','1','1','1'),(324,48,137,'1','1','1','1'),(325,48,138,'1','1','1','1'),(326,48,139,'1','1','1','1'),(327,48,140,'1','1','1','1'),(328,48,141,'1','1','1','1'),(329,48,142,'1','1','1','1'),(330,48,143,'1','1','1','1'),(331,48,144,'1','1','1','1'),(332,48,145,'1','1','1','1'),(333,48,146,'1','1','1','1'),(334,48,147,'1','1','1','1'),(335,48,148,'1','1','1','1'),(336,48,149,'1','1','1','1'),(337,48,150,'1','1','1','1'),(338,48,151,'1','1','1','1'),(339,48,152,'1','1','1','1'),(340,48,153,'1','1','1','1'),(341,48,154,'1','1','1','1'),(342,48,155,'1','1','1','1'),(343,48,156,'1','1','1','1'),(344,48,157,'1','1','1','1'),(345,48,158,'1','1','1','1'),(346,48,159,'1','1','1','1'),(347,48,160,'1','1','1','1'),(348,48,161,'1','1','1','1'),(349,48,162,'1','1','1','1'),(350,48,163,'1','1','1','1'),(351,48,164,'1','1','1','1'),(352,48,165,'1','1','1','1'),(353,48,166,'1','1','1','1'),(354,48,167,'1','1','1','1'),(355,48,168,'1','1','1','1'),(356,48,169,'1','1','1','1'),(357,48,170,'1','1','1','1'),(358,48,171,'1','1','1','1'),(359,48,172,'1','1','1','1'),(360,48,173,'1','1','1','1'),(361,48,174,'1','1','1','1'),(362,48,175,'1','1','1','1'),(363,48,176,'1','1','1','1'),(364,48,177,'1','1','1','1'),(365,48,178,'1','1','1','1'),(366,48,179,'1','1','1','1'),(367,48,180,'1','1','1','1'),(368,48,181,'1','1','1','1'),(369,48,190,'1','1','1','1'),(370,48,191,'1','1','1','1'),(371,48,192,'1','1','1','1'),(372,48,193,'1','1','1','1'),(373,48,194,'1','1','1','1'),(374,48,195,'1','1','1','1'),(375,48,196,'1','1','1','1'),(376,48,197,'1','1','1','1'),(377,48,198,'1','1','1','1'),(378,48,199,'1','1','1','1'),(379,48,200,'1','1','1','1'),(380,48,201,'1','1','1','1'),(381,48,202,'1','1','1','1'),(382,48,203,'1','1','1','1'),(383,48,204,'1','1','1','1'),(384,48,205,'1','1','1','1'),(385,48,206,'1','1','1','1'),(386,48,207,'1','1','1','1'),(387,48,208,'1','1','1','1'),(388,48,209,'1','1','1','1'),(389,48,210,'1','1','1','1'),(390,48,211,'1','1','1','1'),(391,48,212,'1','1','1','1'),(392,48,213,'1','1','1','1'),(393,48,214,'1','1','1','1'),(394,48,215,'1','1','1','1'),(395,48,216,'1','1','1','1'),(396,48,217,'1','1','1','1'),(397,48,218,'1','1','1','1'),(398,48,219,'1','1','1','1'),(399,48,220,'1','1','1','1'),(400,48,221,'1','1','1','1'),(401,48,222,'1','1','1','1'),(402,48,223,'1','1','1','1'),(403,48,224,'1','1','1','1'),(404,48,225,'1','1','1','1'),(405,49,213,'1','1','1','1'),(406,50,213,'1','1','1','1'),(407,51,213,'1','1','1','1'),(408,51,214,'1','1','1','1'),(409,50,214,'1','1','1','1'),(410,49,214,'1','1','1','1'),(411,49,215,'1','1','1','1'),(412,50,215,'1','1','1','1'),(413,51,215,'1','1','1','1'),(414,51,216,'1','1','1','1'),(415,50,216,'1','1','1','1'),(416,49,216,'1','1','1','1'),(417,49,217,'1','1','1','1'),(418,50,217,'1','1','1','1'),(419,51,217,'1','1','1','1'),(420,51,218,'1','1','1','1'),(421,50,218,'1','1','1','1'),(422,49,218,'1','1','1','1'),(423,49,219,'1','1','1','1'),(424,50,219,'1','1','1','1'),(425,51,219,'1','1','1','1'),(426,49,225,'1','1','1','1'),(427,50,225,'1','1','1','1'),(428,51,225,'1','1','1','1'),(429,51,224,'1','1','1','1'),(430,50,224,'1','1','1','1'),(431,49,224,'1','1','1','1'),(432,49,223,'1','1','1','1'),(433,50,223,'1','1','1','1'),(434,51,222,'1','1','1','1'),(435,50,222,'1','1','1','1'),(436,49,222,'1','1','1','1'),(437,49,221,'1','1','1','1'),(438,49,220,'1','1','1','1'),(439,51,220,'1','1','1','1'),(440,50,220,'1','1','1','1'),(441,51,221,'1','1','1','1'),(442,50,221,'1','1','1','1'),(443,51,223,'1','1','1','1'),(444,49,141,'1','1','1','1'),(445,50,141,'1','1','1','1'),(446,51,141,'1','1','1','1'),(447,51,140,'1','1','1','1'),(448,50,140,'1','1','1','1'),(449,49,140,'1','1','1','1'),(450,49,142,'1','1','1','1'),(451,50,142,'1','1','1','1'),(452,51,142,'1','1','1','1'),(453,49,143,'1','1','1','1'),(454,50,143,'1','1','1','1'),(455,51,143,'1','1','1','1'),(456,50,144,'1','1','1','1'),(457,51,144,'1','1','1','1'),(458,49,144,'1','1','1','1'),(459,49,145,'1','1','1','1'),(460,50,145,'1','1','1','1'),(461,51,146,'1','1','1','1'),(462,51,145,'1','1','1','1'),(463,50,146,'1','1','1','1'),(464,49,146,'1','1','1','1'),(465,79,126,'1','1','1','1'),(466,79,127,'1','1','1','1'),(467,79,128,'1','1','1','1'),(468,79,129,'1','1','1','1'),(469,79,130,'1','1','1','1'),(470,79,131,'1','1','1','1'),(471,79,132,'1','1','1','1'),(472,79,133,'1','1','1','1'),(473,79,134,'1','1','1','1'),(474,79,135,'1','1','1','1'),(475,79,136,'1','1','1','1'),(476,79,137,'1','1','1','1'),(477,79,138,'1','1','1','1'),(478,79,139,'1','1','1','1'),(479,79,140,'1','1','1','1'),(480,79,141,'1','1','1','1'),(481,79,142,'1','1','1','1'),(482,79,143,'1','1','1','1'),(483,79,144,'1','1','1','1'),(484,79,145,'1','1','1','1'),(485,79,146,'1','1','1','1'),(486,79,147,'1','1','1','1'),(487,79,148,'1','1','1','1'),(488,79,149,'1','1','1','1'),(489,79,150,'1','1','1','1'),(490,79,151,'1','1','1','1'),(491,79,152,'1','1','1','1'),(492,79,153,'1','1','1','1'),(493,79,154,'1','1','1','1'),(494,79,155,'1','1','1','1'),(495,79,156,'1','1','1','1'),(496,79,157,'1','1','1','1'),(497,79,159,'1','1','1','1'),(498,79,181,'1','1','1','1'),(499,79,190,'1','1','1','1'),(500,79,212,'1','1','1','1'),(501,79,211,'1','1','1','1'),(502,79,210,'1','1','1','1'),(503,79,209,'1','1','1','1'),(504,79,208,'1','1','1','1'),(505,79,207,'1','1','1','1'),(506,79,206,'1','1','1','1'),(507,79,205,'1','1','1','1'),(508,79,160,'1','1','1','1'),(509,79,161,'1','1','1','1'),(510,79,162,'1','1','1','1'),(511,79,163,'1','1','1','1'),(512,79,164,'1','1','1','1'),(513,79,165,'1','1','1','1'),(514,79,166,'1','1','1','1'),(515,79,167,'1','1','1','1'),(516,79,168,'1','1','1','1'),(517,79,169,'1','1','1','1'),(518,79,170,'1','1','1','1'),(519,79,171,'1','1','1','1'),(520,79,172,'1','1','1','1'),(521,79,173,'1','1','1','1'),(522,79,174,'1','1','1','1'),(523,79,175,'1','1','1','1'),(524,79,176,'1','1','1','1'),(525,79,177,'1','1','1','1'),(526,79,178,'1','1','1','1'),(527,79,179,'1','1','1','1'),(528,79,180,'1','1','1','1'),(529,79,204,'1','1','1','1'),(530,79,203,'1','1','1','1'),(531,79,202,'1','1','1','1'),(532,79,201,'1','1','1','1'),(533,79,200,'1','1','1','1'),(534,79,199,'1','1','1','1'),(535,79,198,'1','1','1','1'),(536,79,197,'1','1','1','1'),(537,79,196,'1','1','1','1'),(538,79,195,'1','1','1','1'),(539,79,194,'1','1','1','1'),(540,79,193,'1','1','1','1'),(541,79,192,'1','1','1','1'),(542,79,191,'1','1','1','1'),(543,79,266,'1','1','1','1'),(544,79,267,'1','1','1','1'),(545,79,268,'1','1','1','1'),(546,79,269,'1','1','1','1'),(547,79,270,'1','1','1','1'),(548,79,271,'1','1','1','1'),(549,79,272,'1','1','1','1'),(550,79,273,'1','1','1','1'),(551,79,274,'1','1','1','1'),(552,79,275,'1','1','1','1'),(553,79,276,'1','1','1','1'),(554,79,277,'1','1','1','1'),(555,79,278,'1','1','1','1'),(556,79,279,'1','1','1','1'),(557,79,280,'1','1','1','1'),(558,79,281,'1','1','1','1'),(559,79,282,'1','1','1','1'),(560,79,283,'1','1','1','1'),(561,79,284,'1','1','1','1'),(562,79,285,'1','1','1','1'),(563,79,286,'1','1','1','1'),(564,79,287,'1','1','1','1'),(565,79,288,'1','1','1','1'),(566,79,289,'1','1','1','1'),(567,79,290,'1','1','1','1'),(568,79,291,'1','1','1','1'),(569,79,292,'1','1','1','1'),(570,79,347,'1','1','1','1'),(571,79,373,'1','1','1','1'),(572,79,372,'1','1','1','1'),(573,79,371,'1','1','1','1'),(574,79,370,'1','1','1','1'),(575,79,369,'1','1','1','1'),(576,79,368,'1','1','1','1'),(577,79,367,'1','1','1','1'),(578,79,366,'1','1','1','1'),(579,79,365,'1','1','1','1'),(580,79,364,'1','1','1','1'),(581,79,363,'1','1','1','1'),(582,79,362,'1','1','1','1'),(583,79,361,'1','1','1','1'),(584,79,360,'1','1','1','1'),(585,79,359,'1','1','1','1'),(586,79,358,'1','1','1','1'),(587,79,357,'1','1','1','1'),(588,79,356,'1','1','1','1'),(589,79,355,'1','1','1','1'),(590,79,354,'1','1','1','1'),(591,79,353,'1','1','1','1'),(592,79,352,'1','1','1','1'),(593,79,351,'1','1','1','1'),(594,79,350,'1','1','1','1'),(595,79,349,'1','1','1','1'),(596,79,348,'1','1','1','1'),(597,79,374,'1','1','1','1'),(598,79,375,'1','1','1','1'),(599,79,376,'1','1','1','1'),(600,79,377,'1','1','1','1'),(601,79,378,'1','1','1','1'),(602,79,379,'1','1','1','1'),(603,79,380,'1','1','1','1'),(604,79,381,'1','1','1','1'),(605,79,382,'1','1','1','1'),(606,79,383,'1','1','1','1'),(607,79,384,'1','1','1','1'),(608,79,385,'1','1','1','1'),(609,79,386,'1','1','1','1'),(610,79,387,'1','1','1','1'),(611,79,388,'1','1','1','1'),(612,79,389,'1','1','1','1'),(613,79,390,'1','1','1','1'),(614,79,391,'1','1','1','1'),(615,79,392,'1','1','1','1'),(616,79,393,'1','1','1','1'),(617,79,394,'1','1','1','1'),(618,79,395,'1','1','1','1'),(619,79,396,'1','1','1','1'),(620,79,397,'1','1','1','1'),(621,79,398,'1','1','1','1'),(622,79,399,'1','1','1','1'),(623,79,400,'1','1','1','1'),(624,79,320,'1','1','1','1'),(625,79,321,'1','1','1','1'),(626,79,346,'1','1','1','1'),(627,79,345,'1','1','1','1'),(628,79,344,'1','1','1','1'),(629,79,343,'1','1','1','1'),(630,79,342,'1','1','1','1'),(631,79,341,'1','1','1','1'),(632,79,340,'1','1','1','1'),(633,79,338,'1','1','1','1'),(634,79,339,'1','1','1','1'),(635,79,337,'1','1','1','1'),(636,79,336,'1','1','1','1'),(637,79,335,'1','1','1','1'),(638,79,334,'1','1','1','1'),(639,79,333,'1','1','1','1'),(640,79,332,'1','1','1','1'),(641,79,331,'1','1','1','1'),(642,79,330,'1','1','1','1'),(643,79,329,'1','1','1','1'),(644,79,328,'1','1','1','1'),(645,79,327,'1','1','1','1'),(646,79,323,'1','1','1','1'),(647,79,325,'1','1','1','1'),(648,79,326,'1','1','1','1'),(649,79,324,'1','1','1','1'),(650,79,322,'1','1','1','1'),(651,79,401,'1','1','1','1'),(652,79,402,'1','1','1','1'),(653,79,403,'1','1','1','1'),(654,79,404,'1','1','1','1'),(655,79,405,'1','1','1','1'),(656,79,406,'1','1','1','1'),(657,79,407,'1','1','1','1'),(658,79,408,'1','1','1','1'),(659,79,409,'1','1','1','1'),(660,79,410,'1','1','1','1'),(661,79,411,'1','1','1','1'),(662,79,412,'1','1','1','1'),(663,79,413,'1','1','1','1'),(664,79,414,'1','1','1','1'),(665,79,415,'1','1','1','1'),(666,79,416,'1','1','1','1'),(667,79,417,'1','1','1','1'),(668,79,418,'1','1','1','1'),(669,79,419,'1','1','1','1'),(670,79,420,'1','1','1','1'),(671,79,421,'1','1','1','1'),(672,79,422,'1','1','1','1'),(673,79,423,'1','1','1','1'),(674,49,424,'1','1','1','1'),(675,50,424,'1','1','1','1'),(676,51,424,'1','1','1','1'),(677,51,425,'1','1','1','1'),(678,50,425,'1','1','1','1'),(679,49,425,'1','1','1','1'),(680,49,426,'1','1','1','1'),(681,50,426,'1','1','1','1'),(682,51,426,'1','1','1','1'),(683,51,427,'1','1','1','1'),(684,50,427,'1','1','1','1'),(685,49,427,'1','1','1','1'),(686,49,428,'1','1','1','1'),(687,50,428,'1','1','1','1'),(688,51,428,'1','1','1','1'),(689,51,429,'1','1','1','1'),(690,50,429,'1','1','1','1'),(691,49,430,'1','1','1','1'),(692,50,430,'1','1','1','1'),(693,51,430,'1','1','1','1'),(694,49,429,'1','1','1','1'),(695,49,431,'1','1','1','1'),(696,50,431,'1','1','1','1'),(697,51,431,'1','1','1','1'),(698,51,432,'1','1','1','1'),(699,50,432,'1','1','1','1'),(700,49,432,'1','1','1','1'),(701,49,433,'1','1','1','1'),(702,49,434,'1','1','1','1'),(703,49,435,'1','1','1','1'),(704,49,436,'1','1','1','1'),(705,49,437,'1','1','1','1'),(706,50,437,'1','1','1','1'),(707,50,436,'1','1','1','1'),(708,50,435,'1','1','1','1'),(709,50,434,'1','1','1','1'),(710,50,433,'1','1','1','1'),(711,51,433,'1','1','1','1'),(712,51,434,'1','1','1','1'),(713,51,435,'1','1','1','1'),(714,51,436,'1','1','1','1'),(715,51,437,'1','1','1','1'),(716,51,438,'1','1','1','1'),(717,50,438,'1','1','1','1'),(718,49,438,'1','1','1','1'),(719,49,439,'1','1','1','1'),(720,49,440,'1','1','1','1'),(721,49,441,'1','1','1','1'),(722,49,442,'1','1','1','1'),(723,49,443,'1','1','1','1'),(724,50,443,'1','1','1','1'),(725,50,442,'1','1','1','1'),(726,50,441,'1','1','1','1'),(727,50,440,'1','1','1','1'),(728,50,439,'1','1','1','1'),(729,51,439,'1','1','1','1'),(730,51,440,'1','1','1','1'),(731,51,441,'1','1','1','1'),(732,51,442,'1','1','1','1'),(733,51,443,'1','1','1','1'),(734,49,444,'1','1','1','1'),(735,50,444,'1','1','1','1'),(736,51,444,'1','1','1','1'),(737,51,445,'1','1','1','1'),(738,51,446,'1','1','1','1'),(739,51,447,'1','1','1','1'),(740,51,448,'1','1','1','1'),(741,51,449,'1','1','1','1'),(742,51,450,'1','1','1','1'),(743,50,450,'1','1','1','1'),(744,49,450,'1','1','1','1'),(745,49,449,'1','1','1','1'),(746,49,448,'1','1','1','1'),(747,49,447,'1','1','1','1'),(748,49,446,'1','1','1','1'),(749,49,445,'1','1','1','1'),(750,50,445,'1','1','1','1'),(751,50,446,'1','1','1','1'),(752,50,447,'1','1','1','1'),(753,50,448,'1','1','1','1'),(754,50,449,'1','1','1','1'),(755,79,462,'1','1','1','1'),(756,79,463,'1','1','1','1'),(757,79,464,'1','1','1','1'),(758,79,465,'1','1','1','1'),(759,79,466,'1','1','1','1'),(760,79,467,'1','1','1','1'),(761,79,468,'1','1','1','1'),(762,79,469,'1','1','1','1'),(763,79,470,'1','1','1','1'),(764,79,471,'1','1','1','1'),(765,79,472,'1','1','1','1'),(766,79,473,'1','1','1','1'),(767,79,474,'1','1','1','1'),(768,79,475,'1','1','1','1'),(769,79,477,'1','1','1','1'),(770,79,478,'1','1','1','1'),(771,79,476,'1','1','1','1'),(772,79,479,'1','1','1','1'),(773,79,480,'1','1','1','1'),(774,79,481,'1','1','1','1'),(775,79,482,'1','1','1','1'),(776,79,489,'1','1','1','1'),(777,79,488,'1','1','1','1'),(778,79,487,'1','1','1','1'),(779,79,486,'1','1','1','1'),(780,79,485,'1','1','1','1'),(781,79,484,'1','1','1','1'),(782,79,483,'1','1','1','1'),(840,49,652,'1','1','1','1'),(841,50,652,'1','1','1','1'),(842,51,652,'1','1','1','1'),(843,51,651,'1','1','1','1'),(844,50,651,'1','1','1','1'),(845,49,651,'1','1','1','1'),(846,49,650,'1','1','1','1'),(847,50,650,'1','1','1','1'),(848,51,650,'1','1','1','1'),(849,51,649,'1','1','1','1'),(850,50,649,'1','1','1','1'),(851,49,649,'1','1','1','1'),(852,49,648,'1','1','1','1'),(855,50,648,'1','1','1','1'),(856,51,648,'1','1','1','1'),(857,51,647,'1','1','1','1'),(858,49,647,'1','1','1','1'),(859,50,647,'1','1','1','1'),(860,50,625,'1','1','1','1'),(861,49,625,'1','1','1','1'),(862,50,626,'1','1','1','1'),(863,51,626,'1','1','1','1'),(864,51,625,'1','1','1','1'),(865,49,626,'1','1','1','1'),(866,50,628,'1','1','1','1'),(867,50,627,'1','1','1','1'),(868,51,627,'1','1','1','1'),(869,50,629,'1','1','1','1'),(870,49,628,'1','1','1','1'),(871,51,629,'1','1','1','1'),(872,51,628,'1','1','1','1'),(873,50,630,'1','1','1','1'),(874,49,627,'1','1','1','1'),(875,49,630,'1','1','1','1'),(876,51,630,'1','1','1','1'),(877,49,631,'1','1','1','1'),(878,49,629,'1','1','1','1'),(879,50,631,'1','1','1','1'),(880,51,631,'1','1','1','1'),(881,50,632,'1','1','1','1'),(882,51,632,'1','1','1','1'),(883,49,632,'1','1','1','1'),(884,49,633,'1','1','1','1'),(885,50,633,'1','1','1','1'),(886,51,633,'1','1','1','1'),(887,51,634,'1','1','1','1'),(888,50,634,'1','1','1','1'),(889,49,634,'1','1','1','1'),(890,51,635,'1','1','1','1'),(891,50,635,'1','1','1','1'),(892,49,635,'1','1','1','1'),(893,49,636,'1','1','1','1'),(894,50,636,'1','1','1','1'),(895,51,636,'1','1','1','1'),(896,51,637,'1','1','1','1'),(897,50,637,'1','1','1','1'),(898,49,637,'1','1','1','1'),(899,49,638,'1','1','1','1'),(900,50,638,'1','1','1','1'),(901,51,638,'1','1','1','1'),(902,51,639,'1','1','1','1'),(903,50,639,'1','1','1','1'),(904,49,639,'1','1','1','1'),(905,49,640,'1','1','1','1'),(906,50,640,'1','1','1','1'),(907,51,640,'1','1','1','1'),(908,51,641,'1','1','1','1'),(909,50,641,'1','1','1','1'),(910,49,641,'1','1','1','1'),(911,49,642,'1','1','1','1'),(912,50,642,'1','1','1','1'),(913,51,642,'1','1','1','1'),(914,49,643,'1','1','1','1'),(915,51,644,'1','1','1','1'),(916,50,644,'1','1','1','1'),(917,51,645,'1','1','1','1'),(918,49,644,'1','1','1','1'),(919,51,646,'1','1','1','1'),(920,50,646,'1','1','1','1'),(921,50,643,'1','1','1','1'),(922,50,645,'1','1','1','1'),(923,49,646,'1','1','1','1'),(924,49,645,'1','1','1','1'),(925,51,643,'1','1','1','1'),(926,49,665,'1','1','1','1'),(927,50,665,'1','1','1','1'),(928,51,665,'1','1','1','1'),(929,49,692,'1','1','1','1'),(930,50,692,'1','1','1','1'),(931,51,692,'1','1','1','1'),(932,49,693,'1','1','1','1'),(933,51,693,'1','1','1','1'),(934,50,694,'1','1','1','1'),(935,50,693,'1','1','1','1'),(936,49,694,'1','1','1','1'),(937,49,695,'1','1','1','1'),(938,49,696,'1','1','1','1'),(939,49,697,'1','1','1','1'),(940,49,698,'1','1','1','1'),(941,49,700,'1','1','1','1'),(942,50,700,'1','1','1','1'),(943,51,700,'1','1','1','1'),(944,51,698,'1','1','1','1'),(945,50,698,'1','1','1','1'),(946,50,697,'1','1','1','1'),(947,50,696,'1','1','1','1'),(948,50,695,'1','1','1','1'),(949,51,694,'1','1','1','1'),(950,51,695,'1','1','1','1'),(951,51,696,'1','1','1','1'),(952,51,697,'1','1','1','1'),(953,49,666,'1','1','1','1'),(954,50,666,'1','1','1','1'),(955,51,667,'1','1','1','1'),(956,50,667,'1','1','1','1'),(957,51,666,'1','1','1','1'),(958,49,667,'1','1','1','1'),(959,49,668,'1','1','1','1'),(960,50,668,'1','1','1','1'),(961,51,668,'1','1','1','1'),(962,51,669,'1','1','1','1'),(963,50,669,'1','1','1','1'),(964,49,669,'1','1','1','1'),(965,49,670,'1','1','1','1'),(966,49,671,'1','1','1','1'),(967,50,671,'1','1','1','1'),(968,51,671,'1','1','1','1'),(969,51,670,'1','1','1','1'),(970,50,670,'1','1','1','1'),(971,51,672,'1','1','1','1'),(972,50,672,'1','1','1','1'),(973,49,672,'1','1','1','1'),(974,49,673,'1','1','1','1'),(975,49,674,'1','1','1','1'),(976,50,673,'1','1','1','1'),(977,51,673,'1','1','1','1'),(978,51,674,'1','1','1','1'),(979,50,674,'1','1','1','1'),(980,50,675,'1','1','1','1'),(981,49,675,'1','1','1','1'),(982,51,675,'1','1','1','1'),(983,51,676,'1','1','1','1'),(984,50,676,'1','1','1','1'),(985,49,676,'1','1','1','1'),(986,49,677,'1','1','1','1'),(987,49,678,'1','1','1','1'),(988,50,678,'1','1','1','1'),(989,50,677,'1','1','1','1'),(990,51,677,'1','1','1','1'),(991,51,678,'1','1','1','1'),(992,51,679,'1','1','1','1'),(993,50,679,'1','1','1','1'),(994,49,679,'1','1','1','1'),(995,49,680,'1','1','1','1'),(996,49,681,'1','1','1','1'),(997,49,682,'1','1','1','1'),(998,50,682,'1','1','1','1'),(999,51,682,'1','1','1','1'),(1000,51,681,'1','1','1','1'),(1001,50,681,'1','1','1','1'),(1002,50,680,'1','1','1','1'),(1003,51,680,'1','1','1','1'),(1004,51,683,'1','1','1','1'),(1005,50,683,'1','1','1','1'),(1006,49,683,'1','1','1','1'),(1007,49,684,'1','1','1','1'),(1008,50,684,'1','1','1','1'),(1009,51,684,'1','1','1','1'),(1010,51,685,'1','1','1','1'),(1011,50,685,'1','1','1','1'),(1012,49,685,'1','1','1','1'),(1013,49,686,'1','1','1','1'),(1014,50,686,'1','1','1','1'),(1015,51,686,'1','1','1','1'),(1016,51,687,'1','1','1','1'),(1017,50,687,'1','1','1','1'),(1018,49,687,'1','1','1','1'),(1019,49,688,'1','1','1','1'),(1020,50,688,'1','1','1','1'),(1021,51,688,'1','1','1','1'),(1022,51,689,'1','1','1','1'),(1023,50,689,'1','1','1','1'),(1024,49,689,'1','1','1','1'),(1025,49,690,'1','1','1','1'),(1026,50,690,'1','1','1','1'),(1027,51,690,'1','1','1','1'),(1028,51,691,'1','1','1','1'),(1029,50,691,'1','1','1','1'),(1030,49,691,'1','1','1','1'),(1031,49,488,'1','1','1','1'),(1032,51,488,'1','1','1','1'),(1033,50,488,'1','1','1','1'),(1034,50,487,'1','1','1','1'),(1035,51,487,'1','1','1','1'),(1036,49,487,'1','1','1','1'),(1037,49,486,'1','1','1','1'),(1038,50,486,'1','1','1','1'),(1039,51,486,'1','1','1','1'),(1040,51,485,'1','1','1','1'),(1041,50,485,'1','1','1','1'),(1042,49,485,'1','1','1','1'),(1043,49,484,'1','1','1','1'),(1044,50,484,'1','1','1','1'),(1045,51,484,'1','1','1','1'),(1046,51,483,'1','1','1','1'),(1047,50,483,'1','1','1','1'),(1048,49,482,'1','1','1','1'),(1049,49,483,'1','1','1','1'),(1050,50,482,'1','1','1','1'),(1051,51,482,'1','1','1','1'),(1052,50,481,'1','1','1','1'),(1053,49,481,'1','1','1','1'),(1054,49,480,'1','1','1','1'),(1055,50,480,'1','1','1','1'),(1056,51,480,'1','1','1','1'),(1057,51,481,'1','1','1','1'),(1058,51,479,'1','1','1','1'),(1059,50,479,'1','1','1','1'),(1060,49,479,'1','1','1','1'),(1061,49,478,'1','1','1','1'),(1062,50,478,'1','1','1','1'),(1063,51,478,'1','1','1','1'),(1064,49,477,'1','1','1','1'),(1065,50,477,'1','1','1','1'),(1066,51,477,'1','1','1','1'),(1067,51,476,'1','1','1','1'),(1068,50,476,'1','1','1','1'),(1069,49,476,'1','1','1','1'),(1070,49,475,'1','1','1','1'),(1071,50,475,'1','1','1','1'),(1072,51,475,'1','1','1','1'),(1073,51,474,'1','1','1','1'),(1074,50,474,'1','1','1','1'),(1075,49,474,'1','1','1','1'),(1076,49,473,'1','1','1','1'),(1077,50,473,'1','1','1','1'),(1078,51,473,'1','1','1','1'),(1079,49,465,'1','1','1','1'),(1080,50,465,'1','1','1','1'),(1081,51,464,'1','1','1','1'),(1082,50,464,'1','1','1','1'),(1083,51,465,'1','1','1','1'),(1084,49,464,'1','1','1','1'),(1085,49,463,'1','1','1','1'),(1086,50,463,'1','1','1','1'),(1087,51,463,'1','1','1','1'),(1088,51,462,'1','1','1','1'),(1089,49,462,'1','1','1','1'),(1090,50,462,'1','1','1','1'),(1091,49,755,'1','1','1','1'),(1092,51,755,'1','1','1','1'),(1093,50,755,'1','1','1','1'),(1094,49,788,'1','1','1','1'),(1095,51,787,'1','1','1','1'),(1096,49,786,'1','1','1','1'),(1097,50,787,'1','1','1','1'),(1098,50,788,'1','1','1','1'),(1099,51,786,'1','1','1','1'),(1100,49,787,'1','1','1','1'),(1101,50,786,'1','1','1','1'),(1102,51,788,'1','1','1','1'),(1103,51,785,'1','1','1','1'),(1104,51,784,'1','1','1','1'),(1105,51,782,'1','1','1','1'),(1106,51,783,'1','1','1','1'),(1107,50,783,'1','1','1','1'),(1108,50,784,'1','1','1','1'),(1109,50,785,'1','1','1','1'),(1110,49,785,'1','1','1','1'),(1111,49,784,'1','1','1','1'),(1112,49,783,'1','1','1','1'),(1113,49,782,'1','1','1','1'),(1114,50,782,'1','1','1','1'),(1115,50,781,'1','1','1','1'),(1116,51,781,'1','1','1','1'),(1117,51,780,'1','1','1','1'),(1118,50,780,'1','1','1','1'),(1119,49,780,'1','1','1','1'),(1120,49,781,'1','1','1','1'),(1121,49,779,'1','1','1','1'),(1122,49,778,'1','1','1','1'),(1123,49,777,'1','1','1','1'),(1124,49,776,'1','1','1','1'),(1125,49,775,'1','1','1','1'),(1126,49,774,'1','1','1','1'),(1127,49,773,'1','1','1','1'),(1128,49,772,'1','1','1','1'),(1129,49,771,'1','1','1','1'),(1130,49,770,'1','1','1','1'),(1131,51,770,'1','1','1','1'),(1132,50,770,'1','1','1','1'),(1133,50,771,'1','1','1','1'),(1134,51,771,'1','1','1','1'),(1135,51,772,'1','1','1','1'),(1136,50,772,'1','1','1','1'),(1137,50,773,'1','1','1','1'),(1138,51,773,'1','1','1','1'),(1139,51,774,'1','1','1','1'),(1140,50,774,'1','1','1','1'),(1141,51,775,'1','1','1','1'),(1142,50,775,'1','1','1','1'),(1143,50,776,'1','1','1','1'),(1144,51,776,'1','1','1','1'),(1145,51,777,'1','1','1','1'),(1146,50,778,'1','1','1','1'),(1147,51,778,'1','1','1','1'),(1148,51,779,'1','1','1','1'),(1149,50,779,'1','1','1','1'),(1150,50,777,'1','1','1','1'),(1151,51,769,'1','1','1','1'),(1152,51,768,'1','1','1','1'),(1153,51,767,'1','1','1','1'),(1154,51,766,'1','1','1','1'),(1155,51,765,'1','1','1','1'),(1156,51,764,'1','1','1','1'),(1157,51,762,'1','1','1','1'),(1158,51,761,'1','1','1','1'),(1159,51,763,'1','1','1','1'),(1160,51,760,'1','1','1','1'),(1161,51,759,'1','1','1','1'),(1162,50,759,'1','1','1','1'),(1163,49,759,'1','1','1','1'),(1164,49,760,'1','1','1','1'),(1165,49,761,'1','1','1','1'),(1166,49,762,'1','1','1','1'),(1167,49,763,'1','1','1','1'),(1168,49,764,'1','1','1','1'),(1169,49,765,'1','1','1','1'),(1170,49,766,'1','1','1','1'),(1171,49,767,'1','1','1','1'),(1172,49,768,'1','1','1','1'),(1173,49,769,'1','1','1','1'),(1174,50,769,'1','1','1','1'),(1175,50,768,'1','1','1','1'),(1176,50,767,'1','1','1','1'),(1177,50,766,'1','1','1','1'),(1178,50,765,'1','1','1','1'),(1179,50,763,'1','1','1','1'),(1180,50,761,'1','1','1','1'),(1181,50,760,'1','1','1','1'),(1182,50,762,'1','1','1','1'),(1183,50,764,'1','1','1','1'),(1184,49,756,'1','1','1','1'),(1185,50,756,'1','1','1','1'),(1186,51,757,'1','1','1','1'),(1187,50,757,'1','1','1','1'),(1188,49,757,'1','1','1','1'),(1189,49,758,'1','1','1','1'),(1190,50,758,'1','1','1','1'),(1191,51,758,'1','1','1','1'),(1192,51,756,'1','1','1','1'),(1193,50,825,'1','1','1','1'),(1194,51,825,'1','1','1','1'),(1195,49,825,'1','1','1','1'),(1196,49,824,'1','1','1','1'),(1197,50,824,'1','1','1','1'),(1198,51,824,'1','1','1','1'),(1199,51,823,'1','1','1','1'),(1200,50,823,'1','1','1','1'),(1201,49,823,'1','1','1','1'),(1202,49,822,'1','1','1','1'),(1203,50,822,'1','1','1','1'),(1204,51,822,'1','1','1','1'),(1205,51,821,'1','1','1','1'),(1206,50,821,'1','1','1','1'),(1207,49,821,'1','1','1','1'),(1208,49,820,'1','1','1','1'),(1209,50,820,'1','1','1','1'),(1210,51,820,'1','1','1','1'),(1211,51,819,'1','1','1','1'),(1212,50,819,'1','1','1','1'),(1213,49,819,'1','1','1','1'),(1214,49,818,'1','1','1','1'),(1215,50,818,'1','1','1','1'),(1216,51,818,'1','1','1','1'),(1217,49,817,'1','1','1','1'),(1218,50,817,'1','1','1','1'),(1219,51,816,'1','1','1','1'),(1220,51,817,'1','1','1','1'),(1221,50,816,'1','1','1','1'),(1222,49,816,'1','1','1','1'),(1223,49,815,'1','1','1','1'),(1224,50,815,'1','1','1','1'),(1225,51,815,'1','1','1','1'),(1226,51,814,'1','1','1','1'),(1227,50,814,'1','1','1','1'),(1228,49,814,'1','1','1','1'),(1229,51,813,'1','1','1','1'),(1230,51,812,'1','1','1','1'),(1231,51,811,'1','1','1','1'),(1232,51,810,'1','1','1','1'),(1233,51,809,'1','1','1','1'),(1234,51,808,'1','1','1','1'),(1235,51,807,'1','1','1','1'),(1236,51,806,'1','1','1','1'),(1237,51,805,'1','1','1','1'),(1238,51,804,'1','1','1','1'),(1239,51,803,'1','1','1','1'),(1240,51,802,'1','1','1','1'),(1241,51,801,'1','1','1','1'),(1242,51,800,'1','1','1','1'),(1243,50,800,'1','1','1','1'),(1244,49,800,'1','1','1','1'),(1245,49,801,'1','1','1','1'),(1246,50,801,'1','1','1','1'),(1247,50,802,'1','1','1','1'),(1248,49,802,'1','1','1','1'),(1249,49,803,'1','1','1','1'),(1250,50,803,'1','1','1','1'),(1251,50,804,'1','1','1','1'),(1252,49,804,'1','1','1','1'),(1253,49,805,'1','1','1','1'),(1254,50,805,'1','1','1','1'),(1255,50,806,'1','1','1','1'),(1256,49,806,'1','1','1','1'),(1257,49,807,'1','1','1','1'),(1258,50,807,'1','1','1','1'),(1259,50,808,'1','1','1','1'),(1260,49,808,'1','1','1','1'),(1261,49,809,'1','1','1','1'),(1262,50,809,'1','1','1','1'),(1263,50,810,'1','1','1','1'),(1264,50,811,'1','1','1','1'),(1265,50,812,'1','1','1','1'),(1266,50,813,'1','1','1','1'),(1267,49,813,'1','1','1','1'),(1268,49,812,'1','1','1','1'),(1269,49,811,'1','1','1','1'),(1270,49,810,'1','1','1','1'),(1271,49,797,'1','1','1','1'),(1272,50,797,'1','1','1','1'),(1273,51,798,'1','1','1','1'),(1274,50,798,'1','1','1','1'),(1275,51,797,'1','1','1','1'),(1276,51,799,'1','1','1','1'),(1277,50,799,'1','1','1','1'),(1278,49,799,'1','1','1','1'),(1279,49,798,'1','1','1','1'),(1280,1342,140,'1','1','1','1'),(1281,1342,141,'1','1','1','1'),(1282,1342,142,'1','1','1','1'),(1283,1342,143,'1','1','1','1'),(1284,1342,144,'1','1','1','1'),(1285,1342,145,'1','1','1','1'),(1286,1342,146,'1','1','1','1'),(1287,1342,213,'1','1','1','1'),(1288,1342,214,'1','1','1','1'),(1289,1342,215,'1','1','1','1'),(1290,1342,217,'1','1','1','1'),(1291,1342,216,'1','1','1','1'),(1292,1342,218,'1','1','1','1'),(1293,1342,219,'1','1','1','1'),(1294,1342,220,'1','1','1','1'),(1295,1342,221,'1','1','1','1'),(1296,1342,222,'1','1','1','1'),(1297,1342,223,'1','1','1','1'),(1298,1342,224,'1','1','1','1'),(1299,1342,225,'1','1','1','1'),(1300,1342,262,'1','1','1','1'),(1301,1342,263,'1','1','1','1'),(1302,1342,264,'1','1','1','1'),(1303,1342,265,'1','1','1','1'),(1304,1342,424,'1','1','1','1'),(1305,1342,425,'1','1','1','1'),(1306,1342,426,'1','1','1','1'),(1307,1342,427,'1','1','1','1'),(1308,1342,428,'1','1','1','1'),(1309,1342,429,'1','1','1','1'),(1310,1342,430,'1','1','1','1'),(1311,1342,431,'1','1','1','1'),(1312,1342,432,'1','1','1','1'),(1313,1342,433,'1','1','1','1'),(1314,1342,434,'1','1','1','1'),(1315,1342,435,'1','1','1','1'),(1316,1342,436,'1','1','1','1'),(1317,1342,437,'1','1','1','1'),(1318,1342,438,'1','1','1','1'),(1319,1342,439,'1','1','1','1'),(1320,1342,440,'1','1','1','1'),(1321,1342,441,'1','1','1','1'),(1322,1342,442,'1','1','1','1'),(1323,1342,443,'1','1','1','1'),(1324,1342,444,'1','1','1','1'),(1325,1342,445,'1','1','1','1'),(1326,1342,446,'1','1','1','1'),(1327,1342,447,'1','1','1','1'),(1328,1342,448,'1','1','1','1'),(1329,1342,449,'1','1','1','1'),(1330,1342,451,'1','1','1','1'),(1331,1342,450,'1','1','1','1'),(1332,1342,454,'1','1','1','1'),(1333,1342,462,'1','1','1','1'),(1334,1342,463,'1','1','1','1'),(1335,1342,464,'1','1','1','1'),(1336,1342,465,'1','1','1','1'),(1337,1342,466,'1','1','1','1'),(1338,1342,467,'1','1','1','1'),(1339,1342,468,'1','1','1','1'),(1340,1342,469,'1','1','1','1'),(1341,1342,470,'1','1','1','1'),(1342,1342,471,'1','1','1','1'),(1343,1342,472,'1','1','1','1'),(1344,1342,473,'1','1','1','1'),(1345,1342,474,'1','1','1','1'),(1346,1342,475,'1','1','1','1'),(1347,1342,476,'1','1','1','1'),(1348,1342,477,'1','1','1','1'),(1349,1342,478,'1','1','1','1'),(1350,1342,479,'1','1','1','1'),(1351,1342,480,'1','1','1','1'),(1352,1342,481,'1','1','1','1'),(1353,1342,482,'1','1','1','1'),(1354,1342,483,'1','1','1','1'),(1355,1342,484,'1','1','1','1'),(1356,1342,485,'1','1','1','1'),(1357,1342,486,'1','1','1','1'),(1358,1342,488,'1','1','1','1'),(1359,1342,487,'1','1','1','1'),(1360,1342,494,'1','1','1','1'),(1361,1342,625,'1','1','1','1'),(1362,1342,626,'1','1','1','1'),(1363,1342,628,'1','1','1','1'),(1364,1342,627,'1','1','1','1'),(1365,1342,629,'1','1','1','1'),(1366,1342,630,'1','1','1','1'),(1367,1342,631,'1','1','1','1'),(1368,1342,632,'1','1','1','1'),(1369,1342,633,'1','1','1','1'),(1370,1342,634,'1','1','1','1'),(1371,1342,635,'1','1','1','1'),(1372,1342,636,'1','1','1','1'),(1373,1342,637,'1','1','1','1'),(1374,1342,638,'1','1','1','1'),(1375,1342,639,'1','1','1','1'),(1376,1342,641,'1','1','1','1'),(1377,1342,640,'1','1','1','1'),(1378,1342,642,'1','1','1','1'),(1379,1342,643,'1','1','1','1'),(1380,1342,644,'1','1','1','1'),(1381,1342,645,'1','1','1','1'),(1382,1342,646,'1','1','1','1'),(1383,1342,647,'1','1','1','1'),(1384,1342,648,'1','1','1','1'),(1385,1342,649,'1','1','1','1'),(1386,1342,650,'1','1','1','1'),(1387,1342,651,'1','1','1','1'),(1388,1342,652,'1','1','1','1'),(1389,1342,655,'1','1','1','1'),(1390,1342,663,'1','1','1','1'),(1391,1342,665,'1','1','1','1'),(1392,1342,666,'1','1','1','1'),(1393,1342,667,'1','1','1','1'),(1394,1342,668,'1','1','1','1'),(1395,1342,669,'1','1','1','1'),(1396,1342,670,'1','1','1','1'),(1397,1342,671,'1','1','1','1'),(1398,1342,672,'1','1','1','1'),(1399,1342,673,'1','1','1','1'),(1400,1342,674,'1','1','1','1'),(1401,1342,675,'1','1','1','1'),(1402,1342,676,'1','1','1','1'),(1403,1342,677,'1','1','1','1'),(1404,1342,678,'1','1','1','1'),(1405,1342,679,'1','1','1','1'),(1406,1342,680,'1','1','1','1'),(1407,1342,681,'1','1','1','1'),(1408,1342,682,'1','1','1','1'),(1409,1342,683,'1','1','1','1'),(1410,1342,684,'1','1','1','1'),(1411,1342,685,'1','1','1','1'),(1412,1342,686,'1','1','1','1'),(1413,1342,687,'1','1','1','1'),(1414,1342,689,'1','1','1','1'),(1415,1342,688,'1','1','1','1'),(1416,1342,690,'1','1','1','1'),(1417,1342,691,'1','1','1','1'),(1418,1342,692,'1','1','1','1'),(1419,1342,693,'1','1','1','1'),(1420,1342,694,'1','1','1','1'),(1421,1342,695,'1','1','1','1'),(1422,1342,696,'1','1','1','1'),(1423,1342,697,'1','1','1','1'),(1424,1342,698,'1','1','1','1'),(1425,1342,700,'1','1','1','1'),(1426,1342,701,'1','1','1','1'),(1427,1342,704,'1','1','1','1'),(1428,1342,712,'1','1','1','1'),(1429,1342,714,'1','1','1','1'),(1430,1342,715,'1','1','1','1'),(1431,49,713,'1','1','1','1'),(1432,50,713,'1','1','1','1'),(1433,51,713,'1','1','1','1'),(1434,1342,713,'1','1','1','1'),(1435,1342,724,'1','1','1','1'),(1436,1342,748,'1','1','1','1'),(1437,1342,755,'1','1','1','1'),(1438,1342,756,'1','1','1','1'),(1439,1342,757,'1','1','1','1'),(1440,1342,758,'1','1','1','1'),(1441,1342,759,'1','1','1','1'),(1442,1342,760,'1','1','1','1'),(1443,1342,761,'1','1','1','1'),(1444,1342,762,'1','1','1','1'),(1445,1342,763,'1','1','1','1'),(1446,1342,764,'1','1','1','1'),(1447,1342,765,'1','1','1','1'),(1448,1342,766,'1','1','1','1'),(1449,1342,767,'1','1','1','1'),(1450,1342,768,'1','1','1','1'),(1451,1342,769,'1','1','1','1'),(1452,1342,770,'1','1','1','1'),(1453,1342,771,'1','1','1','1'),(1454,1342,772,'1','1','1','1'),(1455,1342,773,'1','1','1','1'),(1456,1342,774,'1','1','1','1'),(1457,1342,775,'1','1','1','1'),(1458,1342,776,'1','1','1','1'),(1459,1342,777,'1','1','1','1'),(1460,1342,778,'1','1','1','1'),(1461,1342,779,'1','1','1','1'),(1462,1342,780,'1','1','1','1'),(1463,1342,781,'1','1','1','1'),(1464,1342,782,'1','1','1','1'),(1465,1342,783,'1','1','1','1'),(1466,1342,784,'1','1','1','1'),(1467,1342,785,'1','1','1','1'),(1468,1342,786,'1','1','1','1'),(1469,1342,787,'1','1','1','1'),(1470,1342,788,'1','1','1','1'),(1471,1342,789,'1','1','1','1'),(1472,1342,790,'1','1','1','1'),(1473,1342,791,'1','1','1','1'),(1474,1342,792,'1','1','1','1'),(1475,1342,793,'1','1','1','1'),(1476,1342,794,'1','1','1','1'),(1477,1342,795,'1','1','1','1'),(1478,1342,796,'1','1','1','1'),(1479,1342,797,'1','1','1','1'),(1480,1342,798,'1','1','1','1'),(1481,1342,799,'1','1','1','1'),(1482,1342,800,'1','1','1','1'),(1483,1342,801,'1','1','1','1'),(1484,1342,802,'1','1','1','1'),(1485,1342,803,'1','1','1','1'),(1486,1342,804,'1','1','1','1'),(1487,1342,805,'1','1','1','1'),(1488,1342,806,'1','1','1','1'),(1489,1342,807,'1','1','1','1'),(1490,1342,808,'1','1','1','1'),(1491,1342,809,'1','1','1','1'),(1492,1342,810,'1','1','1','1'),(1493,1342,811,'1','1','1','1'),(1494,1342,812,'1','1','1','1'),(1495,1342,813,'1','1','1','1'),(1496,1342,814,'1','1','1','1'),(1497,1342,815,'1','1','1','1'),(1498,1342,816,'1','1','1','1'),(1499,1342,817,'1','1','1','1'),(1500,1342,818,'1','1','1','1'),(1501,1342,819,'1','1','1','1'),(1502,1342,820,'1','1','1','1'),(1503,1342,821,'1','1','1','1'),(1504,1342,822,'1','1','1','1'),(1505,1342,823,'1','1','1','1'),(1506,1342,824,'1','1','1','1'),(1507,1342,825,'1','1','1','1'),(1508,1342,826,'1','1','1','1'),(1509,49,827,'1','1','1','1'),(1510,50,827,'1','1','1','1'),(1511,50,828,'1','1','1','1'),(1512,49,828,'1','1','1','1'),(1513,49,829,'1','1','1','1'),(1514,50,829,'1','1','1','1'),(1515,50,830,'1','1','1','1'),(1516,49,830,'1','1','1','1'),(1517,49,831,'1','1','1','1'),(1518,50,831,'1','1','1','1'),(1519,50,832,'1','1','1','1'),(1520,49,832,'1','1','1','1'),(1521,49,833,'1','1','1','1'),(1522,50,833,'1','1','1','1'),(1523,49,834,'1','1','1','1'),(1524,50,834,'1','1','1','1'),(1525,49,835,'1','1','1','1'),(1526,50,835,'1','1','1','1'),(1527,50,836,'1','1','1','1'),(1528,49,836,'1','1','1','1'),(1529,49,837,'1','1','1','1'),(1530,50,837,'1','1','1','1'),(1531,50,838,'1','1','1','1'),(1532,49,838,'1','1','1','1'),(1533,49,839,'1','1','1','1'),(1534,50,839,'1','1','1','1'),(1535,49,840,'1','1','1','1'),(1536,50,840,'1','1','1','1'),(1537,49,841,'1','1','1','1'),(1538,50,841,'1','1','1','1'),(1539,50,842,'1','1','1','1'),(1540,49,842,'1','1','1','1'),(1541,49,843,'1','1','1','1'),(1542,50,843,'1','1','1','1'),(1543,50,844,'1','1','1','1'),(1544,49,844,'1','1','1','1'),(1545,49,845,'1','1','1','1'),(1546,50,845,'1','1','1','1'),(1547,49,846,'1','1','1','1'),(1548,50,846,'1','1','1','1'),(1549,50,847,'1','1','1','1'),(1550,49,847,'1','1','1','1'),(1551,49,848,'1','1','1','1'),(1552,50,848,'1','1','1','1'),(1553,50,849,'1','1','1','1'),(1554,49,849,'1','1','1','1'),(1555,49,850,'1','1','1','1'),(1556,50,850,'1','1','1','1'),(1557,50,851,'1','1','1','1'),(1558,49,851,'1','1','1','1'),(1559,49,852,'1','1','1','1'),(1560,50,852,'1','1','1','1'),(1561,50,853,'1','1','1','1'),(1562,49,853,'1','1','1','1'),(1563,49,854,'1','1','1','1'),(1564,50,854,'1','1','1','1'),(1565,50,855,'1','1','1','1'),(1566,49,855,'1','1','1','1'),(1567,49,856,'1','1','1','1'),(1568,50,856,'1','1','1','1'),(1569,51,827,'1','1','1','1'),(1570,1342,827,'1','1','1','1'),(1571,51,828,'1','1','1','1'),(1572,1342,828,'1','1','1','1'),(1573,51,829,'1','1','1','1'),(1574,1342,829,'1','1','1','1'),(1575,51,830,'1','1','1','1'),(1576,1342,830,'1','1','1','1'),(1577,51,831,'1','1','1','1'),(1578,1342,831,'1','1','1','1'),(1579,51,832,'1','1','1','1'),(1580,1342,832,'1','1','1','1'),(1581,51,833,'1','1','1','1'),(1582,1342,833,'1','1','1','1'),(1583,51,834,'1','1','1','1'),(1584,1342,834,'1','1','1','1'),(1585,51,835,'1','1','1','1'),(1586,1342,835,'1','1','1','1'),(1587,51,836,'1','1','1','1'),(1588,1342,836,'1','1','1','1'),(1589,1342,837,'1','1','1','1'),(1590,51,837,'1','1','1','1'),(1591,51,838,'1','1','1','1'),(1592,1342,838,'1','1','1','1'),(1593,1342,839,'1','1','1','1'),(1594,51,839,'1','1','1','1'),(1595,51,840,'1','1','1','1'),(1596,1342,840,'1','1','1','1'),(1597,1342,841,'1','1','1','1'),(1598,51,841,'1','1','1','1'),(1599,51,842,'1','1','1','1'),(1600,1342,842,'1','1','1','1'),(1601,1342,843,'1','1','1','1'),(1602,51,843,'1','1','1','1'),(1603,51,844,'1','1','1','1'),(1604,1342,844,'1','1','1','1'),(1605,1342,845,'1','1','1','1'),(1606,51,845,'1','1','1','1'),(1607,51,846,'1','1','1','1'),(1608,1342,846,'1','1','1','1'),(1609,1342,847,'1','1','1','1'),(1610,51,847,'1','1','1','1'),(1611,51,848,'1','1','1','1'),(1612,1342,848,'1','1','1','1'),(1613,51,849,'1','1','1','1'),(1614,51,850,'1','1','1','1'),(1615,51,851,'1','1','1','1'),(1616,1342,851,'1','1','1','1'),(1617,1342,850,'1','1','1','1'),(1618,1342,849,'1','1','1','1'),(1619,1342,852,'1','1','1','1'),(1620,1342,853,'1','1','1','1'),(1621,1342,854,'1','1','1','1'),(1622,1342,855,'1','1','1','1'),(1623,1342,856,'1','1','1','1'),(1624,51,856,'1','1','1','1'),(1625,51,855,'1','1','1','1'),(1626,51,854,'1','1','1','1'),(1627,51,853,'1','1','1','1'),(1628,51,852,'1','1','1','1');
/*!40000 ALTER TABLE `aros_acos` ENABLE KEYS */;
UNLOCK TABLES;

--
-- Table structure for table `autoevaluationanswers`
--

DROP TABLE IF EXISTS `autoevaluationanswers`;
/*!40101 SET @saved_cs_client     = @@character_set_client */;
/*!40101 SET character_set_client = utf8 */;
CREATE TABLE `autoevaluationanswers` (
  `id` int(11) NOT NULL AUTO_INCREMENT,
  `autoevaluation_id` int(11) NOT NULL,
  `question_id` int(11) NOT NULL,
  `answer_id` int(11) NOT NULL,
  `saved` int(11) NOT NULL DEFAULT '0',
  PRIMARY KEY (`id`,`question_id`),
  KEY `fk_table1_AutoEvaluacion1_idx` (`id`),
  KEY `fk_table1_Pregunta1_idx` (`question_id`),
  KEY `fk_table1_Respuesta1_idx` (`answer_id`),
  KEY `question_id` (`question_id`),
  KEY `answer_id` (`answer_id`),
  KEY `autoevaluation_id` (`autoevaluation_id`)
) ENGINE=MyISAM AUTO_INCREMENT=584 DEFAULT CHARSET=utf8 COLLATE=utf8_unicode_ci;
/*!40101 SET character_set_client = @saved_cs_client */;

--
-- Dumping data for table `autoevaluationanswers`
--

LOCK TABLES `autoevaluationanswers` WRITE;
/*!40000 ALTER TABLE `autoevaluationanswers` DISABLE KEYS */;
INSERT INTO `autoevaluationanswers` VALUES (252,109,35,141,0),(251,109,34,136,0),(250,109,33,131,0),(249,109,32,126,0),(248,109,31,122,1),(247,109,30,116,0),(246,109,29,111,0),(245,109,28,106,0),(244,109,27,102,1),(243,109,26,96,0),(242,109,25,91,0),(241,109,24,88,1),(240,109,23,81,0),(239,109,22,76,0),(238,109,21,71,0),(237,109,20,69,1),(236,109,19,63,1),(235,109,18,56,0),(234,109,17,51,0),(233,109,16,46,0),(232,109,15,44,1),(231,109,14,36,0),(230,109,13,32,1),(229,109,12,26,0),(228,109,11,21,0),(227,109,10,16,0),(226,109,9,11,0),(225,109,8,7,0),(224,109,7,1,0),(223,108,35,141,0),(222,108,34,136,0),(221,108,33,131,0),(220,108,32,126,0),(219,108,31,122,0),(218,108,30,116,0),(217,108,29,111,0),(216,108,28,106,0),(215,108,27,102,0),(214,108,26,96,0),(213,108,25,91,0),(212,108,24,88,0),(211,108,23,81,0),(210,108,22,76,0),(209,108,21,71,0),(208,108,20,69,0),(207,108,19,63,0),(206,108,18,56,0),(205,108,17,51,0),(204,108,16,46,0),(203,108,15,44,0),(202,108,14,36,0),(201,108,13,32,0),(200,108,12,26,0),(199,108,11,21,0),(198,108,10,16,0),(197,108,9,11,0),(196,108,8,7,0),(195,108,7,1,0),(194,107,35,141,0),(193,107,34,136,0),(192,107,33,132,0),(191,107,32,126,0),(190,107,31,122,0),(189,107,30,120,0),(188,107,29,114,0),(187,107,28,108,0),(186,107,27,102,0),(185,107,26,96,0),(184,107,24,88,0),(183,107,23,82,0),(182,107,22,76,0),(181,107,21,75,0),(180,107,20,69,0),(179,107,19,63,0),(178,107,18,57,0),(177,107,17,51,0),(176,107,16,50,0),(175,107,15,44,0),(174,107,14,38,0),(173,107,13,32,0),(172,107,12,26,0),(171,107,11,25,0),(170,107,10,19,0),(169,107,9,13,0),(168,107,8,7,0),(167,107,7,1,0),(253,110,7,1,0),(254,110,8,7,1),(255,110,9,11,0),(256,110,10,16,0),(257,110,11,21,0),(258,110,12,26,0),(259,110,13,32,1),(260,110,14,36,0),(261,110,15,44,1),(262,110,16,46,0),(263,110,17,51,0),(264,110,18,56,0),(265,110,19,63,1),(266,110,20,69,1),(267,110,21,71,0),(268,110,22,76,0),(269,110,23,81,0),(270,110,24,88,1),(271,110,25,91,0),(272,110,26,96,0),(273,110,27,102,1),(274,110,28,106,0),(275,110,29,111,0),(276,110,30,116,0),(277,110,31,122,1),(278,110,32,126,0),(279,110,33,131,0),(280,110,34,136,0),(281,110,35,141,0),(110,0,0,0,0),(19,0,10,0,0),(63,0,19,0,0),(20,0,0,0,0),(69,0,20,0,0),(24,0,0,0,0),(88,0,24,0,0),(27,0,12,0,0),(102,0,27,0,0),(31,0,0,0,0),(122,0,31,0,0),(282,111,7,1,0),(283,111,8,7,1),(284,111,9,11,0),(285,111,10,16,0),(286,111,11,21,0),(287,111,12,26,0),(288,111,13,32,1),(289,111,14,36,0),(290,111,15,44,1),(291,111,16,46,0),(292,111,17,51,0),(293,111,18,56,0),(294,111,19,63,1),(295,111,20,69,1),(296,111,21,71,0),(297,111,22,76,0),(298,111,23,81,0),(299,111,24,88,1),(300,111,25,91,0),(301,111,26,96,0),(302,111,27,102,1),(303,111,28,106,0),(304,111,29,111,0),(305,111,30,116,0),(306,111,31,122,1),(307,111,32,126,0),(308,111,33,131,0),(309,111,34,136,0),(310,111,35,141,0),(111,0,0,0,0),(8,0,8,0,0),(7,0,8,0,0),(13,0,9,0,0),(32,0,13,0,0),(15,0,0,0,0),(44,0,15,0,0),(311,112,7,1,0),(312,112,8,7,0),(313,112,9,11,0),(314,112,10,16,0),(315,112,11,21,0),(316,112,12,26,0),(317,112,13,32,0),(318,112,14,36,0),(319,112,15,44,0),(320,112,16,46,0),(321,112,17,51,0),(322,112,18,56,0),(323,112,19,63,0),(324,112,20,69,0),(325,112,21,71,0),(326,112,22,76,0),(327,112,23,81,0),(328,112,24,88,0),(329,112,25,91,0),(330,112,26,96,0),(331,112,27,102,0),(332,112,28,106,0),(333,112,29,111,0),(334,112,30,116,0),(335,112,31,122,0),(336,112,32,126,0),(337,112,33,131,0),(338,112,34,136,0),(339,112,35,141,0),(340,113,7,1,0),(341,113,8,7,1),(342,113,9,11,0),(343,113,10,16,0),(344,113,11,21,0),(345,113,12,26,0),(346,113,13,32,1),(347,113,14,36,0),(348,113,15,44,1),(349,113,16,46,0),(350,113,17,51,0),(351,113,18,56,0),(352,113,19,63,1),(353,113,20,69,1),(354,113,21,71,0),(355,113,22,76,0),(356,113,23,81,0),(357,113,24,88,1),(358,113,25,91,0),(359,113,26,96,0),(360,113,27,102,1),(361,113,28,106,0),(362,113,29,111,0),(363,113,30,116,0),(364,113,31,122,1),(365,113,32,126,0),(366,113,33,131,0),(367,113,34,136,0),(368,113,35,141,0),(113,0,0,0,0),(369,114,7,1,0),(370,114,8,7,1),(371,114,9,11,0),(372,114,10,16,0),(373,114,11,21,0),(374,114,12,26,0),(375,114,13,32,1),(376,114,14,36,0),(377,114,15,44,1),(378,114,16,46,0),(379,114,17,51,0),(380,114,18,56,0),(381,114,19,63,1),(382,114,20,69,1),(383,114,21,71,0),(384,114,22,76,0),(385,114,23,81,0),(386,114,24,88,1),(387,114,25,91,0),(388,114,26,96,0),(389,114,27,102,1),(390,114,28,106,0),(391,114,29,111,0),(392,114,30,116,0),(393,114,31,122,1),(394,114,32,126,0),(395,114,33,131,0),(396,114,34,136,0),(397,114,35,141,0),(398,115,7,1,0),(399,115,8,6,0),(400,115,9,11,0),(401,115,10,16,0),(402,115,11,22,1),(403,115,12,28,1),(404,115,13,31,0),(405,115,14,36,0),(406,115,15,42,1),(407,115,16,48,1),(408,115,17,54,1),(409,115,21,71,0),(410,115,23,81,0),(411,115,26,96,0),(115,0,0,0,0),(11,0,0,0,0),(22,0,11,0,0),(12,0,0,0,0),(28,0,12,0,0),(42,0,15,0,0),(16,0,0,0,0),(48,0,16,0,0),(17,0,10,0,0),(54,0,17,0,0),(114,0,0,0,0),(412,116,7,1,0),(413,116,8,7,1),(414,116,9,11,0),(415,116,10,16,0),(416,116,11,21,0),(417,116,12,26,0),(418,116,13,32,1),(419,116,14,36,0),(420,116,15,44,1),(421,116,16,46,0),(422,116,17,51,0),(423,116,18,56,0),(424,116,19,63,1),(425,116,20,69,1),(426,116,21,71,0),(427,116,22,76,0),(428,116,23,81,0),(429,116,24,88,1),(430,116,25,91,0),(431,116,26,96,0),(432,116,27,102,1),(433,116,28,106,0),(434,116,29,111,0),(435,116,30,116,0),(436,116,31,122,1),(437,116,32,126,0),(438,116,33,131,0),(439,116,34,136,0),(440,116,35,141,0),(116,0,0,0,0),(441,117,7,1,0),(442,117,8,6,0),(443,117,9,11,0),(444,117,10,16,0),(445,117,11,21,0),(446,117,12,26,0),(447,117,13,32,0),(448,117,14,38,0),(449,117,15,41,0),(450,117,16,46,0),(451,117,17,52,0),(452,117,18,58,0),(453,117,19,61,0),(454,117,20,67,0),(455,117,21,71,0),(456,117,22,76,0),(457,117,23,81,0),(458,117,24,87,0),(459,117,25,91,0),(460,117,26,96,0),(461,117,27,101,0),(462,117,28,106,0),(463,117,29,111,0),(464,117,30,116,0),(465,117,31,121,0),(466,117,32,126,0),(467,117,33,131,0),(468,117,34,136,0),(469,117,35,141,0),(470,118,7,1,0),(471,118,8,6,0),(472,118,9,11,0),(473,118,10,16,0),(474,118,11,21,0),(475,118,12,26,0),(476,118,13,32,1),(477,118,14,38,1),(478,118,15,41,0),(479,118,16,46,0),(480,118,17,52,1),(481,118,18,58,1),(482,118,19,61,0),(483,118,20,67,1),(484,118,21,71,0),(485,118,22,76,0),(486,118,23,81,0),(487,118,24,87,1),(488,118,25,91,0),(489,118,26,96,0),(490,118,27,101,0),(491,118,28,106,0),(492,118,29,111,0),(493,118,30,116,0),(494,118,31,121,0),(495,118,32,126,0),(496,118,33,131,0),(497,118,34,136,0),(498,118,35,141,0),(118,0,0,0,0),(14,0,0,0,0),(38,0,14,0,0),(52,0,17,0,0),(18,0,10,0,0),(58,0,18,0,0),(67,0,20,0,0),(87,0,24,0,0),(499,119,7,1,0),(500,119,8,6,0),(501,119,9,11,0),(502,119,10,16,0),(503,119,11,22,1),(504,119,12,28,1),(505,119,13,31,0),(506,119,14,36,0),(507,119,15,42,1),(508,119,16,48,1),(509,119,17,54,1),(510,119,21,71,0),(511,119,23,81,0),(512,119,26,96,0),(119,0,0,0,0),(513,120,7,4,1),(514,120,8,7,1),(515,120,9,13,1),(516,120,10,19,1),(517,120,11,23,1),(518,120,12,28,1),(519,120,13,32,1),(520,120,14,38,1),(521,120,31,123,1),(522,120,32,127,1),(523,120,33,133,1),(524,120,34,137,1),(120,0,0,0,0),(4,0,7,0,0),(9,0,0,0,0),(10,0,0,0,0),(23,0,11,0,0),(123,0,31,0,0),(127,0,32,0,0),(33,0,0,0,0),(133,0,33,0,0),(34,0,0,0,0),(137,0,34,0,0),(525,121,7,2,1),(526,121,8,7,1),(527,121,9,13,1),(528,121,10,18,1),(529,121,11,22,1),(121,0,0,0,0),(2,0,7,0,0),(530,122,7,1,0),(531,122,8,6,0),(532,122,9,11,0),(533,122,10,16,0),(534,122,11,21,0),(535,122,12,26,0),(536,122,13,31,0),(537,122,14,37,0),(538,122,15,43,0),(539,122,16,46,0),(540,122,17,51,0),(541,122,21,72,0),(542,123,7,1,0),(543,123,8,7,1),(544,123,9,13,1),(545,124,7,2,1),(546,124,8,8,1),(124,0,0,0,0),(547,125,7,2,1),(548,125,8,8,1),(549,125,9,13,1),(550,125,10,17,1),(125,0,0,0,0),(551,126,7,1,0),(552,126,8,7,1),(553,126,9,13,1),(554,126,12,28,1),(126,0,0,0,0),(555,127,7,2,1),(556,127,8,6,0),(557,127,9,13,1),(558,127,12,27,1),(559,127,13,31,0),(560,127,14,38,1),(561,128,7,2,1),(562,128,8,8,1),(563,128,9,11,0),(564,128,12,28,1),(565,128,14,36,0),(566,128,15,41,0),(567,128,16,46,0),(568,128,17,51,0),(569,128,18,57,1),(570,128,19,61,0),(571,128,20,67,1),(572,128,21,73,1),(573,128,22,77,1),(128,0,0,0,0),(57,0,18,0,0),(21,0,0,0,0),(73,0,21,0,0),(77,0,22,0,0),(574,129,7,3,1),(129,0,0,0,0),(3,0,7,0,0),(575,130,7,1,0),(576,130,8,6,0),(577,130,9,11,0),(578,130,10,17,1),(579,130,11,23,1),(580,130,12,26,0),(581,130,13,31,0),(582,130,14,36,0),(583,130,15,42,1),(130,0,0,0,0);
/*!40000 ALTER TABLE `autoevaluationanswers` ENABLE KEYS */;
UNLOCK TABLES;

--
-- Table structure for table `autoevaluations`
--

DROP TABLE IF EXISTS `autoevaluations`;
/*!40101 SET @saved_cs_client     = @@character_set_client */;
/*!40101 SET character_set_client = utf8 */;
CREATE TABLE `autoevaluations` (
  `id` int(11) NOT NULL AUTO_INCREMENT,
  `date_time` timestamp NULL DEFAULT CURRENT_TIMESTAMP,
  `user_id` int(11) NOT NULL,
  `questionnaire_id` int(11) NOT NULL,
  `total_points` int(11) DEFAULT NULL,
  `company_id` int(11) DEFAULT '0',
  `corporation_id` int(11) DEFAULT '0',
  PRIMARY KEY (`id`,`questionnaire_id`),
  KEY `fk_AutoEvaluacion_Usuario1_idx` (`user_id`),
  KEY `fk_AutoEvaluacion_Cuestionario1_idx` (`questionnaire_id`)
) ENGINE=MyISAM AUTO_INCREMENT=131 DEFAULT CHARSET=utf8 COLLATE=utf8_unicode_ci;
/*!40101 SET character_set_client = @saved_cs_client */;

--
-- Dumping data for table `autoevaluations`
--

LOCK TABLES `autoevaluations` WRITE;
/*!40000 ALTER TABLE `autoevaluations` DISABLE KEYS */;
INSERT INTO `autoevaluations` VALUES (119,'2015-10-25 01:40:30',18,10,20,11,7),(116,'2014-10-21 17:36:46',17,10,46,11,7),(117,'2015-10-23 21:51:51',21,10,50,15,NULL),(118,'2015-10-23 21:53:08',21,10,50,15,7),(120,'2013-10-25 03:12:17',18,10,4,11,7),(121,'2013-10-25 03:48:26',18,10,3,11,7),(122,'2015-10-27 01:14:55',17,10,20,0,7),(123,'2015-10-27 01:17:56',17,10,3,0,0),(124,'2015-10-27 01:31:16',17,10,1,0,0),(125,'2015-10-27 02:43:24',17,10,2,0,0),(126,'2015-10-27 19:39:07',22,10,3,0,0),(127,'2015-10-27 19:48:26',22,10,6,16,0),(128,'2015-10-27 19:51:24',22,10,16,16,7),(129,'2015-10-28 04:29:56',22,10,0,16,7),(130,'2015-10-29 01:07:30',17,10,14,0,7);
/*!40000 ALTER TABLE `autoevaluations` ENABLE KEYS */;
UNLOCK TABLES;

--
-- Table structure for table `categories`
--

DROP TABLE IF EXISTS `categories`;
/*!40101 SET @saved_cs_client     = @@character_set_client */;
/*!40101 SET character_set_client = utf8 */;
CREATE TABLE `categories` (
  `id` int(11) NOT NULL AUTO_INCREMENT,
  `name` varchar(255) NOT NULL,
  `order` int(2) NOT NULL,
  `module_id` int(11) NOT NULL,
  `created` datetime NOT NULL,
  `modified` datetime NOT NULL,
  PRIMARY KEY (`id`),
  KEY `fk_categories_modules_idx` (`module_id`),
  CONSTRAINT `fk_categories_modules` FOREIGN KEY (`module_id`) REFERENCES `modules` (`id`) ON DELETE NO ACTION ON UPDATE NO ACTION
) ENGINE=InnoDB AUTO_INCREMENT=35 DEFAULT CHARSET=latin1;
/*!40101 SET character_set_client = @saved_cs_client */;

--
-- Dumping data for table `categories`
--

LOCK TABLES `categories` WRITE;
/*!40000 ALTER TABLE `categories` DISABLE KEYS */;
INSERT INTO `categories` VALUES (10,'Corporaciones',0,13,'2015-10-14 15:48:38','2015-10-17 11:04:31'),(11,'Empresas',1,13,'2015-10-14 15:48:51','2015-10-17 11:04:42'),(12,'Usuarios',2,13,'2015-10-14 15:49:02','2015-10-17 11:04:51'),(14,'Grupos',0,11,'2015-10-14 15:49:53','2015-10-14 15:49:53'),(15,'Modulos',1,11,'2015-10-14 15:50:07','2015-10-14 15:50:07'),(16,'Categorias',2,11,'2015-10-14 15:50:31','2015-10-14 15:50:31'),(17,'Funciones',3,11,'2015-10-14 15:50:48','2015-10-14 15:50:48'),(18,'Permisos',5,11,'2015-10-14 15:51:07','2015-10-14 15:51:07'),(19,'Cuestionarios',0,15,'2015-10-16 11:08:38','2015-10-17 11:05:02'),(23,'Asignar Cuestionarios a Empresas',1,15,'2015-10-17 15:31:04','2015-10-17 15:31:04'),(24,'Escritorio',0,16,'2015-10-19 10:27:42','2015-10-26 22:02:07'),(25,'GestiÃ³n Operativa',0,18,'2015-10-19 10:28:18','2015-10-19 10:28:18'),(26,'Memoria y Cuenta',0,19,'2015-10-19 10:28:35','2015-10-19 10:28:35'),(27,'PlanificaciÃ³n TÃ¡ctica',0,17,'2015-10-19 10:28:50','2015-10-19 10:28:50'),(28,'Instrumentos',0,20,'2015-10-19 10:42:26','2015-10-19 10:42:26'),(29,'Realizar una autoevaluaciÃ³n',0,20,'2015-10-19 23:26:41','2015-10-19 23:26:41'),(30,'Tipos de nodo',10,21,'2015-10-20 18:46:51','2015-10-28 15:36:18'),(31,'Fuentes de Nodos',20,21,'2015-10-20 18:57:43','2015-10-28 15:36:33'),(32,'GestiÃ³n EstratÃ©gica',0,16,'2015-10-26 22:02:34','2015-10-26 22:02:34'),(33,'Prioridades',0,21,'2015-10-28 15:39:20','2015-10-28 15:39:20'),(34,'Indicadores de GestiÃ³n',0,20,'2015-10-29 19:38:55','2015-10-29 19:38:55');
/*!40000 ALTER TABLE `categories` ENABLE KEYS */;
UNLOCK TABLES;

--
-- Table structure for table `companies`
--

DROP TABLE IF EXISTS `companies`;
/*!40101 SET @saved_cs_client     = @@character_set_client */;
/*!40101 SET character_set_client = utf8 */;
CREATE TABLE `companies` (
  `id` int(11) NOT NULL AUTO_INCREMENT,
  `name` varchar(255) NOT NULL,
  `logo` varchar(255) DEFAULT NULL,
  `description` text,
  `phone` varchar(255) DEFAULT NULL,
  `address` text,
  `modified` datetime DEFAULT NULL,
  `created` datetime DEFAULT NULL,
  `corporation_id` int(11) DEFAULT NULL,
  `active` int(11) NOT NULL,
  PRIMARY KEY (`id`),
  KEY `corporation_id` (`corporation_id`)
) ENGINE=InnoDB AUTO_INCREMENT=17 DEFAULT CHARSET=latin1;
/*!40101 SET character_set_client = @saved_cs_client */;

--
-- Dumping data for table `companies`
--

LOCK TABLES `companies` WRITE;
/*!40000 ALTER TABLE `companies` DISABLE KEYS */;
INSERT INTO `companies` VALUES (11,'Musmanni','files/logos/172554405ca27e59a8c042ce0fdc804ba1a830.png','PanaderÃ­a y pastelerÃ­a','66665555','La direcciÃ³n','2015-10-17 17:25:54','2015-10-14 19:38:08',7,1),(15,'Florida Bebidas','files/logos/162919c82a9c2726863b49e6e851f7dd0016bf.png','asdf','111122222','asdf','2015-10-23 16:29:19','2015-10-23 16:29:19',7,1),(16,'Kerns','files/logos/1437108d4a494af92c909eb34323b22f7ffce6.png','1','12333333','2','2015-10-27 14:37:10','2015-10-27 14:37:10',7,1);
/*!40000 ALTER TABLE `companies` ENABLE KEYS */;
UNLOCK TABLES;

--
-- Table structure for table `companyquestionnaires`
--

DROP TABLE IF EXISTS `companyquestionnaires`;
/*!40101 SET @saved_cs_client     = @@character_set_client */;
/*!40101 SET character_set_client = utf8 */;
CREATE TABLE `companyquestionnaires` (
  `id` int(11) NOT NULL AUTO_INCREMENT,
  `company_id` int(11) NOT NULL,
  `questionnaire_id` int(11) NOT NULL,
  `created` datetime NOT NULL,
  `modified` datetime NOT NULL,
  PRIMARY KEY (`id`),
  KEY `company_id` (`company_id`),
  KEY `questionnaire_id` (`questionnaire_id`)
) ENGINE=MyISAM AUTO_INCREMENT=9 DEFAULT CHARSET=utf8 COLLATE=utf8_unicode_ci;
/*!40101 SET character_set_client = @saved_cs_client */;

--
-- Dumping data for table `companyquestionnaires`
--

LOCK TABLES `companyquestionnaires` WRITE;
/*!40000 ALTER TABLE `companyquestionnaires` DISABLE KEYS */;
INSERT INTO `companyquestionnaires` VALUES (7,15,10,'2015-10-23 16:35:20','2015-10-23 16:35:20'),(6,14,10,'2015-10-20 11:05:54','2015-10-20 11:05:54'),(5,11,10,'2015-10-20 11:05:50','2015-10-20 11:05:50'),(8,16,10,'2015-10-27 14:38:32','2015-10-27 14:38:32');
/*!40000 ALTER TABLE `companyquestionnaires` ENABLE KEYS */;
UNLOCK TABLES;

--
-- Table structure for table `corporations`
--

DROP TABLE IF EXISTS `corporations`;
/*!40101 SET @saved_cs_client     = @@character_set_client */;
/*!40101 SET character_set_client = utf8 */;
CREATE TABLE `corporations` (
  `id` int(11) NOT NULL AUTO_INCREMENT,
  `name` varchar(255) NOT NULL,
  `logo` varchar(255) DEFAULT NULL,
  `description` text,
  `phone` varchar(255) DEFAULT NULL,
  `address` text,
  `modified` datetime DEFAULT NULL,
  `created` datetime DEFAULT NULL,
  `active` int(11) DEFAULT NULL,
  PRIMARY KEY (`id`)
) ENGINE=InnoDB AUTO_INCREMENT=10 DEFAULT CHARSET=latin1;
/*!40101 SET character_set_client = @saved_cs_client */;

--
-- Dumping data for table `corporations`
--

LOCK TABLES `corporations` WRITE;
/*!40000 ALTER TABLE `corporations` DISABLE KEYS */;
INSERT INTO `corporations` VALUES (7,'Florida Ice & Farm Company','files/logos/172724c9c2bce82b74978a3e87079f2ce6e52b.png','Es una empresa de bebidas y alimentos','22224444','San JosÃ©','2015-10-17 17:27:24','2015-10-14 19:08:23',1),(9,'asdf',NULL,'','','','2015-10-16 22:03:01','2015-10-16 22:03:01',0);
/*!40000 ALTER TABLE `corporations` ENABLE KEYS */;
UNLOCK TABLES;

--
-- Table structure for table `groupactions`
--

DROP TABLE IF EXISTS `groupactions`;
/*!40101 SET @saved_cs_client     = @@character_set_client */;
/*!40101 SET character_set_client = utf8 */;
CREATE TABLE `groupactions` (
  `id` int(11) NOT NULL AUTO_INCREMENT,
  `group_id` int(11) NOT NULL,
  `action_id` int(11) NOT NULL,
  `created` datetime NOT NULL,
  `modified` datetime NOT NULL,
  PRIMARY KEY (`id`),
  UNIQUE KEY `uk_group_action` (`group_id`,`action_id`),
  KEY `fk_groupactions_groups1_idx` (`group_id`),
  KEY `fk_groupactions_actions1_idx` (`action_id`),
  CONSTRAINT `fk_groupactions_actions1` FOREIGN KEY (`action_id`) REFERENCES `actions` (`id`) ON DELETE NO ACTION ON UPDATE NO ACTION,
  CONSTRAINT `fk_groupactions_groups1` FOREIGN KEY (`group_id`) REFERENCES `groups` (`id`) ON DELETE NO ACTION ON UPDATE NO ACTION
) ENGINE=InnoDB AUTO_INCREMENT=141 DEFAULT CHARSET=latin1;
/*!40101 SET character_set_client = @saved_cs_client */;

--
-- Dumping data for table `groupactions`
--

LOCK TABLES `groupactions` WRITE;
/*!40000 ALTER TABLE `groupactions` DISABLE KEYS */;
INSERT INTO `groupactions` VALUES (19,5,30,'2015-10-14 15:57:08','2015-10-14 15:57:08'),(20,5,31,'2015-10-14 15:57:13','2015-10-14 15:57:13'),(21,5,32,'2015-10-14 15:57:27','2015-10-14 15:57:27'),(22,5,33,'2015-10-14 15:57:33','2015-10-14 15:57:33'),(23,5,34,'2015-10-14 15:57:39','2015-10-14 15:57:39'),(24,5,35,'2015-10-14 15:57:50','2015-10-14 15:57:50'),(25,5,36,'2015-10-14 15:57:55','2015-10-14 15:57:55'),(26,5,37,'2015-10-14 15:58:01','2015-10-14 15:58:01'),(27,5,38,'2015-10-14 15:58:09','2015-10-14 15:58:09'),(28,5,39,'2015-10-14 15:58:15','2015-10-14 15:58:15'),(35,9,31,'2015-10-15 21:50:35','2015-10-15 21:50:35'),(36,9,32,'2015-10-15 21:50:41','2015-10-15 21:50:41'),(37,9,38,'2015-10-15 21:50:54','2015-10-15 21:50:54'),(38,5,40,'2015-10-16 11:09:59','2015-10-16 11:09:59'),(39,9,40,'2015-10-16 11:10:06','2015-10-16 11:10:06'),(40,5,41,'2015-10-16 14:00:17','2015-10-16 14:00:17'),(41,9,41,'2015-10-16 14:00:24','2015-10-16 14:00:24'),(42,5,42,'2015-10-16 19:44:50','2015-10-16 19:44:50'),(43,9,42,'2015-10-16 19:44:56','2015-10-16 19:44:56'),(44,5,43,'2015-10-16 21:03:22','2015-10-16 21:03:22'),(45,9,43,'2015-10-16 21:03:28','2015-10-16 21:03:28'),(49,5,44,'2015-10-17 15:33:04','2015-10-17 15:33:04'),(50,9,44,'2015-10-17 15:33:09','2015-10-17 15:33:09'),(53,6,45,'2015-10-19 10:32:11','2015-10-19 10:32:11'),(56,6,48,'2015-10-19 10:32:31','2015-10-19 10:32:31'),(57,7,45,'2015-10-19 10:32:39','2015-10-19 10:32:39'),(60,7,48,'2015-10-19 10:32:56','2015-10-19 10:32:56'),(68,6,50,'2015-10-19 23:24:50','2015-10-19 23:24:50'),(69,7,50,'2015-10-19 23:24:57','2015-10-19 23:24:57'),(71,9,51,'2015-10-20 18:47:54','2015-10-20 18:47:54'),(72,5,51,'2015-10-20 18:48:02','2015-10-20 18:48:02'),(73,5,52,'2015-10-20 18:59:12','2015-10-20 18:59:12'),(74,6,53,'2015-10-21 20:42:30','2015-10-21 20:42:30'),(75,7,53,'2015-10-21 20:42:40','2015-10-21 20:42:40'),(77,6,54,'2015-10-26 22:04:11','2015-10-26 22:04:11'),(78,7,54,'2015-10-26 22:04:16','2015-10-26 22:04:16'),(80,6,55,'2015-10-27 10:52:49','2015-10-27 10:52:49'),(82,7,55,'2015-10-27 10:53:02','2015-10-27 10:53:02'),(84,6,56,'2015-10-27 10:53:21','2015-10-27 10:53:21'),(85,7,56,'2015-10-27 10:53:28','2015-10-27 10:53:28'),(87,6,57,'2015-10-27 10:53:41','2015-10-27 10:53:41'),(88,7,57,'2015-10-27 10:53:48','2015-10-27 10:53:48'),(93,6,58,'2015-10-27 10:54:20','2015-10-27 10:54:20'),(94,7,58,'2015-10-27 10:54:29','2015-10-27 10:54:29'),(96,6,59,'2015-10-27 10:54:43','2015-10-27 10:54:43'),(97,7,59,'2015-10-27 10:54:51','2015-10-27 10:54:51'),(99,6,60,'2015-10-27 10:55:03','2015-10-27 10:55:03'),(100,7,60,'2015-10-27 10:55:09','2015-10-27 10:55:09'),(102,6,61,'2015-10-28 00:19:29','2015-10-28 00:19:29'),(103,6,62,'2015-10-28 00:19:37','2015-10-28 00:19:37'),(104,6,63,'2015-10-28 00:19:44','2015-10-28 00:19:44'),(105,6,64,'2015-10-28 00:19:50','2015-10-28 00:19:50'),(107,6,65,'2015-10-28 00:20:01','2015-10-28 00:20:01'),(108,6,66,'2015-10-28 00:20:11','2015-10-28 00:20:11'),(111,6,67,'2015-10-28 00:20:29','2015-10-28 00:20:29'),(112,6,68,'2015-10-28 00:20:38','2015-10-28 00:20:38'),(113,7,61,'2015-10-28 00:20:56','2015-10-28 00:20:56'),(114,7,62,'2015-10-28 00:21:06','2015-10-28 00:21:06'),(115,7,63,'2015-10-28 00:21:12','2015-10-28 00:21:12'),(116,7,64,'2015-10-28 00:21:19','2015-10-28 00:21:19'),(117,7,65,'2015-10-28 00:21:25','2015-10-28 00:21:25'),(119,7,66,'2015-10-28 00:21:49','2015-10-28 00:21:49'),(120,7,67,'2015-10-28 00:21:57','2015-10-28 00:21:57'),(124,7,68,'2015-10-28 00:22:34','2015-10-28 00:22:34'),(125,8,61,'2015-10-28 00:22:43','2015-10-28 00:22:43'),(126,8,62,'2015-10-28 00:22:51','2015-10-28 00:22:51'),(127,8,63,'2015-10-28 00:22:58','2015-10-28 00:22:58'),(128,8,64,'2015-10-28 00:23:05','2015-10-28 00:23:05'),(129,8,65,'2015-10-28 00:23:13','2015-10-28 00:23:13'),(130,8,66,'2015-10-28 00:23:20','2015-10-28 00:23:20'),(131,8,67,'2015-10-28 00:23:27','2015-10-28 00:23:27'),(133,5,69,'2015-10-28 15:40:26','2015-10-28 15:40:26'),(134,10,63,'2015-10-28 17:49:48','2015-10-28 17:49:48'),(135,10,64,'2015-10-28 17:49:57','2015-10-28 17:49:57'),(136,10,65,'2015-10-28 17:50:06','2015-10-28 17:50:06'),(137,10,66,'2015-10-28 17:50:15','2015-10-28 17:50:15'),(138,10,67,'2015-10-28 17:50:23','2015-10-28 17:50:23'),(139,6,70,'2015-10-29 19:40:04','2015-10-29 19:40:04'),(140,7,70,'2015-10-29 19:40:11','2015-10-29 19:40:11');
/*!40000 ALTER TABLE `groupactions` ENABLE KEYS */;
UNLOCK TABLES;

--
-- Table structure for table `groups`
--

DROP TABLE IF EXISTS `groups`;
/*!40101 SET @saved_cs_client     = @@character_set_client */;
/*!40101 SET character_set_client = utf8 */;
CREATE TABLE `groups` (
  `id` int(11) NOT NULL AUTO_INCREMENT,
  `name` varchar(100) NOT NULL,
  `created` datetime DEFAULT NULL,
  `modified` datetime DEFAULT NULL,
  PRIMARY KEY (`id`)
) ENGINE=InnoDB AUTO_INCREMENT=11 DEFAULT CHARSET=latin1;
/*!40101 SET character_set_client = @saved_cs_client */;

--
-- Dumping data for table `groups`
--

LOCK TABLES `groups` WRITE;
/*!40000 ALTER TABLE `groups` DISABLE KEYS */;
INSERT INTO `groups` VALUES (5,'Root','2015-10-14 15:46:28','2015-10-19 19:14:30'),(6,'Administrador','2015-10-14 15:46:38','2015-10-28 17:44:16'),(7,'Perfil de GestiÃ³n EstratÃ©gica','2015-10-14 15:46:48','2015-10-28 17:44:52'),(8,'Perfil de PlanificaciÃ³n TÃ¡ctica','2015-10-14 15:46:56','2015-10-28 17:45:23'),(9,'Administrador CSS','2015-10-15 21:50:04','2015-10-15 21:50:04'),(10,'Perfil de GestiÃ³n Operativa','2015-10-28 17:45:49','2015-10-28 17:45:49');
/*!40000 ALTER TABLE `groups` ENABLE KEYS */;
UNLOCK TABLES;

--
-- Table structure for table `i18n`
--

DROP TABLE IF EXISTS `i18n`;
/*!40101 SET @saved_cs_client     = @@character_set_client */;
/*!40101 SET character_set_client = utf8 */;
CREATE TABLE `i18n` (
  `id` int(10) NOT NULL AUTO_INCREMENT,
  `locale` varchar(6) NOT NULL,
  `model` varchar(255) NOT NULL,
  `foreign_key` int(10) NOT NULL,
  `field` varchar(255) NOT NULL,
  `content` text,
  PRIMARY KEY (`id`),
  UNIQUE KEY `unique` (`foreign_key`,`field`,`locale`,`model`),
  KEY `locale` (`locale`),
  KEY `model` (`model`),
  KEY `row_id` (`foreign_key`),
  KEY `field` (`field`)
) ENGINE=InnoDB AUTO_INCREMENT=3640 DEFAULT CHARSET=latin1;
/*!40101 SET character_set_client = @saved_cs_client */;

--
-- Dumping data for table `i18n`
--

LOCK TABLES `i18n` WRITE;
/*!40000 ALTER TABLE `i18n` DISABLE KEYS */;
INSERT INTO `i18n` VALUES (9,'esp','Group',5,'name','Root'),(10,'eng','Group',5,'name','Root'),(11,'esp','Group',6,'name','Administrador'),(12,'eng','Group',6,'name','Administrator'),(13,'esp','Group',7,'name','Perfil de GestiÃ³n EstratÃ©gica'),(14,'eng','Group',7,'name','Strategic Management Profile'),(15,'esp','Group',8,'name','Perfil de PlanificaciÃ³n TÃ¡ctica'),(16,'eng','Group',8,'name','Tactical Planning Profile'),(19,'esp','Module',11,'name','Sistema Base'),(20,'eng','Module',11,'name','Base System'),(23,'esp','Module',13,'name','Empresas'),(24,'eng','Module',13,'name','Companies'),(27,'esp','Category',10,'name','Corporaciones'),(28,'eng','Category',10,'name','Corporations '),(29,'esp','Category',11,'name','Empresas'),(30,'eng','Category',11,'name','Companies'),(31,'esp','Category',12,'name','Usuarios'),(32,'eng','Category',12,'name','User '),(35,'esp','Category',14,'name','Grupos'),(36,'eng','Category',14,'name','Groups'),(37,'esp','Category',15,'name','Modulos'),(38,'eng','Category',15,'name','Modules'),(39,'esp','Category',16,'name','Categorias'),(40,'eng','Category',16,'name','Categories'),(41,'esp','Category',17,'name','Funciones'),(42,'eng','Category',17,'name','Functions'),(43,'esp','Category',18,'name','Permisos'),(44,'eng','Category',18,'name','Permission'),(47,'esp','Action',30,'name','CategorÃ­as : Listado'),(48,'eng','Action',30,'name','Categories : List'),(49,'esp','Action',31,'name','Corporaciones : Listado'),(50,'eng','Action',31,'name','Corporations : List'),(51,'esp','Action',32,'name','Empresas : Listado'),(52,'eng','Action',32,'name','Companies : List'),(53,'esp','Action',33,'name','Funciones : Listado'),(54,'eng','Action',33,'name','Functions : List'),(55,'esp','Action',34,'name','Grupos : Listado'),(56,'eng','Action',34,'name','Groups : List'),(57,'esp','Action',35,'name','Modulos : Listado'),(58,'eng','Action',35,'name','Modules : List'),(59,'esp','Action',36,'name','Permisos : ACL'),(60,'eng','Action',36,'name','Permissions : ACL'),(61,'esp','Action',37,'name','Permisos : Listado'),(62,'eng','Action',37,'name','Permissions : List'),(63,'esp','Action',38,'name','Usuarios : Listado'),(64,'eng','Action',38,'name','Users : List'),(65,'esp','Action',39,'name','Usuarios : Sync'),(66,'eng','Action',39,'name','Users : Sync'),(67,'esp','Corporation',7,'description','Es una empresa de bebidas y alimentos'),(68,'eng','Corporation',7,'description','A food and drinks company'),(69,'esp','Corporation',7,'address','San JosÃ©'),(70,'eng','Corporation',7,'address','Saint Joseph.'),(71,'esp','Company',11,'description','PanaderÃ­a y pastelerÃ­a'),(72,'eng','Company',11,'description','Bakery '),(73,'esp','Company',11,'address','La direcciÃ³n'),(74,'eng','Company',11,'address','The address'),(83,'esp','Group',9,'name','Administrador CSS'),(84,'eng','Group',9,'name','CSS Administrator'),(85,'esp','Questionnaire',0,'title','1'),(86,'eng','Questionnaire',0,'title','2'),(87,'esp','Questionnaire',0,'description','3'),(88,'eng','Questionnaire',0,'description','4'),(89,'esp','Questionnaire',0,'acronym','5'),(90,'eng','Questionnaire',0,'acronym','6'),(109,'esp','Questionnaire',5,'title','Cuestionario 1'),(110,'eng','Questionnaire',5,'title','Questionnaire 1'),(111,'esp','Questionnaire',5,'description','9'),(112,'eng','Questionnaire',5,'description','9'),(113,'esp','Questionnaire',5,'acronym','9'),(114,'eng','Questionnaire',5,'acronym','9'),(121,'esp','Module',15,'name','Instrumentos'),(122,'eng','Module',15,'name','Instruments'),(123,'esp','Category',19,'name','Cuestionarios'),(124,'eng','Category',19,'name','Questionnaires'),(125,'esp','Action',40,'name','Administrar Cuestionarios'),(126,'eng','Action',40,'name','Questionnaires Management'),(127,'esp','Section',0,'name','SecciÃ³n 1'),(128,'eng','Section',0,'name','Section 1'),(129,'esp','Action',41,'name','Administrar Secciones'),(130,'eng','Action',41,'name','Sections Management'),(131,'esp','Section',2,'name','SecciÃ³n dos'),(132,'eng','Section',2,'name','Section two'),(133,'esp','Section',1,'name','SecciÃ³n 1'),(134,'eng','Section',1,'name','Section 1'),(137,'esp','Questionnaire',7,'title','Cuestionario 2'),(138,'eng','Questionnaire',7,'title','two'),(139,'esp','Questionnaire',7,'description','3'),(140,'eng','Questionnaire',7,'description','4'),(141,'esp','Questionnaire',7,'acronym','5'),(142,'eng','Questionnaire',7,'acronym','6'),(143,'esp','Section',4,'name','Otra secciÃ³n'),(144,'eng','Section',4,'name','Another section'),(147,'esp','Action',42,'name','Administrar Preguntas'),(148,'eng','Action',42,'name','Questions Management'),(151,'esp','Question',3,'name','Â¿asdfasdf asdf asdf asdf asdf asdf asdf asdf ?'),(152,'eng','Question',3,'name','qwerqwe rqwer qwer qwer qwer qwerqwer?'),(153,'esp','Question',4,'name','pregunta en esp'),(154,'eng','Question',4,'name','question in english'),(155,'esp','Question',5,'name','zxcvzxcv'),(156,'eng','Question',5,'name','asdfasdf'),(163,'esp','Action',43,'name','Administrar Respuestas'),(164,'eng','Action',43,'name','Answers Management'),(165,'esp','Corporation',9,'description',''),(166,'eng','Corporation',9,'description',''),(167,'esp','Corporation',9,'address',''),(168,'eng','Corporation',9,'address',''),(169,'esp','Company',13,'description',''),(170,'eng','Company',13,'description',''),(171,'esp','Company',13,'address',''),(172,'eng','Company',13,'address',''),(179,'esp','Section',5,'name','a'),(180,'eng','Section',5,'name','b'),(181,'esp','Section',6,'name','1'),(182,'eng','Section',6,'name','2'),(183,'esp','Question',6,'name','1'),(184,'eng','Question',6,'name','2'),(203,'esp','Questionnaire',9,'title','1'),(204,'eng','Questionnaire',9,'title','2'),(205,'esp','Questionnaire',9,'description',''),(206,'eng','Questionnaire',9,'description',''),(207,'esp','Questionnaire',9,'acronym',''),(208,'eng','Questionnaire',9,'acronym',''),(209,'esp','Category',23,'name','Asignar Cuestionarios a Empresas'),(210,'eng','Category',23,'name','Assign Questionnaires to Companies'),(211,'esp','Action',44,'name','Asignar Cuestionarios a Empresas'),(212,'eng','Action',44,'name','Assign Questionnaires to Companies'),(213,'esp','Module',16,'name','G. EstratÃ©gica'),(214,'eng','Module',16,'name','Strategic M.'),(215,'esp','Module',17,'name','P. TÃ¡ctica'),(216,'eng','Module',17,'name','Tactical P.'),(217,'esp','Module',18,'name','G. Operativa'),(218,'eng','Module',18,'name','Operational M.'),(219,'esp','Module',19,'name','Memoria y Cuenta'),(220,'eng','Module',19,'name','Report and Accounts'),(221,'esp','Category',24,'name','Escritorio'),(222,'eng','Category',24,'name','Dashboard'),(223,'esp','Category',25,'name','GestiÃ³n Operativa'),(224,'eng','Category',25,'name','Operational Management'),(225,'esp','Category',26,'name','Memoria y Cuenta'),(226,'eng','Category',26,'name','Reports and Accounts'),(227,'esp','Category',27,'name','PlanificaciÃ³n TÃ¡ctica'),(228,'eng','Category',27,'name','Tactical Planning'),(229,'esp','Action',45,'name','Inventario de Oportunidades y Debilidades'),(230,'eng','Action',45,'name','Weaknesses and Opportunities Inventory'),(231,'esp','Action',46,'name','PlanificaciÃ³n TÃ¡ctica'),(232,'eng','Action',46,'name','Tactical Planning'),(233,'esp','Action',47,'name','GestiÃ³n Operativa'),(234,'eng','Action',47,'name','Operational Management'),(235,'esp','Action',48,'name','Memoria y Cuenta'),(236,'eng','Action',48,'name','Reports and Accounts'),(237,'esp','Module',20,'name','Instrumentos'),(238,'eng','Module',20,'name','Instruments'),(239,'esp','Category',28,'name','Instrumentos'),(240,'eng','Category',28,'name','Instruments'),(241,'esp','Action',49,'name','Instrumentos'),(242,'eng','Action',49,'name','Instruments'),(243,'esp','Company',14,'description','1'),(244,'eng','Company',14,'description','1'),(245,'esp','Company',14,'address','1'),(246,'eng','Company',14,'address','1'),(247,'esp','Action',50,'name','Realizar una AutoevaluaciÃ³n'),(248,'eng','Action',50,'name','Conduct a Self-Assessment'),(249,'esp','Category',29,'name','Realizar una autoevaluaciÃ³n'),(250,'eng','Category',29,'name','Conduct a Self-Assessment'),(251,'esp','Questionnaire',10,'title','Cuestionario de la ComisiÃ³n Europea'),(252,'eng','Questionnaire',10,'title','ENG Cuestionario de la ComisiÃ³n Europea'),(253,'esp','Questionnaire',10,'description','Empresas responsables Cuestionario de ConcienciaciÃ³n de la ComisiÃ³n Europea'),(254,'eng','Questionnaire',10,'description','Empresas responsables Cuestionario de ConcienciaciÃ³n de la ComisiÃ³n Europea ENG'),(255,'esp','Questionnaire',10,'acronym','RSE CE'),(256,'eng','Questionnaire',10,'acronym','RSE CE'),(257,'esp','Section',7,'name','PolÃ­tica de actuaciÃ³n en el lugar de trabajo'),(258,'eng','Section',7,'name','PolÃ­tica de actuaciÃ³n en el lugar de trabajo ENG'),(259,'esp','Section',8,'name','PolÃ­tica medioambiental'),(260,'eng','Section',8,'name','PolÃ­tica medioambiental ENG'),(261,'esp','Section',9,'name','PolÃ­tica de mercado'),(262,'eng','Section',9,'name','PolÃ­tica de mercado ENG'),(263,'esp','Section',10,'name','PolÃ­tica social'),(264,'eng','Section',10,'name','PolÃ­tica social ENG'),(265,'esp','Section',11,'name','Valores de la empresa'),(266,'eng','Section',11,'name','Valores de la empresa ENG'),(267,'esp','Question',7,'name','Â¿Alienta a sus trabajadores para que desarrollen habilidades verdaderas y carreras a largo plazo (p. ej. un procedimiento para la evaluaciÃ³n de la productividad o un plan de formaciÃ³n)?'),(268,'eng','Question',7,'name','Â¿Alienta a sus trabajadores para que desarrollen habilidades verdaderas y carreras a largo plazo (p. ej. un procedimiento para la evaluaciÃ³n de la productividad o un plan de formaciÃ³n)? ENG'),(269,'esp','Question',8,'name','Â¿Existe un procedimiento para garantizar que se toman las medidas adecuadas contra toda forma de discriminaciÃ³n en el puesto de trabajo y en la contrataciÃ³n (p. ej., contra la mujer, grupos Ã©tnicos, discapacitados, etc.)?'),(270,'eng','Question',8,'name','Â¿Existe un procedimiento para garantizar que se toman las medidas adecuadas contra toda forma de discriminaciÃ³n en el puesto de trabajo y en la contrataciÃ³n (p. ej., contra la mujer, grupos Ã©tnicos, discapacitados, etc.)? ENG'),(271,'esp','Question',9,'name','Â¿Consulta con sus empleados los temas importantes?'),(272,'eng','Question',9,'name','Â¿Consulta con sus empleados los temas importantes? ENG'),(273,'esp','Question',10,'name','Â¿Ha tomado su empresa las medidas adecuadas para proporcionar suficiente protecciÃ³n a sus empleados en materia de seguridad, salud y protecciÃ³n social?'),(274,'eng','Question',10,'name','Â¿Ha tomado su empresa las medidas adecuadas para proporcionar suficiente protecciÃ³n a sus empleados en materia de seguridad, salud y protecciÃ³n social? ENG'),(275,'esp','Question',11,'name','Â¿Ofrece su empresa a sus empleados un buen equilibrio entre la vida privada y el trabajo como, por ejemplo, considerando un horario flexible de trabajo o permitiendo que los empleados hagan el trabajo en casa?'),(276,'eng','Question',11,'name','Â¿Ofrece su empresa a sus empleados un buen equilibrio entre la vida privada y el trabajo como, por ejemplo, considerando un horario flexible de trabajo o permitiendo que los empleados hagan el trabajo en casa? ENG'),(277,'esp','Question',12,'name','Â¿Ha intentado reducir el impacto medioambiental de su empresa en tÃ©rminos de: ahorro de energÃ­a?'),(278,'eng','Question',12,'name','Â¿Ha intentado reducir el impacto medioambiental de su empresa en tÃ©rminos de: ahorro de energÃ­a? ENG'),(279,'esp','Question',13,'name','reducciÃ³n y reciclaje de residuos?'),(280,'eng','Question',13,'name','reducciÃ³n y reciclaje de residuos? ENG'),(281,'esp','Question',14,'name','prevenciÃ³n de la contaminaciÃ³n (emisiones al aire o al agua, vertido de aguas residuales, ruido)?'),(282,'eng','Question',14,'name','prevenciÃ³n de la contaminaciÃ³n (emisiones al aire o al agua, vertido de aguas residuales, ruido)? ENG'),(283,'esp','Question',15,'name','protecciÃ³n del medio ambiente?'),(284,'eng','Question',15,'name','protecciÃ³n del medio ambiente? ENG'),(285,'esp','Question',16,'name','opciones sostenibles de transporte?'),(286,'eng','Question',16,'name','opciones sostenibles de transporte? ENG'),(287,'esp','Question',17,'name','Â¿Puede su empresa ahorrar dinero mediante la reducciÃ³n de su impacto medioambiental (reciclaje, reducciÃ³n del consumo de energÃ­a, prevenciÃ³n de la contaminaciÃ³n)?'),(288,'eng','Question',17,'name','Â¿Puede su empresa ahorrar dinero mediante la reducciÃ³n de su impacto medioambiental (reciclaje, reducciÃ³n del consumo de energÃ­a, prevenciÃ³n de la contaminaciÃ³n)? ENG'),(289,'esp','Question',18,'name','Â¿Tiene en cuenta los posibles impactos medioambientales cuando desarrolla nuevos productos y servicios (evaluaciÃ³n del uso de energÃ­a, reciclaje o generaciÃ³n de contaminaciÃ³n)?'),(290,'eng','Question',18,'name','Â¿Tiene en cuenta los posibles impactos medioambientales cuando desarrolla nuevos productos y servicios (evaluaciÃ³n del uso de energÃ­a, reciclaje o generaciÃ³n de contaminaciÃ³n)? ENG'),(291,'esp','Question',19,'name','Â¿Proporciona su empresa informaciÃ³n medioambiental clara y precisa sobre sus productos y actividades a los clientes, proveedores, comunidad local, etc.?'),(292,'eng','Question',19,'name','Â¿Proporciona su empresa informaciÃ³n medioambiental clara y precisa sobre sus productos y actividades a los clientes, proveedores, comunidad local, etc.? ENG'),(293,'esp','Question',20,'name','Â¿Ha pensado en quÃ© forma podrÃ­a su empresa utilizar la sostenibilidad de sus productos y servicios para aventajar a la competencia (el reciclaje de productos, la eficacia energÃ©tica, etc.)?'),(294,'eng','Question',20,'name','Â¿Ha pensado en quÃ© forma podrÃ­a su empresa utilizar la sostenibilidad de sus productos y servicios para aventajar a la competencia (el reciclaje de productos, la eficacia energÃ©tica, etc.)? ENG'),(295,'esp','Question',21,'name','Â¿Aplica su empresa alguna polÃ­tica para garantizar la honradez y calidad en todos sus contratos, tratos y publicidad (una polÃ­tica de compras justa o estipulaciones para la protecciÃ³n de los consumidores, etc.)?'),(296,'eng','Question',21,'name','Â¿Aplica su empresa alguna polÃ­tica para garantizar la honradez y calidad en todos sus contratos, tratos y publicidad (una polÃ­tica de compras justa o estipulaciones para la protecciÃ³n de los consumidores, etc.)? ENG'),(297,'esp','Question',22,'name','Â¿Proporciona su empresa informaciÃ³n clara y precisa en el etiquetado de sus productos y servicios, que incluyan sus obligaciones postventa?'),(298,'eng','Question',22,'name','Â¿Proporciona su empresa informaciÃ³n clara y precisa en el etiquetado de sus productos y servicios, que incluyan sus obligaciones postventa? ENG'),(299,'esp','Question',23,'name','Â¿Paga puntualmente su empresa las facturas de sus proveedores?'),(300,'eng','Question',23,'name','Â¿Paga puntualmente su empresa las facturas de sus proveedores? ENG'),(301,'esp','Question',24,'name','Â¿Dispone su empresa de un procedimiento para garantizar una interacciÃ³n, consulta y/o diÃ¡logo productivos con sus clientes, proveedores y otras personas con las que hace negocios?'),(302,'eng','Question',24,'name','Â¿Dispone su empresa de un procedimiento para garantizar una interacciÃ³n, consulta y/o diÃ¡logo productivos con sus clientes, proveedores y otras personas con las que hace negocios? ENG'),(303,'esp','Question',25,'name','Â¿Admite y da soluciÃ³n su empresa a las reclamaciones de sus clientes, proveedores y colaboradores?'),(304,'eng','Question',25,'name','Â¿Admite y da soluciÃ³n su empresa a las reclamaciones de sus clientes, proveedores y colaboradores? ENG'),(305,'esp','Question',26,'name','Â¿Ofrece su empresa oportunidades de formaciÃ³n a la gente de la comunidad (aprendizajes o experiencia laboral para jÃ³venes o discapacitados)?'),(306,'eng','Question',26,'name','Â¿Ofrece su empresa oportunidades de formaciÃ³n a la gente de la comunidad (aprendizajes o experiencia laboral para jÃ³venes o discapacitados)? ENG'),(307,'esp','Question',27,'name','Â¿Mantiene un diÃ¡logo abierto con su comunidad sobre temas delicados, polÃ©micos o negativos en los que estÃ© involucrada su empresa (la acumulaciÃ³n de residuos fuera de sus instalaciones, los vehÃ­culos que obstruyen carreteras o caminos)?'),(308,'eng','Question',27,'name','Â¿Mantiene un diÃ¡logo abierto con su comunidad sobre temas delicados, polÃ©micos o negativos en los que estÃ© involucrada su empresa (la acumulaciÃ³n de residuos fuera de sus instalaciones, los vehÃ­culos que obstruyen carreteras o caminos)? ENG'),(309,'esp','Question',28,'name','Â¿Compra su empresa productos en el mercado local?'),(310,'eng','Question',28,'name','Â¿Compra su empresa productos en el mercado local?'),(311,'esp','Question',29,'name','Â¿Alienta a sus empleados para que participen en las actividades de la comunidad (poniendo a su disposiciÃ³n el tiempo y la experiencia de sus empleados u otro tipo de ayuda prÃ¡ctica)?'),(312,'eng','Question',29,'name','Â¿Alienta a sus empleados para que participen en las actividades de la comunidad (poniendo a su disposiciÃ³n el tiempo y la experiencia de sus empleados u otro tipo de ayuda prÃ¡ctica)? ENG'),(313,'esp','Question',30,'name','Â¿Brinda su empresa apoyo econÃ³mico estable a proyectos y actividades de la comunidad (obras benÃ©ficas o patrocinios)?'),(314,'eng','Question',30,'name','Â¿Brinda su empresa apoyo econÃ³mico estable a proyectos y actividades de la comunidad (obras benÃ©ficas o patrocinios)?'),(315,'esp','Question',31,'name','Â¿Ha definido de forma clara los valores y las normas de conducta de su empresa?'),(316,'eng','Question',31,'name','Â¿Ha definido de forma clara los valores y las normas de conducta de su empresa? ENG'),(317,'esp','Question',32,'name','Â¿Hace partÃ­cipes a sus clientes, socios empresariales, proveedores y otras partes interesadas de los valores de su empresa (en presentaciones de ventas, material de marketing o comunicados informales)?'),(318,'eng','Question',32,'name','Â¿Hace partÃ­cipes a sus clientes, socios empresariales, proveedores y otras partes interesadas de los valores de su empresa (en presentaciones de ventas, material de marketing o comunicados informales)? ENG'),(319,'esp','Question',33,'name','Â¿Son conscientes sus clientes de los valores y normas de conducta de su empresa?'),(320,'eng','Question',33,'name','Â¿Son conscientes sus clientes de los valores y normas de conducta de su empresa? ENG'),(321,'esp','Question',34,'name','Â¿Son conscientes sus empleados de los valores y normas de conducta de su empresa?'),(322,'eng','Question',34,'name','Â¿Son conscientes sus empleados de los valores y normas de conducta de su empresa? ENG'),(323,'esp','Question',35,'name','Â¿EnseÃ±a a sus empleados la importancia de los valores y normas de conducta de su empresa?'),(324,'eng','Question',35,'name','Â¿EnseÃ±a a sus empleados la importancia de los valores y normas de conducta de su empresa? ENG'),(1549,'esp','Answer',1,'name','Si'),(1550,'eng','Answer',1,'name','Yes'),(1551,'esp','Answer',1,'feedback_title',''),(1552,'eng','Answer',1,'feedback_title',''),(1553,'esp','Answer',1,'feedback',''),(1554,'eng','Answer',1,'feedback',''),(1555,'esp','Answer',2,'name','En parte'),(1556,'eng','Answer',2,'name','Partially'),(1557,'esp','Answer',2,'feedback_title','Nulla at pharetra velit.'),(1558,'eng','Answer',2,'feedback_title','ENGNulla at pharetra velit.'),(1559,'esp','Answer',2,'feedback','Nulla at pharetra velit. Nullam eu dapibus risus, in imperdiet lorem. Aliquam consequat non sem vitae mollis. Pellentesque lacinia, nisi at vehicula consequat, mi sapien.'),(1560,'eng','Answer',2,'feedback','ENGNulla at pharetra velit. Nullam eu dapibus risus, in imperdiet lorem. Aliquam consequat non sem vitae mollis. Pellentesque lacinia, nisi at vehicula consequat, mi sapien.'),(1561,'esp','Answer',3,'name','No'),(1562,'eng','Answer',3,'name','No'),(1563,'esp','Answer',3,'feedback_title','Nulla at pharetra velit.'),(1564,'eng','Answer',3,'feedback_title','ENGNulla at pharetra velit.'),(1565,'esp','Answer',3,'feedback','Nulla at pharetra velit. Nullam eu dapibus risus, in imperdiet lorem. Aliquam consequat non sem vitae mollis. Pellentesque lacinia, nisi at vehicula consequat, mi sapien.'),(1566,'eng','Answer',3,'feedback','ENGNulla at pharetra velit. Nullam eu dapibus risus, in imperdiet lorem. Aliquam consequat non sem vitae mollis. Pellentesque lacinia, nisi at vehicula consequat, mi sapien.'),(1567,'esp','Answer',4,'name','No sÃ©'),(1568,'eng','Answer',4,'name','Don\'t know'),(1569,'esp','Answer',4,'feedback_title','Nulla at pharetra velit.'),(1570,'eng','Answer',4,'feedback_title','ENGNulla at pharetra velit.'),(1571,'esp','Answer',4,'feedback','Nulla at pharetra velit. Nullam eu dapibus risus, in imperdiet lorem. Aliquam consequat non sem vitae mollis. Pellentesque lacinia, nisi at vehicula consequat, mi sapien.'),(1572,'eng','Answer',4,'feedback','ENGNulla at pharetra velit. Nullam eu dapibus risus, in imperdiet lorem. Aliquam consequat non sem vitae mollis. Pellentesque lacinia, nisi at vehicula consequat, mi sapien.'),(1573,'esp','Answer',5,'name','No aplicable'),(1574,'eng','Answer',5,'name','Not applicable'),(1575,'esp','Answer',5,'feedback_title',''),(1576,'eng','Answer',5,'feedback_title',''),(1577,'esp','Answer',5,'feedback',''),(1578,'eng','Answer',5,'feedback',''),(1579,'esp','Answer',6,'name','Si'),(1580,'eng','Answer',6,'name','Yes'),(1581,'esp','Answer',6,'feedback_title',''),(1582,'eng','Answer',6,'feedback_title',''),(1583,'esp','Answer',6,'feedback',''),(1584,'eng','Answer',6,'feedback',''),(1585,'esp','Answer',7,'name','En parte'),(1586,'eng','Answer',7,'name','Partially'),(1587,'esp','Answer',7,'feedback_title','Nulla at pharetra velit.'),(1588,'eng','Answer',7,'feedback_title','ENGNulla at pharetra velit.'),(1589,'esp','Answer',7,'feedback','Nulla at pharetra velit. Nullam eu dapibus risus, in imperdiet lorem. Aliquam consequat non sem vitae mollis. Pellentesque lacinia, nisi at vehicula consequat, mi sapien.'),(1590,'eng','Answer',7,'feedback','ENGNulla at pharetra velit. Nullam eu dapibus risus, in imperdiet lorem. Aliquam consequat non sem vitae mollis. Pellentesque lacinia, nisi at vehicula consequat, mi sapien.'),(1591,'esp','Answer',8,'name','No'),(1592,'eng','Answer',8,'name','No'),(1593,'esp','Answer',8,'feedback_title','Nulla at pharetra velit.'),(1594,'eng','Answer',8,'feedback_title','ENGNulla at pharetra velit.'),(1595,'esp','Answer',8,'feedback','Nulla at pharetra velit. Nullam eu dapibus risus, in imperdiet lorem. Aliquam consequat non sem vitae mollis. Pellentesque lacinia, nisi at vehicula consequat, mi sapien.'),(1596,'eng','Answer',8,'feedback','ENGNulla at pharetra velit. Nullam eu dapibus risus, in imperdiet lorem. Aliquam consequat non sem vitae mollis. Pellentesque lacinia, nisi at vehicula consequat, mi sapien.'),(1597,'esp','Answer',9,'name','No sÃ©'),(1598,'eng','Answer',9,'name','Don\'t know'),(1599,'esp','Answer',9,'feedback_title','Nulla at pharetra velit.'),(1600,'eng','Answer',9,'feedback_title','ENGNulla at pharetra velit.'),(1601,'esp','Answer',9,'feedback','Nulla at pharetra velit. Nullam eu dapibus risus, in imperdiet lorem. Aliquam consequat non sem vitae mollis. Pellentesque lacinia, nisi at vehicula consequat, mi sapien.'),(1602,'eng','Answer',9,'feedback','ENGNulla at pharetra velit. Nullam eu dapibus risus, in imperdiet lorem. Aliquam consequat non sem vitae mollis. Pellentesque lacinia, nisi at vehicula consequat, mi sapien.'),(1603,'esp','Answer',10,'name','No aplicable'),(1604,'eng','Answer',10,'name','Not applicable'),(1605,'esp','Answer',10,'feedback_title',''),(1606,'eng','Answer',10,'feedback_title',''),(1607,'esp','Answer',10,'feedback',''),(1608,'eng','Answer',10,'feedback',''),(1609,'esp','Answer',11,'name','Si'),(1610,'eng','Answer',11,'name','Yes'),(1611,'esp','Answer',11,'feedback_title',''),(1612,'eng','Answer',11,'feedback_title',''),(1613,'esp','Answer',11,'feedback',''),(1614,'eng','Answer',11,'feedback',''),(1615,'esp','Answer',12,'name','En parte'),(1616,'eng','Answer',12,'name','Partially'),(1617,'esp','Answer',12,'feedback_title','Nulla at pharetra velit.'),(1618,'eng','Answer',12,'feedback_title','ENGNulla at pharetra velit.'),(1619,'esp','Answer',12,'feedback','Nulla at pharetra velit. Nullam eu dapibus risus, in imperdiet lorem. Aliquam consequat non sem vitae mollis. Pellentesque lacinia, nisi at vehicula consequat, mi sapien.'),(1620,'eng','Answer',12,'feedback','ENGNulla at pharetra velit. Nullam eu dapibus risus, in imperdiet lorem. Aliquam consequat non sem vitae mollis. Pellentesque lacinia, nisi at vehicula consequat, mi sapien.'),(1621,'esp','Answer',13,'name','No'),(1622,'eng','Answer',13,'name','No'),(1623,'esp','Answer',13,'feedback_title','Nulla at pharetra velit.'),(1624,'eng','Answer',13,'feedback_title','ENGNulla at pharetra velit.'),(1625,'esp','Answer',13,'feedback','Nulla at pharetra velit. Nullam eu dapibus risus, in imperdiet lorem. Aliquam consequat non sem vitae mollis. Pellentesque lacinia, nisi at vehicula consequat, mi sapien.'),(1626,'eng','Answer',13,'feedback','ENGNulla at pharetra velit. Nullam eu dapibus risus, in imperdiet lorem. Aliquam consequat non sem vitae mollis. Pellentesque lacinia, nisi at vehicula consequat, mi sapien.'),(1627,'esp','Answer',14,'name','No sÃ©'),(1628,'eng','Answer',14,'name','Don\'t know'),(1629,'esp','Answer',14,'feedback_title','Nulla at pharetra velit.'),(1630,'eng','Answer',14,'feedback_title','ENGNulla at pharetra velit.'),(1631,'esp','Answer',14,'feedback','Nulla at pharetra velit. Nullam eu dapibus risus, in imperdiet lorem. Aliquam consequat non sem vitae mollis. Pellentesque lacinia, nisi at vehicula consequat, mi sapien.'),(1632,'eng','Answer',14,'feedback','ENGNulla at pharetra velit. Nullam eu dapibus risus, in imperdiet lorem. Aliquam consequat non sem vitae mollis. Pellentesque lacinia, nisi at vehicula consequat, mi sapien.'),(1633,'esp','Answer',15,'name','No aplicable'),(1634,'eng','Answer',15,'name','Not applicable'),(1635,'esp','Answer',15,'feedback_title',''),(1636,'eng','Answer',15,'feedback_title',''),(1637,'esp','Answer',15,'feedback',''),(1638,'eng','Answer',15,'feedback',''),(1639,'esp','Answer',16,'name','Si'),(1640,'eng','Answer',16,'name','Yes'),(1641,'esp','Answer',16,'feedback_title',''),(1642,'eng','Answer',16,'feedback_title',''),(1643,'esp','Answer',16,'feedback',''),(1644,'eng','Answer',16,'feedback',''),(1645,'esp','Answer',17,'name','En parte'),(1646,'eng','Answer',17,'name','Partially'),(1647,'esp','Answer',17,'feedback_title','Nulla at pharetra velit.'),(1648,'eng','Answer',17,'feedback_title','ENGNulla at pharetra velit.'),(1649,'esp','Answer',17,'feedback','Nulla at pharetra velit. Nullam eu dapibus risus, in imperdiet lorem. Aliquam consequat non sem vitae mollis. Pellentesque lacinia, nisi at vehicula consequat, mi sapien.'),(1650,'eng','Answer',17,'feedback','ENGNulla at pharetra velit. Nullam eu dapibus risus, in imperdiet lorem. Aliquam consequat non sem vitae mollis. Pellentesque lacinia, nisi at vehicula consequat, mi sapien.'),(1651,'esp','Answer',18,'name','No'),(1652,'eng','Answer',18,'name','No'),(1653,'esp','Answer',18,'feedback_title','Nulla at pharetra velit.'),(1654,'eng','Answer',18,'feedback_title','ENGNulla at pharetra velit.'),(1655,'esp','Answer',18,'feedback','Nulla at pharetra velit. Nullam eu dapibus risus, in imperdiet lorem. Aliquam consequat non sem vitae mollis. Pellentesque lacinia, nisi at vehicula consequat, mi sapien.'),(1656,'eng','Answer',18,'feedback','ENGNulla at pharetra velit. Nullam eu dapibus risus, in imperdiet lorem. Aliquam consequat non sem vitae mollis. Pellentesque lacinia, nisi at vehicula consequat, mi sapien.'),(1657,'esp','Answer',19,'name','No sÃ©'),(1658,'eng','Answer',19,'name','Don\'t know'),(1659,'esp','Answer',19,'feedback_title','Nulla at pharetra velit.'),(1660,'eng','Answer',19,'feedback_title','ENGNulla at pharetra velit.'),(1661,'esp','Answer',19,'feedback','Nulla at pharetra velit. Nullam eu dapibus risus, in imperdiet lorem. Aliquam consequat non sem vitae mollis. Pellentesque lacinia, nisi at vehicula consequat, mi sapien.'),(1662,'eng','Answer',19,'feedback','ENGNulla at pharetra velit. Nullam eu dapibus risus, in imperdiet lorem. Aliquam consequat non sem vitae mollis. Pellentesque lacinia, nisi at vehicula consequat, mi sapien.'),(1663,'esp','Answer',20,'name','No aplicable'),(1664,'eng','Answer',20,'name','Not applicable'),(1665,'esp','Answer',20,'feedback_title',''),(1666,'eng','Answer',20,'feedback_title',''),(1667,'esp','Answer',20,'feedback',''),(1668,'eng','Answer',20,'feedback',''),(1669,'esp','Answer',21,'name','Si'),(1670,'eng','Answer',21,'name','Yes'),(1671,'esp','Answer',21,'feedback_title',''),(1672,'eng','Answer',21,'feedback_title',''),(1673,'esp','Answer',21,'feedback',''),(1674,'eng','Answer',21,'feedback',''),(1675,'esp','Answer',22,'name','En parte'),(1676,'eng','Answer',22,'name','Partially'),(1677,'esp','Answer',22,'feedback_title','Nulla at pharetra velit.'),(1678,'eng','Answer',22,'feedback_title','ENGNulla at pharetra velit.'),(1679,'esp','Answer',22,'feedback','Nulla at pharetra velit. Nullam eu dapibus risus, in imperdiet lorem. Aliquam consequat non sem vitae mollis. Pellentesque lacinia, nisi at vehicula consequat, mi sapien.'),(1680,'eng','Answer',22,'feedback','ENGNulla at pharetra velit. Nullam eu dapibus risus, in imperdiet lorem. Aliquam consequat non sem vitae mollis. Pellentesque lacinia, nisi at vehicula consequat, mi sapien.'),(1681,'esp','Answer',23,'name','No'),(1682,'eng','Answer',23,'name','No'),(1683,'esp','Answer',23,'feedback_title','Nulla at pharetra velit.'),(1684,'eng','Answer',23,'feedback_title','ENGNulla at pharetra velit.'),(1685,'esp','Answer',23,'feedback','Nulla at pharetra velit. Nullam eu dapibus risus, in imperdiet lorem. Aliquam consequat non sem vitae mollis. Pellentesque lacinia, nisi at vehicula consequat, mi sapien.'),(1686,'eng','Answer',23,'feedback','ENGNulla at pharetra velit. Nullam eu dapibus risus, in imperdiet lorem. Aliquam consequat non sem vitae mollis. Pellentesque lacinia, nisi at vehicula consequat, mi sapien.'),(1687,'esp','Answer',24,'name','No sÃ©'),(1688,'eng','Answer',24,'name','Don\'t know'),(1689,'esp','Answer',24,'feedback_title','Nulla at pharetra velit.'),(1690,'eng','Answer',24,'feedback_title','ENGNulla at pharetra velit.'),(1691,'esp','Answer',24,'feedback','Nulla at pharetra velit. Nullam eu dapibus risus, in imperdiet lorem. Aliquam consequat non sem vitae mollis. Pellentesque lacinia, nisi at vehicula consequat, mi sapien.'),(1692,'eng','Answer',24,'feedback','ENGNulla at pharetra velit. Nullam eu dapibus risus, in imperdiet lorem. Aliquam consequat non sem vitae mollis. Pellentesque lacinia, nisi at vehicula consequat, mi sapien.'),(1693,'esp','Answer',25,'name','No aplicable'),(1694,'eng','Answer',25,'name','Not applicable'),(1695,'esp','Answer',25,'feedback_title',''),(1696,'eng','Answer',25,'feedback_title',''),(1697,'esp','Answer',25,'feedback',''),(1698,'eng','Answer',25,'feedback',''),(1699,'esp','Answer',26,'name','Si'),(1700,'eng','Answer',26,'name','Yes'),(1701,'esp','Answer',26,'feedback_title',''),(1702,'eng','Answer',26,'feedback_title',''),(1703,'esp','Answer',26,'feedback',''),(1704,'eng','Answer',26,'feedback',''),(1705,'esp','Answer',27,'name','En parte'),(1706,'eng','Answer',27,'name','Partially'),(1707,'esp','Answer',27,'feedback_title','Nulla at pharetra velit.'),(1708,'eng','Answer',27,'feedback_title','ENGNulla at pharetra velit.'),(1709,'esp','Answer',27,'feedback','Nulla at pharetra velit. Nullam eu dapibus risus, in imperdiet lorem. Aliquam consequat non sem vitae mollis. Pellentesque lacinia, nisi at vehicula consequat, mi sapien.'),(1710,'eng','Answer',27,'feedback','ENGNulla at pharetra velit. Nullam eu dapibus risus, in imperdiet lorem. Aliquam consequat non sem vitae mollis. Pellentesque lacinia, nisi at vehicula consequat, mi sapien.'),(1711,'esp','Answer',28,'name','No'),(1712,'eng','Answer',28,'name','No'),(1713,'esp','Answer',28,'feedback_title','Nulla at pharetra velit.'),(1714,'eng','Answer',28,'feedback_title','ENGNulla at pharetra velit.'),(1715,'esp','Answer',28,'feedback','Nulla at pharetra velit. Nullam eu dapibus risus, in imperdiet lorem. Aliquam consequat non sem vitae mollis. Pellentesque lacinia, nisi at vehicula consequat, mi sapien.'),(1716,'eng','Answer',28,'feedback','ENGNulla at pharetra velit. Nullam eu dapibus risus, in imperdiet lorem. Aliquam consequat non sem vitae mollis. Pellentesque lacinia, nisi at vehicula consequat, mi sapien.'),(1717,'esp','Answer',29,'name','No sÃ©'),(1718,'eng','Answer',29,'name','Don\'t know'),(1719,'esp','Answer',29,'feedback_title','Nulla at pharetra velit.'),(1720,'eng','Answer',29,'feedback_title','ENGNulla at pharetra velit.'),(1721,'esp','Answer',29,'feedback','Nulla at pharetra velit. Nullam eu dapibus risus, in imperdiet lorem. Aliquam consequat non sem vitae mollis. Pellentesque lacinia, nisi at vehicula consequat, mi sapien.'),(1722,'eng','Answer',29,'feedback','ENGNulla at pharetra velit. Nullam eu dapibus risus, in imperdiet lorem. Aliquam consequat non sem vitae mollis. Pellentesque lacinia, nisi at vehicula consequat, mi sapien.'),(1723,'esp','Answer',30,'name','No aplicable'),(1724,'eng','Answer',30,'name','Not applicable'),(1725,'esp','Answer',30,'feedback_title',''),(1726,'eng','Answer',30,'feedback_title',''),(1727,'esp','Answer',30,'feedback',''),(1728,'eng','Answer',30,'feedback',''),(1729,'esp','Answer',31,'name','Si'),(1730,'eng','Answer',31,'name','Yes'),(1731,'esp','Answer',31,'feedback_title',''),(1732,'eng','Answer',31,'feedback_title',''),(1733,'esp','Answer',31,'feedback',''),(1734,'eng','Answer',31,'feedback',''),(1735,'esp','Answer',32,'name','En parte'),(1736,'eng','Answer',32,'name','Partially'),(1737,'esp','Answer',32,'feedback_title','Nulla at pharetra velit.'),(1738,'eng','Answer',32,'feedback_title','ENGNulla at pharetra velit.'),(1739,'esp','Answer',32,'feedback','Nulla at pharetra velit. Nullam eu dapibus risus, in imperdiet lorem. Aliquam consequat non sem vitae mollis. Pellentesque lacinia, nisi at vehicula consequat, mi sapien.'),(1740,'eng','Answer',32,'feedback','ENGNulla at pharetra velit. Nullam eu dapibus risus, in imperdiet lorem. Aliquam consequat non sem vitae mollis. Pellentesque lacinia, nisi at vehicula consequat, mi sapien.'),(1741,'esp','Answer',33,'name','No'),(1742,'eng','Answer',33,'name','No'),(1743,'esp','Answer',33,'feedback_title','Nulla at pharetra velit.'),(1744,'eng','Answer',33,'feedback_title','ENGNulla at pharetra velit.'),(1745,'esp','Answer',33,'feedback','Nulla at pharetra velit. Nullam eu dapibus risus, in imperdiet lorem. Aliquam consequat non sem vitae mollis. Pellentesque lacinia, nisi at vehicula consequat, mi sapien.'),(1746,'eng','Answer',33,'feedback','ENGNulla at pharetra velit. Nullam eu dapibus risus, in imperdiet lorem. Aliquam consequat non sem vitae mollis. Pellentesque lacinia, nisi at vehicula consequat, mi sapien.'),(1747,'esp','Answer',34,'name','No sÃ©'),(1748,'eng','Answer',34,'name','Don\'t know'),(1749,'esp','Answer',34,'feedback_title','Nulla at pharetra velit.'),(1750,'eng','Answer',34,'feedback_title','ENGNulla at pharetra velit.'),(1751,'esp','Answer',34,'feedback','Nulla at pharetra velit. Nullam eu dapibus risus, in imperdiet lorem. Aliquam consequat non sem vitae mollis. Pellentesque lacinia, nisi at vehicula consequat, mi sapien.'),(1752,'eng','Answer',34,'feedback','ENGNulla at pharetra velit. Nullam eu dapibus risus, in imperdiet lorem. Aliquam consequat non sem vitae mollis. Pellentesque lacinia, nisi at vehicula consequat, mi sapien.'),(1753,'esp','Answer',35,'name','No aplicable'),(1754,'eng','Answer',35,'name','Not applicable'),(1755,'esp','Answer',35,'feedback_title',''),(1756,'eng','Answer',35,'feedback_title',''),(1757,'esp','Answer',35,'feedback',''),(1758,'eng','Answer',35,'feedback',''),(1759,'esp','Answer',36,'name','Si'),(1760,'eng','Answer',36,'name','Yes'),(1761,'esp','Answer',36,'feedback_title',''),(1762,'eng','Answer',36,'feedback_title',''),(1763,'esp','Answer',36,'feedback',''),(1764,'eng','Answer',36,'feedback',''),(1765,'esp','Answer',37,'name','En parte'),(1766,'eng','Answer',37,'name','Partially'),(1767,'esp','Answer',37,'feedback_title','Nulla at pharetra velit.'),(1768,'eng','Answer',37,'feedback_title','ENGNulla at pharetra velit.'),(1769,'esp','Answer',37,'feedback','Nulla at pharetra velit. Nullam eu dapibus risus, in imperdiet lorem. Aliquam consequat non sem vitae mollis. Pellentesque lacinia, nisi at vehicula consequat, mi sapien.'),(1770,'eng','Answer',37,'feedback','ENGNulla at pharetra velit. Nullam eu dapibus risus, in imperdiet lorem. Aliquam consequat non sem vitae mollis. Pellentesque lacinia, nisi at vehicula consequat, mi sapien.'),(1771,'esp','Answer',38,'name','No'),(1772,'eng','Answer',38,'name','No'),(1773,'esp','Answer',38,'feedback_title','Nulla at pharetra velit.'),(1774,'eng','Answer',38,'feedback_title','ENGNulla at pharetra velit.'),(1775,'esp','Answer',38,'feedback','Nulla at pharetra velit. Nullam eu dapibus risus, in imperdiet lorem. Aliquam consequat non sem vitae mollis. Pellentesque lacinia, nisi at vehicula consequat, mi sapien.'),(1776,'eng','Answer',38,'feedback','ENGNulla at pharetra velit. Nullam eu dapibus risus, in imperdiet lorem. Aliquam consequat non sem vitae mollis. Pellentesque lacinia, nisi at vehicula consequat, mi sapien.'),(1777,'esp','Answer',39,'name','No sÃ©'),(1778,'eng','Answer',39,'name','Don\'t know'),(1779,'esp','Answer',39,'feedback_title','Nulla at pharetra velit.'),(1780,'eng','Answer',39,'feedback_title','ENGNulla at pharetra velit.'),(1781,'esp','Answer',39,'feedback','Nulla at pharetra velit. Nullam eu dapibus risus, in imperdiet lorem. Aliquam consequat non sem vitae mollis. Pellentesque lacinia, nisi at vehicula consequat, mi sapien.'),(1782,'eng','Answer',39,'feedback','ENGNulla at pharetra velit. Nullam eu dapibus risus, in imperdiet lorem. Aliquam consequat non sem vitae mollis. Pellentesque lacinia, nisi at vehicula consequat, mi sapien.'),(1783,'esp','Answer',40,'name','No aplicable'),(1784,'eng','Answer',40,'name','Not applicable'),(1785,'esp','Answer',40,'feedback_title',''),(1786,'eng','Answer',40,'feedback_title',''),(1787,'esp','Answer',40,'feedback',''),(1788,'eng','Answer',40,'feedback',''),(1789,'esp','Answer',41,'name','Si'),(1790,'eng','Answer',41,'name','Yes'),(1791,'esp','Answer',41,'feedback_title',''),(1792,'eng','Answer',41,'feedback_title',''),(1793,'esp','Answer',41,'feedback',''),(1794,'eng','Answer',41,'feedback',''),(1795,'esp','Answer',42,'name','En parte'),(1796,'eng','Answer',42,'name','Partially'),(1797,'esp','Answer',42,'feedback_title','Nulla at pharetra velit.'),(1798,'eng','Answer',42,'feedback_title','ENGNulla at pharetra velit.'),(1799,'esp','Answer',42,'feedback','Nulla at pharetra velit. Nullam eu dapibus risus, in imperdiet lorem. Aliquam consequat non sem vitae mollis. Pellentesque lacinia, nisi at vehicula consequat, mi sapien.'),(1800,'eng','Answer',42,'feedback','ENGNulla at pharetra velit. Nullam eu dapibus risus, in imperdiet lorem. Aliquam consequat non sem vitae mollis. Pellentesque lacinia, nisi at vehicula consequat, mi sapien.'),(1801,'esp','Answer',43,'name','No'),(1802,'eng','Answer',43,'name','No'),(1803,'esp','Answer',43,'feedback_title','Nulla at pharetra velit.'),(1804,'eng','Answer',43,'feedback_title','ENGNulla at pharetra velit.'),(1805,'esp','Answer',43,'feedback','Nulla at pharetra velit. Nullam eu dapibus risus, in imperdiet lorem. Aliquam consequat non sem vitae mollis. Pellentesque lacinia, nisi at vehicula consequat, mi sapien.'),(1806,'eng','Answer',43,'feedback','ENGNulla at pharetra velit. Nullam eu dapibus risus, in imperdiet lorem. Aliquam consequat non sem vitae mollis. Pellentesque lacinia, nisi at vehicula consequat, mi sapien.'),(1807,'esp','Answer',44,'name','No sÃ©'),(1808,'eng','Answer',44,'name','Don\'t know'),(1809,'esp','Answer',44,'feedback_title','Nulla at pharetra velit.'),(1810,'eng','Answer',44,'feedback_title','ENGNulla at pharetra velit.'),(1811,'esp','Answer',44,'feedback','Nulla at pharetra velit. Nullam eu dapibus risus, in imperdiet lorem. Aliquam consequat non sem vitae mollis. Pellentesque lacinia, nisi at vehicula consequat, mi sapien.'),(1812,'eng','Answer',44,'feedback','ENGNulla at pharetra velit. Nullam eu dapibus risus, in imperdiet lorem. Aliquam consequat non sem vitae mollis. Pellentesque lacinia, nisi at vehicula consequat, mi sapien.'),(1813,'esp','Answer',45,'name','No aplicable'),(1814,'eng','Answer',45,'name','Not applicable'),(1815,'esp','Answer',45,'feedback_title',''),(1816,'eng','Answer',45,'feedback_title',''),(1817,'esp','Answer',45,'feedback',''),(1818,'eng','Answer',45,'feedback',''),(1819,'esp','Answer',46,'name','Si'),(1820,'eng','Answer',46,'name','Yes'),(1821,'esp','Answer',46,'feedback_title',''),(1822,'eng','Answer',46,'feedback_title',''),(1823,'esp','Answer',46,'feedback',''),(1824,'eng','Answer',46,'feedback',''),(1825,'esp','Answer',47,'name','En parte'),(1826,'eng','Answer',47,'name','Partially'),(1827,'esp','Answer',47,'feedback_title','Nulla at pharetra velit.'),(1828,'eng','Answer',47,'feedback_title','ENGNulla at pharetra velit.'),(1829,'esp','Answer',47,'feedback','Nulla at pharetra velit. Nullam eu dapibus risus, in imperdiet lorem. Aliquam consequat non sem vitae mollis. Pellentesque lacinia, nisi at vehicula consequat, mi sapien.'),(1830,'eng','Answer',47,'feedback','ENGNulla at pharetra velit. Nullam eu dapibus risus, in imperdiet lorem. Aliquam consequat non sem vitae mollis. Pellentesque lacinia, nisi at vehicula consequat, mi sapien.'),(1831,'esp','Answer',48,'name','No'),(1832,'eng','Answer',48,'name','No'),(1833,'esp','Answer',48,'feedback_title','Nulla at pharetra velit.'),(1834,'eng','Answer',48,'feedback_title','ENGNulla at pharetra velit.'),(1835,'esp','Answer',48,'feedback','Nulla at pharetra velit. Nullam eu dapibus risus, in imperdiet lorem. Aliquam consequat non sem vitae mollis. Pellentesque lacinia, nisi at vehicula consequat, mi sapien.'),(1836,'eng','Answer',48,'feedback','ENGNulla at pharetra velit. Nullam eu dapibus risus, in imperdiet lorem. Aliquam consequat non sem vitae mollis. Pellentesque lacinia, nisi at vehicula consequat, mi sapien.'),(1837,'esp','Answer',49,'name','No sÃ©'),(1838,'eng','Answer',49,'name','Don\'t know'),(1839,'esp','Answer',49,'feedback_title','Nulla at pharetra velit.'),(1840,'eng','Answer',49,'feedback_title','ENGNulla at pharetra velit.'),(1841,'esp','Answer',49,'feedback','Nulla at pharetra velit. Nullam eu dapibus risus, in imperdiet lorem. Aliquam consequat non sem vitae mollis. Pellentesque lacinia, nisi at vehicula consequat, mi sapien.'),(1842,'eng','Answer',49,'feedback','ENGNulla at pharetra velit. Nullam eu dapibus risus, in imperdiet lorem. Aliquam consequat non sem vitae mollis. Pellentesque lacinia, nisi at vehicula consequat, mi sapien.'),(1843,'esp','Answer',50,'name','No aplicable'),(1844,'eng','Answer',50,'name','Not applicable'),(1845,'esp','Answer',50,'feedback_title',''),(1846,'eng','Answer',50,'feedback_title',''),(1847,'esp','Answer',50,'feedback',''),(1848,'eng','Answer',50,'feedback',''),(1849,'esp','Answer',51,'name','Si'),(1850,'eng','Answer',51,'name','Yes'),(1851,'esp','Answer',51,'feedback_title',''),(1852,'eng','Answer',51,'feedback_title',''),(1853,'esp','Answer',51,'feedback',''),(1854,'eng','Answer',51,'feedback',''),(1855,'esp','Answer',52,'name','En parte'),(1856,'eng','Answer',52,'name','Partially'),(1857,'esp','Answer',52,'feedback_title','Nulla at pharetra velit.'),(1858,'eng','Answer',52,'feedback_title','ENGNulla at pharetra velit.'),(1859,'esp','Answer',52,'feedback','Nulla at pharetra velit. Nullam eu dapibus risus, in imperdiet lorem. Aliquam consequat non sem vitae mollis. Pellentesque lacinia, nisi at vehicula consequat, mi sapien.'),(1860,'eng','Answer',52,'feedback','ENGNulla at pharetra velit. Nullam eu dapibus risus, in imperdiet lorem. Aliquam consequat non sem vitae mollis. Pellentesque lacinia, nisi at vehicula consequat, mi sapien.'),(1861,'esp','Answer',53,'name','No'),(1862,'eng','Answer',53,'name','No'),(1863,'esp','Answer',53,'feedback_title','Nulla at pharetra velit.'),(1864,'eng','Answer',53,'feedback_title','ENGNulla at pharetra velit.'),(1865,'esp','Answer',53,'feedback','Nulla at pharetra velit. Nullam eu dapibus risus, in imperdiet lorem. Aliquam consequat non sem vitae mollis. Pellentesque lacinia, nisi at vehicula consequat, mi sapien.'),(1866,'eng','Answer',53,'feedback','ENGNulla at pharetra velit. Nullam eu dapibus risus, in imperdiet lorem. Aliquam consequat non sem vitae mollis. Pellentesque lacinia, nisi at vehicula consequat, mi sapien.'),(1867,'esp','Answer',54,'name','No sÃ©'),(1868,'eng','Answer',54,'name','Don\'t know'),(1869,'esp','Answer',54,'feedback_title','Nulla at pharetra velit.'),(1870,'eng','Answer',54,'feedback_title','ENGNulla at pharetra velit.'),(1871,'esp','Answer',54,'feedback','Nulla at pharetra velit. Nullam eu dapibus risus, in imperdiet lorem. Aliquam consequat non sem vitae mollis. Pellentesque lacinia, nisi at vehicula consequat, mi sapien.'),(1872,'eng','Answer',54,'feedback','ENGNulla at pharetra velit. Nullam eu dapibus risus, in imperdiet lorem. Aliquam consequat non sem vitae mollis. Pellentesque lacinia, nisi at vehicula consequat, mi sapien.'),(1873,'esp','Answer',55,'name','No aplicable'),(1874,'eng','Answer',55,'name','Not applicable'),(1875,'esp','Answer',55,'feedback_title',''),(1876,'eng','Answer',55,'feedback_title',''),(1877,'esp','Answer',55,'feedback',''),(1878,'eng','Answer',55,'feedback',''),(1879,'esp','Answer',56,'name','Si'),(1880,'eng','Answer',56,'name','Yes'),(1881,'esp','Answer',56,'feedback_title',''),(1882,'eng','Answer',56,'feedback_title',''),(1883,'esp','Answer',56,'feedback',''),(1884,'eng','Answer',56,'feedback',''),(1885,'esp','Answer',57,'name','En parte'),(1886,'eng','Answer',57,'name','Partially'),(1887,'esp','Answer',57,'feedback_title','Nulla at pharetra velit.'),(1888,'eng','Answer',57,'feedback_title','ENGNulla at pharetra velit.'),(1889,'esp','Answer',57,'feedback','Nulla at pharetra velit. Nullam eu dapibus risus, in imperdiet lorem. Aliquam consequat non sem vitae mollis. Pellentesque lacinia, nisi at vehicula consequat, mi sapien.'),(1890,'eng','Answer',57,'feedback','ENGNulla at pharetra velit. Nullam eu dapibus risus, in imperdiet lorem. Aliquam consequat non sem vitae mollis. Pellentesque lacinia, nisi at vehicula consequat, mi sapien.'),(1891,'esp','Answer',58,'name','No'),(1892,'eng','Answer',58,'name','No'),(1893,'esp','Answer',58,'feedback_title','Nulla at pharetra velit.'),(1894,'eng','Answer',58,'feedback_title','ENGNulla at pharetra velit.'),(1895,'esp','Answer',58,'feedback','Nulla at pharetra velit. Nullam eu dapibus risus, in imperdiet lorem. Aliquam consequat non sem vitae mollis. Pellentesque lacinia, nisi at vehicula consequat, mi sapien.'),(1896,'eng','Answer',58,'feedback','ENGNulla at pharetra velit. Nullam eu dapibus risus, in imperdiet lorem. Aliquam consequat non sem vitae mollis. Pellentesque lacinia, nisi at vehicula consequat, mi sapien.'),(1897,'esp','Answer',59,'name','No sÃ©'),(1898,'eng','Answer',59,'name','Don\'t know'),(1899,'esp','Answer',59,'feedback_title','Nulla at pharetra velit.'),(1900,'eng','Answer',59,'feedback_title','ENGNulla at pharetra velit.'),(1901,'esp','Answer',59,'feedback','Nulla at pharetra velit. Nullam eu dapibus risus, in imperdiet lorem. Aliquam consequat non sem vitae mollis. Pellentesque lacinia, nisi at vehicula consequat, mi sapien.'),(1902,'eng','Answer',59,'feedback','ENGNulla at pharetra velit. Nullam eu dapibus risus, in imperdiet lorem. Aliquam consequat non sem vitae mollis. Pellentesque lacinia, nisi at vehicula consequat, mi sapien.'),(1903,'esp','Answer',60,'name','No aplicable'),(1904,'eng','Answer',60,'name','Not applicable'),(1905,'esp','Answer',60,'feedback_title',''),(1906,'eng','Answer',60,'feedback_title',''),(1907,'esp','Answer',60,'feedback',''),(1908,'eng','Answer',60,'feedback',''),(1909,'esp','Answer',61,'name','Si'),(1910,'eng','Answer',61,'name','Yes'),(1911,'esp','Answer',61,'feedback_title',''),(1912,'eng','Answer',61,'feedback_title',''),(1913,'esp','Answer',61,'feedback',''),(1914,'eng','Answer',61,'feedback',''),(1915,'esp','Answer',62,'name','En parte'),(1916,'eng','Answer',62,'name','Partially'),(1917,'esp','Answer',62,'feedback_title','Nulla at pharetra velit.'),(1918,'eng','Answer',62,'feedback_title','ENGNulla at pharetra velit.'),(1919,'esp','Answer',62,'feedback','Nulla at pharetra velit. Nullam eu dapibus risus, in imperdiet lorem. Aliquam consequat non sem vitae mollis. Pellentesque lacinia, nisi at vehicula consequat, mi sapien.'),(1920,'eng','Answer',62,'feedback','ENGNulla at pharetra velit. Nullam eu dapibus risus, in imperdiet lorem. Aliquam consequat non sem vitae mollis. Pellentesque lacinia, nisi at vehicula consequat, mi sapien.'),(1921,'esp','Answer',63,'name','No'),(1922,'eng','Answer',63,'name','No'),(1923,'esp','Answer',63,'feedback_title','Nulla at pharetra velit.'),(1924,'eng','Answer',63,'feedback_title','ENGNulla at pharetra velit.'),(1925,'esp','Answer',63,'feedback','Nulla at pharetra velit. Nullam eu dapibus risus, in imperdiet lorem. Aliquam consequat non sem vitae mollis. Pellentesque lacinia, nisi at vehicula consequat, mi sapien.'),(1926,'eng','Answer',63,'feedback','ENGNulla at pharetra velit. Nullam eu dapibus risus, in imperdiet lorem. Aliquam consequat non sem vitae mollis. Pellentesque lacinia, nisi at vehicula consequat, mi sapien.'),(1927,'esp','Answer',64,'name','No sÃ©'),(1928,'eng','Answer',64,'name','Don\'t know'),(1929,'esp','Answer',64,'feedback_title','Nulla at pharetra velit.'),(1930,'eng','Answer',64,'feedback_title','ENGNulla at pharetra velit.'),(1931,'esp','Answer',64,'feedback','Nulla at pharetra velit. Nullam eu dapibus risus, in imperdiet lorem. Aliquam consequat non sem vitae mollis. Pellentesque lacinia, nisi at vehicula consequat, mi sapien.'),(1932,'eng','Answer',64,'feedback','ENGNulla at pharetra velit. Nullam eu dapibus risus, in imperdiet lorem. Aliquam consequat non sem vitae mollis. Pellentesque lacinia, nisi at vehicula consequat, mi sapien.'),(1933,'esp','Answer',65,'name','No aplicable'),(1934,'eng','Answer',65,'name','Not applicable'),(1935,'esp','Answer',65,'feedback_title',''),(1936,'eng','Answer',65,'feedback_title',''),(1937,'esp','Answer',65,'feedback',''),(1938,'eng','Answer',65,'feedback',''),(1939,'esp','Answer',66,'name','Si'),(1940,'eng','Answer',66,'name','Yes'),(1941,'esp','Answer',66,'feedback_title',''),(1942,'eng','Answer',66,'feedback_title',''),(1943,'esp','Answer',66,'feedback',''),(1944,'eng','Answer',66,'feedback',''),(1945,'esp','Answer',67,'name','En parte'),(1946,'eng','Answer',67,'name','Partially'),(1947,'esp','Answer',67,'feedback_title','Nulla at pharetra velit.'),(1948,'eng','Answer',67,'feedback_title','ENGNulla at pharetra velit.'),(1949,'esp','Answer',67,'feedback','Nulla at pharetra velit. Nullam eu dapibus risus, in imperdiet lorem. Aliquam consequat non sem vitae mollis. Pellentesque lacinia, nisi at vehicula consequat, mi sapien.'),(1950,'eng','Answer',67,'feedback','ENGNulla at pharetra velit. Nullam eu dapibus risus, in imperdiet lorem. Aliquam consequat non sem vitae mollis. Pellentesque lacinia, nisi at vehicula consequat, mi sapien.'),(1951,'esp','Answer',68,'name','No'),(1952,'eng','Answer',68,'name','No'),(1953,'esp','Answer',68,'feedback_title','Nulla at pharetra velit.'),(1954,'eng','Answer',68,'feedback_title','ENGNulla at pharetra velit.'),(1955,'esp','Answer',68,'feedback','Nulla at pharetra velit. Nullam eu dapibus risus, in imperdiet lorem. Aliquam consequat non sem vitae mollis. Pellentesque lacinia, nisi at vehicula consequat, mi sapien.'),(1956,'eng','Answer',68,'feedback','ENGNulla at pharetra velit. Nullam eu dapibus risus, in imperdiet lorem. Aliquam consequat non sem vitae mollis. Pellentesque lacinia, nisi at vehicula consequat, mi sapien.'),(1957,'esp','Answer',69,'name','No sÃ©'),(1958,'eng','Answer',69,'name','Don\'t know'),(1959,'esp','Answer',69,'feedback_title','Nulla at pharetra velit.'),(1960,'eng','Answer',69,'feedback_title','ENGNulla at pharetra velit.'),(1961,'esp','Answer',69,'feedback','Nulla at pharetra velit. Nullam eu dapibus risus, in imperdiet lorem. Aliquam consequat non sem vitae mollis. Pellentesque lacinia, nisi at vehicula consequat, mi sapien.'),(1962,'eng','Answer',69,'feedback','ENGNulla at pharetra velit. Nullam eu dapibus risus, in imperdiet lorem. Aliquam consequat non sem vitae mollis. Pellentesque lacinia, nisi at vehicula consequat, mi sapien.'),(1963,'esp','Answer',70,'name','No aplicable'),(1964,'eng','Answer',70,'name','Not applicable'),(1965,'esp','Answer',70,'feedback_title',''),(1966,'eng','Answer',70,'feedback_title',''),(1967,'esp','Answer',70,'feedback',''),(1968,'eng','Answer',70,'feedback',''),(1969,'esp','Answer',71,'name','Si'),(1970,'eng','Answer',71,'name','Yes'),(1971,'esp','Answer',71,'feedback_title',''),(1972,'eng','Answer',71,'feedback_title',''),(1973,'esp','Answer',71,'feedback',''),(1974,'eng','Answer',71,'feedback',''),(1975,'esp','Answer',72,'name','En parte'),(1976,'eng','Answer',72,'name','Partially'),(1977,'esp','Answer',72,'feedback_title','Nulla at pharetra velit.'),(1978,'eng','Answer',72,'feedback_title','ENGNulla at pharetra velit.'),(1979,'esp','Answer',72,'feedback','Nulla at pharetra velit. Nullam eu dapibus risus, in imperdiet lorem. Aliquam consequat non sem vitae mollis. Pellentesque lacinia, nisi at vehicula consequat, mi sapien.'),(1980,'eng','Answer',72,'feedback','ENGNulla at pharetra velit. Nullam eu dapibus risus, in imperdiet lorem. Aliquam consequat non sem vitae mollis. Pellentesque lacinia, nisi at vehicula consequat, mi sapien.'),(1981,'esp','Answer',73,'name','No'),(1982,'eng','Answer',73,'name','No'),(1983,'esp','Answer',73,'feedback_title','Nulla at pharetra velit.'),(1984,'eng','Answer',73,'feedback_title','ENGNulla at pharetra velit.'),(1985,'esp','Answer',73,'feedback','Nulla at pharetra velit. Nullam eu dapibus risus, in imperdiet lorem. Aliquam consequat non sem vitae mollis. Pellentesque lacinia, nisi at vehicula consequat, mi sapien.'),(1986,'eng','Answer',73,'feedback','ENGNulla at pharetra velit. Nullam eu dapibus risus, in imperdiet lorem. Aliquam consequat non sem vitae mollis. Pellentesque lacinia, nisi at vehicula consequat, mi sapien.'),(1987,'esp','Answer',74,'name','No sÃ©'),(1988,'eng','Answer',74,'name','Don\'t know'),(1989,'esp','Answer',74,'feedback_title','Nulla at pharetra velit.'),(1990,'eng','Answer',74,'feedback_title','ENGNulla at pharetra velit.'),(1991,'esp','Answer',74,'feedback','Nulla at pharetra velit. Nullam eu dapibus risus, in imperdiet lorem. Aliquam consequat non sem vitae mollis. Pellentesque lacinia, nisi at vehicula consequat, mi sapien.'),(1992,'eng','Answer',74,'feedback','ENGNulla at pharetra velit. Nullam eu dapibus risus, in imperdiet lorem. Aliquam consequat non sem vitae mollis. Pellentesque lacinia, nisi at vehicula consequat, mi sapien.'),(1993,'esp','Answer',75,'name','No aplicable'),(1994,'eng','Answer',75,'name','Not applicable'),(1995,'esp','Answer',75,'feedback_title',''),(1996,'eng','Answer',75,'feedback_title',''),(1997,'esp','Answer',75,'feedback',''),(1998,'eng','Answer',75,'feedback',''),(1999,'esp','Answer',76,'name','Si'),(2000,'eng','Answer',76,'name','Yes'),(2001,'esp','Answer',76,'feedback_title',''),(2002,'eng','Answer',76,'feedback_title',''),(2003,'esp','Answer',76,'feedback',''),(2004,'eng','Answer',76,'feedback',''),(2005,'esp','Answer',77,'name','En parte'),(2006,'eng','Answer',77,'name','Partially'),(2007,'esp','Answer',77,'feedback_title','Nulla at pharetra velit.'),(2008,'eng','Answer',77,'feedback_title','ENGNulla at pharetra velit.'),(2009,'esp','Answer',77,'feedback','Nulla at pharetra velit. Nullam eu dapibus risus, in imperdiet lorem. Aliquam consequat non sem vitae mollis. Pellentesque lacinia, nisi at vehicula consequat, mi sapien.'),(2010,'eng','Answer',77,'feedback','ENGNulla at pharetra velit. Nullam eu dapibus risus, in imperdiet lorem. Aliquam consequat non sem vitae mollis. Pellentesque lacinia, nisi at vehicula consequat, mi sapien.'),(2011,'esp','Answer',78,'name','No'),(2012,'eng','Answer',78,'name','No'),(2013,'esp','Answer',78,'feedback_title','Nulla at pharetra velit.'),(2014,'eng','Answer',78,'feedback_title','ENGNulla at pharetra velit.'),(2015,'esp','Answer',78,'feedback','Nulla at pharetra velit. Nullam eu dapibus risus, in imperdiet lorem. Aliquam consequat non sem vitae mollis. Pellentesque lacinia, nisi at vehicula consequat, mi sapien.'),(2016,'eng','Answer',78,'feedback','ENGNulla at pharetra velit. Nullam eu dapibus risus, in imperdiet lorem. Aliquam consequat non sem vitae mollis. Pellentesque lacinia, nisi at vehicula consequat, mi sapien.'),(2017,'esp','Answer',79,'name','No sÃ©'),(2018,'eng','Answer',79,'name','Don\'t know'),(2019,'esp','Answer',79,'feedback_title','Nulla at pharetra velit.'),(2020,'eng','Answer',79,'feedback_title','ENGNulla at pharetra velit.'),(2021,'esp','Answer',79,'feedback','Nulla at pharetra velit. Nullam eu dapibus risus, in imperdiet lorem. Aliquam consequat non sem vitae mollis. Pellentesque lacinia, nisi at vehicula consequat, mi sapien.'),(2022,'eng','Answer',79,'feedback','ENGNulla at pharetra velit. Nullam eu dapibus risus, in imperdiet lorem. Aliquam consequat non sem vitae mollis. Pellentesque lacinia, nisi at vehicula consequat, mi sapien.'),(2023,'esp','Answer',80,'name','No aplicable'),(2024,'eng','Answer',80,'name','Not applicable'),(2025,'esp','Answer',80,'feedback_title',''),(2026,'eng','Answer',80,'feedback_title',''),(2027,'esp','Answer',80,'feedback',''),(2028,'eng','Answer',80,'feedback',''),(2029,'esp','Answer',81,'name','Si'),(2030,'eng','Answer',81,'name','Yes'),(2031,'esp','Answer',81,'feedback_title',''),(2032,'eng','Answer',81,'feedback_title',''),(2033,'esp','Answer',81,'feedback',''),(2034,'eng','Answer',81,'feedback',''),(2035,'esp','Answer',82,'name','En parte'),(2036,'eng','Answer',82,'name','Partially'),(2037,'esp','Answer',82,'feedback_title','Nulla at pharetra velit.'),(2038,'eng','Answer',82,'feedback_title','ENGNulla at pharetra velit.'),(2039,'esp','Answer',82,'feedback','Nulla at pharetra velit. Nullam eu dapibus risus, in imperdiet lorem. Aliquam consequat non sem vitae mollis. Pellentesque lacinia, nisi at vehicula consequat, mi sapien.'),(2040,'eng','Answer',82,'feedback','ENGNulla at pharetra velit. Nullam eu dapibus risus, in imperdiet lorem. Aliquam consequat non sem vitae mollis. Pellentesque lacinia, nisi at vehicula consequat, mi sapien.'),(2041,'esp','Answer',83,'name','No'),(2042,'eng','Answer',83,'name','No'),(2043,'esp','Answer',83,'feedback_title','Nulla at pharetra velit.'),(2044,'eng','Answer',83,'feedback_title','ENGNulla at pharetra velit.'),(2045,'esp','Answer',83,'feedback','Nulla at pharetra velit. Nullam eu dapibus risus, in imperdiet lorem. Aliquam consequat non sem vitae mollis. Pellentesque lacinia, nisi at vehicula consequat, mi sapien.'),(2046,'eng','Answer',83,'feedback','ENGNulla at pharetra velit. Nullam eu dapibus risus, in imperdiet lorem. Aliquam consequat non sem vitae mollis. Pellentesque lacinia, nisi at vehicula consequat, mi sapien.'),(2047,'esp','Answer',84,'name','No sÃ©'),(2048,'eng','Answer',84,'name','Don\'t know'),(2049,'esp','Answer',84,'feedback_title','Nulla at pharetra velit.'),(2050,'eng','Answer',84,'feedback_title','ENGNulla at pharetra velit.'),(2051,'esp','Answer',84,'feedback','Nulla at pharetra velit. Nullam eu dapibus risus, in imperdiet lorem. Aliquam consequat non sem vitae mollis. Pellentesque lacinia, nisi at vehicula consequat, mi sapien.'),(2052,'eng','Answer',84,'feedback','ENGNulla at pharetra velit. Nullam eu dapibus risus, in imperdiet lorem. Aliquam consequat non sem vitae mollis. Pellentesque lacinia, nisi at vehicula consequat, mi sapien.'),(2053,'esp','Answer',85,'name','No aplicable'),(2054,'eng','Answer',85,'name','Not applicable'),(2055,'esp','Answer',85,'feedback_title',''),(2056,'eng','Answer',85,'feedback_title',''),(2057,'esp','Answer',85,'feedback',''),(2058,'eng','Answer',85,'feedback',''),(2059,'esp','Answer',86,'name','Si'),(2060,'eng','Answer',86,'name','Yes'),(2061,'esp','Answer',86,'feedback_title',''),(2062,'eng','Answer',86,'feedback_title',''),(2063,'esp','Answer',86,'feedback',''),(2064,'eng','Answer',86,'feedback',''),(2065,'esp','Answer',87,'name','En parte'),(2066,'eng','Answer',87,'name','Partially'),(2067,'esp','Answer',87,'feedback_title','Nulla at pharetra velit.'),(2068,'eng','Answer',87,'feedback_title','ENGNulla at pharetra velit.'),(2069,'esp','Answer',87,'feedback','Nulla at pharetra velit. Nullam eu dapibus risus, in imperdiet lorem. Aliquam consequat non sem vitae mollis. Pellentesque lacinia, nisi at vehicula consequat, mi sapien.'),(2070,'eng','Answer',87,'feedback','ENGNulla at pharetra velit. Nullam eu dapibus risus, in imperdiet lorem. Aliquam consequat non sem vitae mollis. Pellentesque lacinia, nisi at vehicula consequat, mi sapien.'),(2071,'esp','Answer',88,'name','No'),(2072,'eng','Answer',88,'name','No'),(2073,'esp','Answer',88,'feedback_title','Nulla at pharetra velit.'),(2074,'eng','Answer',88,'feedback_title','ENGNulla at pharetra velit.'),(2075,'esp','Answer',88,'feedback','Nulla at pharetra velit. Nullam eu dapibus risus, in imperdiet lorem. Aliquam consequat non sem vitae mollis. Pellentesque lacinia, nisi at vehicula consequat, mi sapien.'),(2076,'eng','Answer',88,'feedback','ENGNulla at pharetra velit. Nullam eu dapibus risus, in imperdiet lorem. Aliquam consequat non sem vitae mollis. Pellentesque lacinia, nisi at vehicula consequat, mi sapien.'),(2077,'esp','Answer',89,'name','No sÃ©'),(2078,'eng','Answer',89,'name','Don\'t know'),(2079,'esp','Answer',89,'feedback_title','Nulla at pharetra velit.'),(2080,'eng','Answer',89,'feedback_title','ENGNulla at pharetra velit.'),(2081,'esp','Answer',89,'feedback','Nulla at pharetra velit. Nullam eu dapibus risus, in imperdiet lorem. Aliquam consequat non sem vitae mollis. Pellentesque lacinia, nisi at vehicula consequat, mi sapien.'),(2082,'eng','Answer',89,'feedback','ENGNulla at pharetra velit. Nullam eu dapibus risus, in imperdiet lorem. Aliquam consequat non sem vitae mollis. Pellentesque lacinia, nisi at vehicula consequat, mi sapien.'),(2083,'esp','Answer',90,'name','No aplicable'),(2084,'eng','Answer',90,'name','Not applicable'),(2085,'esp','Answer',90,'feedback_title',''),(2086,'eng','Answer',90,'feedback_title',''),(2087,'esp','Answer',90,'feedback',''),(2088,'eng','Answer',90,'feedback',''),(2089,'esp','Answer',91,'name','Si'),(2090,'eng','Answer',91,'name','Yes'),(2091,'esp','Answer',91,'feedback_title',''),(2092,'eng','Answer',91,'feedback_title',''),(2093,'esp','Answer',91,'feedback',''),(2094,'eng','Answer',91,'feedback',''),(2095,'esp','Answer',92,'name','En parte'),(2096,'eng','Answer',92,'name','Partially'),(2097,'esp','Answer',92,'feedback_title','Nulla at pharetra velit.'),(2098,'eng','Answer',92,'feedback_title','ENGNulla at pharetra velit.'),(2099,'esp','Answer',92,'feedback','Nulla at pharetra velit. Nullam eu dapibus risus, in imperdiet lorem. Aliquam consequat non sem vitae mollis. Pellentesque lacinia, nisi at vehicula consequat, mi sapien.'),(2100,'eng','Answer',92,'feedback','ENGNulla at pharetra velit. Nullam eu dapibus risus, in imperdiet lorem. Aliquam consequat non sem vitae mollis. Pellentesque lacinia, nisi at vehicula consequat, mi sapien.'),(2101,'esp','Answer',93,'name','No'),(2102,'eng','Answer',93,'name','No'),(2103,'esp','Answer',93,'feedback_title','Nulla at pharetra velit.'),(2104,'eng','Answer',93,'feedback_title','ENGNulla at pharetra velit.'),(2105,'esp','Answer',93,'feedback','Nulla at pharetra velit. Nullam eu dapibus risus, in imperdiet lorem. Aliquam consequat non sem vitae mollis. Pellentesque lacinia, nisi at vehicula consequat, mi sapien.'),(2106,'eng','Answer',93,'feedback','ENGNulla at pharetra velit. Nullam eu dapibus risus, in imperdiet lorem. Aliquam consequat non sem vitae mollis. Pellentesque lacinia, nisi at vehicula consequat, mi sapien.'),(2107,'esp','Answer',94,'name','No sÃ©'),(2108,'eng','Answer',94,'name','Don\'t know'),(2109,'esp','Answer',94,'feedback_title','Nulla at pharetra velit.'),(2110,'eng','Answer',94,'feedback_title','ENGNulla at pharetra velit.'),(2111,'esp','Answer',94,'feedback','Nulla at pharetra velit. Nullam eu dapibus risus, in imperdiet lorem. Aliquam consequat non sem vitae mollis. Pellentesque lacinia, nisi at vehicula consequat, mi sapien.'),(2112,'eng','Answer',94,'feedback','ENGNulla at pharetra velit. Nullam eu dapibus risus, in imperdiet lorem. Aliquam consequat non sem vitae mollis. Pellentesque lacinia, nisi at vehicula consequat, mi sapien.'),(2113,'esp','Answer',95,'name','No aplicable'),(2114,'eng','Answer',95,'name','Not applicable'),(2115,'esp','Answer',95,'feedback_title',''),(2116,'eng','Answer',95,'feedback_title',''),(2117,'esp','Answer',95,'feedback',''),(2118,'eng','Answer',95,'feedback',''),(2119,'esp','Answer',96,'name','Si'),(2120,'eng','Answer',96,'name','Yes'),(2121,'esp','Answer',96,'feedback_title',''),(2122,'eng','Answer',96,'feedback_title',''),(2123,'esp','Answer',96,'feedback',''),(2124,'eng','Answer',96,'feedback',''),(2125,'esp','Answer',97,'name','En parte'),(2126,'eng','Answer',97,'name','Partially'),(2127,'esp','Answer',97,'feedback_title','Nulla at pharetra velit.'),(2128,'eng','Answer',97,'feedback_title','ENGNulla at pharetra velit.'),(2129,'esp','Answer',97,'feedback','Nulla at pharetra velit. Nullam eu dapibus risus, in imperdiet lorem. Aliquam consequat non sem vitae mollis. Pellentesque lacinia, nisi at vehicula consequat, mi sapien.'),(2130,'eng','Answer',97,'feedback','ENGNulla at pharetra velit. Nullam eu dapibus risus, in imperdiet lorem. Aliquam consequat non sem vitae mollis. Pellentesque lacinia, nisi at vehicula consequat, mi sapien.'),(2131,'esp','Answer',98,'name','No'),(2132,'eng','Answer',98,'name','No'),(2133,'esp','Answer',98,'feedback_title','Nulla at pharetra velit.'),(2134,'eng','Answer',98,'feedback_title','ENGNulla at pharetra velit.'),(2135,'esp','Answer',98,'feedback','Nulla at pharetra velit. Nullam eu dapibus risus, in imperdiet lorem. Aliquam consequat non sem vitae mollis. Pellentesque lacinia, nisi at vehicula consequat, mi sapien.'),(2136,'eng','Answer',98,'feedback','ENGNulla at pharetra velit. Nullam eu dapibus risus, in imperdiet lorem. Aliquam consequat non sem vitae mollis. Pellentesque lacinia, nisi at vehicula consequat, mi sapien.'),(2137,'esp','Answer',99,'name','No sÃ©'),(2138,'eng','Answer',99,'name','Don\'t know'),(2139,'esp','Answer',99,'feedback_title','Nulla at pharetra velit.'),(2140,'eng','Answer',99,'feedback_title','ENGNulla at pharetra velit.'),(2141,'esp','Answer',99,'feedback','Nulla at pharetra velit. Nullam eu dapibus risus, in imperdiet lorem. Aliquam consequat non sem vitae mollis. Pellentesque lacinia, nisi at vehicula consequat, mi sapien.'),(2142,'eng','Answer',99,'feedback','ENGNulla at pharetra velit. Nullam eu dapibus risus, in imperdiet lorem. Aliquam consequat non sem vitae mollis. Pellentesque lacinia, nisi at vehicula consequat, mi sapien.'),(2143,'esp','Answer',100,'name','No aplicable'),(2144,'eng','Answer',100,'name','Not applicable'),(2145,'esp','Answer',100,'feedback_title',''),(2146,'eng','Answer',100,'feedback_title',''),(2147,'esp','Answer',100,'feedback',''),(2148,'eng','Answer',100,'feedback',''),(2149,'esp','Answer',101,'name','Si'),(2150,'eng','Answer',101,'name','Yes'),(2151,'esp','Answer',101,'feedback_title',''),(2152,'eng','Answer',101,'feedback_title',''),(2153,'esp','Answer',101,'feedback',''),(2154,'eng','Answer',101,'feedback',''),(2155,'esp','Answer',102,'name','En parte'),(2156,'eng','Answer',102,'name','Partially'),(2157,'esp','Answer',102,'feedback_title','Nulla at pharetra velit.'),(2158,'eng','Answer',102,'feedback_title','ENGNulla at pharetra velit.'),(2159,'esp','Answer',102,'feedback','Nulla at pharetra velit. Nullam eu dapibus risus, in imperdiet lorem. Aliquam consequat non sem vitae mollis. Pellentesque lacinia, nisi at vehicula consequat, mi sapien.'),(2160,'eng','Answer',102,'feedback','ENGNulla at pharetra velit. Nullam eu dapibus risus, in imperdiet lorem. Aliquam consequat non sem vitae mollis. Pellentesque lacinia, nisi at vehicula consequat, mi sapien.'),(2161,'esp','Answer',103,'name','No'),(2162,'eng','Answer',103,'name','No'),(2163,'esp','Answer',103,'feedback_title','Nulla at pharetra velit.'),(2164,'eng','Answer',103,'feedback_title','ENGNulla at pharetra velit.'),(2165,'esp','Answer',103,'feedback','Nulla at pharetra velit. Nullam eu dapibus risus, in imperdiet lorem. Aliquam consequat non sem vitae mollis. Pellentesque lacinia, nisi at vehicula consequat, mi sapien.'),(2166,'eng','Answer',103,'feedback','ENGNulla at pharetra velit. Nullam eu dapibus risus, in imperdiet lorem. Aliquam consequat non sem vitae mollis. Pellentesque lacinia, nisi at vehicula consequat, mi sapien.'),(2167,'esp','Answer',104,'name','No sÃ©'),(2168,'eng','Answer',104,'name','Don\'t know'),(2169,'esp','Answer',104,'feedback_title','Nulla at pharetra velit.'),(2170,'eng','Answer',104,'feedback_title','ENGNulla at pharetra velit.'),(2171,'esp','Answer',104,'feedback','Nulla at pharetra velit. Nullam eu dapibus risus, in imperdiet lorem. Aliquam consequat non sem vitae mollis. Pellentesque lacinia, nisi at vehicula consequat, mi sapien.'),(2172,'eng','Answer',104,'feedback','ENGNulla at pharetra velit. Nullam eu dapibus risus, in imperdiet lorem. Aliquam consequat non sem vitae mollis. Pellentesque lacinia, nisi at vehicula consequat, mi sapien.'),(2173,'esp','Answer',105,'name','No aplicable'),(2174,'eng','Answer',105,'name','Not applicable'),(2175,'esp','Answer',105,'feedback_title',''),(2176,'eng','Answer',105,'feedback_title',''),(2177,'esp','Answer',105,'feedback',''),(2178,'eng','Answer',105,'feedback',''),(2179,'esp','Answer',106,'name','Si'),(2180,'eng','Answer',106,'name','Yes'),(2181,'esp','Answer',106,'feedback_title',''),(2182,'eng','Answer',106,'feedback_title',''),(2183,'esp','Answer',106,'feedback',''),(2184,'eng','Answer',106,'feedback',''),(2185,'esp','Answer',107,'name','En parte'),(2186,'eng','Answer',107,'name','Partially'),(2187,'esp','Answer',107,'feedback_title','Nulla at pharetra velit.'),(2188,'eng','Answer',107,'feedback_title','ENGNulla at pharetra velit.'),(2189,'esp','Answer',107,'feedback','Nulla at pharetra velit. Nullam eu dapibus risus, in imperdiet lorem. Aliquam consequat non sem vitae mollis. Pellentesque lacinia, nisi at vehicula consequat, mi sapien.'),(2190,'eng','Answer',107,'feedback','ENGNulla at pharetra velit. Nullam eu dapibus risus, in imperdiet lorem. Aliquam consequat non sem vitae mollis. Pellentesque lacinia, nisi at vehicula consequat, mi sapien.'),(2191,'esp','Answer',108,'name','No'),(2192,'eng','Answer',108,'name','No'),(2193,'esp','Answer',108,'feedback_title','Nulla at pharetra velit.'),(2194,'eng','Answer',108,'feedback_title','ENGNulla at pharetra velit.'),(2195,'esp','Answer',108,'feedback','Nulla at pharetra velit. Nullam eu dapibus risus, in imperdiet lorem. Aliquam consequat non sem vitae mollis. Pellentesque lacinia, nisi at vehicula consequat, mi sapien.'),(2196,'eng','Answer',108,'feedback','ENGNulla at pharetra velit. Nullam eu dapibus risus, in imperdiet lorem. Aliquam consequat non sem vitae mollis. Pellentesque lacinia, nisi at vehicula consequat, mi sapien.'),(2197,'esp','Answer',109,'name','No sÃ©'),(2198,'eng','Answer',109,'name','Don\'t know'),(2199,'esp','Answer',109,'feedback_title','Nulla at pharetra velit.'),(2200,'eng','Answer',109,'feedback_title','ENGNulla at pharetra velit.'),(2201,'esp','Answer',109,'feedback','Nulla at pharetra velit. Nullam eu dapibus risus, in imperdiet lorem. Aliquam consequat non sem vitae mollis. Pellentesque lacinia, nisi at vehicula consequat, mi sapien.'),(2202,'eng','Answer',109,'feedback','ENGNulla at pharetra velit. Nullam eu dapibus risus, in imperdiet lorem. Aliquam consequat non sem vitae mollis. Pellentesque lacinia, nisi at vehicula consequat, mi sapien.'),(2203,'esp','Answer',110,'name','No aplicable'),(2204,'eng','Answer',110,'name','Not applicable'),(2205,'esp','Answer',110,'feedback_title',''),(2206,'eng','Answer',110,'feedback_title',''),(2207,'esp','Answer',110,'feedback',''),(2208,'eng','Answer',110,'feedback',''),(2209,'esp','Answer',111,'name','Si'),(2210,'eng','Answer',111,'name','Yes'),(2211,'esp','Answer',111,'feedback_title',''),(2212,'eng','Answer',111,'feedback_title',''),(2213,'esp','Answer',111,'feedback',''),(2214,'eng','Answer',111,'feedback',''),(2215,'esp','Answer',112,'name','En parte'),(2216,'eng','Answer',112,'name','Partially'),(2217,'esp','Answer',112,'feedback_title','Nulla at pharetra velit.'),(2218,'eng','Answer',112,'feedback_title','ENGNulla at pharetra velit.'),(2219,'esp','Answer',112,'feedback','Nulla at pharetra velit. Nullam eu dapibus risus, in imperdiet lorem. Aliquam consequat non sem vitae mollis. Pellentesque lacinia, nisi at vehicula consequat, mi sapien.'),(2220,'eng','Answer',112,'feedback','ENGNulla at pharetra velit. Nullam eu dapibus risus, in imperdiet lorem. Aliquam consequat non sem vitae mollis. Pellentesque lacinia, nisi at vehicula consequat, mi sapien.'),(2221,'esp','Answer',113,'name','No'),(2222,'eng','Answer',113,'name','No'),(2223,'esp','Answer',113,'feedback_title','Nulla at pharetra velit.'),(2224,'eng','Answer',113,'feedback_title','ENGNulla at pharetra velit.'),(2225,'esp','Answer',113,'feedback','Nulla at pharetra velit. Nullam eu dapibus risus, in imperdiet lorem. Aliquam consequat non sem vitae mollis. Pellentesque lacinia, nisi at vehicula consequat, mi sapien.'),(2226,'eng','Answer',113,'feedback','ENGNulla at pharetra velit. Nullam eu dapibus risus, in imperdiet lorem. Aliquam consequat non sem vitae mollis. Pellentesque lacinia, nisi at vehicula consequat, mi sapien.'),(2227,'esp','Answer',114,'name','No sÃ©'),(2228,'eng','Answer',114,'name','Don\'t know'),(2229,'esp','Answer',114,'feedback_title','Nulla at pharetra velit.'),(2230,'eng','Answer',114,'feedback_title','ENGNulla at pharetra velit.'),(2231,'esp','Answer',114,'feedback','Nulla at pharetra velit. Nullam eu dapibus risus, in imperdiet lorem. Aliquam consequat non sem vitae mollis. Pellentesque lacinia, nisi at vehicula consequat, mi sapien.'),(2232,'eng','Answer',114,'feedback','ENGNulla at pharetra velit. Nullam eu dapibus risus, in imperdiet lorem. Aliquam consequat non sem vitae mollis. Pellentesque lacinia, nisi at vehicula consequat, mi sapien.'),(2233,'esp','Answer',115,'name','No aplicable'),(2234,'eng','Answer',115,'name','Not applicable'),(2235,'esp','Answer',115,'feedback_title',''),(2236,'eng','Answer',115,'feedback_title',''),(2237,'esp','Answer',115,'feedback',''),(2238,'eng','Answer',115,'feedback',''),(2239,'esp','Answer',116,'name','Si'),(2240,'eng','Answer',116,'name','Yes'),(2241,'esp','Answer',116,'feedback_title',''),(2242,'eng','Answer',116,'feedback_title',''),(2243,'esp','Answer',116,'feedback',''),(2244,'eng','Answer',116,'feedback',''),(2245,'esp','Answer',117,'name','En parte'),(2246,'eng','Answer',117,'name','Partially'),(2247,'esp','Answer',117,'feedback_title','Nulla at pharetra velit.'),(2248,'eng','Answer',117,'feedback_title','ENGNulla at pharetra velit.'),(2249,'esp','Answer',117,'feedback','Nulla at pharetra velit. Nullam eu dapibus risus, in imperdiet lorem. Aliquam consequat non sem vitae mollis. Pellentesque lacinia, nisi at vehicula consequat, mi sapien.'),(2250,'eng','Answer',117,'feedback','ENGNulla at pharetra velit. Nullam eu dapibus risus, in imperdiet lorem. Aliquam consequat non sem vitae mollis. Pellentesque lacinia, nisi at vehicula consequat, mi sapien.'),(2251,'esp','Answer',118,'name','No'),(2252,'eng','Answer',118,'name','No'),(2253,'esp','Answer',118,'feedback_title','Nulla at pharetra velit.'),(2254,'eng','Answer',118,'feedback_title','ENGNulla at pharetra velit.'),(2255,'esp','Answer',118,'feedback','Nulla at pharetra velit. Nullam eu dapibus risus, in imperdiet lorem. Aliquam consequat non sem vitae mollis. Pellentesque lacinia, nisi at vehicula consequat, mi sapien.'),(2256,'eng','Answer',118,'feedback','ENGNulla at pharetra velit. Nullam eu dapibus risus, in imperdiet lorem. Aliquam consequat non sem vitae mollis. Pellentesque lacinia, nisi at vehicula consequat, mi sapien.'),(2257,'esp','Answer',119,'name','No sÃ©'),(2258,'eng','Answer',119,'name','Don\'t know'),(2259,'esp','Answer',119,'feedback_title','Nulla at pharetra velit.'),(2260,'eng','Answer',119,'feedback_title','ENGNulla at pharetra velit.'),(2261,'esp','Answer',119,'feedback','Nulla at pharetra velit. Nullam eu dapibus risus, in imperdiet lorem. Aliquam consequat non sem vitae mollis. Pellentesque lacinia, nisi at vehicula consequat, mi sapien.'),(2262,'eng','Answer',119,'feedback','ENGNulla at pharetra velit. Nullam eu dapibus risus, in imperdiet lorem. Aliquam consequat non sem vitae mollis. Pellentesque lacinia, nisi at vehicula consequat, mi sapien.'),(2263,'esp','Answer',120,'name','No aplicable'),(2264,'eng','Answer',120,'name','Not applicable'),(2265,'esp','Answer',120,'feedback_title',''),(2266,'eng','Answer',120,'feedback_title',''),(2267,'esp','Answer',120,'feedback',''),(2268,'eng','Answer',120,'feedback',''),(2269,'esp','Answer',121,'name','Si'),(2270,'eng','Answer',121,'name','Yes'),(2271,'esp','Answer',121,'feedback_title',''),(2272,'eng','Answer',121,'feedback_title',''),(2273,'esp','Answer',121,'feedback',''),(2274,'eng','Answer',121,'feedback',''),(2275,'esp','Answer',122,'name','En parte'),(2276,'eng','Answer',122,'name','Partially'),(2277,'esp','Answer',122,'feedback_title','Nulla at pharetra velit.'),(2278,'eng','Answer',122,'feedback_title','ENGNulla at pharetra velit.'),(2279,'esp','Answer',122,'feedback','Nulla at pharetra velit. Nullam eu dapibus risus, in imperdiet lorem. Aliquam consequat non sem vitae mollis. Pellentesque lacinia, nisi at vehicula consequat, mi sapien.'),(2280,'eng','Answer',122,'feedback','ENGNulla at pharetra velit. Nullam eu dapibus risus, in imperdiet lorem. Aliquam consequat non sem vitae mollis. Pellentesque lacinia, nisi at vehicula consequat, mi sapien.'),(2281,'esp','Answer',123,'name','No'),(2282,'eng','Answer',123,'name','No'),(2283,'esp','Answer',123,'feedback_title','Nulla at pharetra velit.'),(2284,'eng','Answer',123,'feedback_title','ENGNulla at pharetra velit.'),(2285,'esp','Answer',123,'feedback','Nulla at pharetra velit. Nullam eu dapibus risus, in imperdiet lorem. Aliquam consequat non sem vitae mollis. Pellentesque lacinia, nisi at vehicula consequat, mi sapien.'),(2286,'eng','Answer',123,'feedback','ENGNulla at pharetra velit. Nullam eu dapibus risus, in imperdiet lorem. Aliquam consequat non sem vitae mollis. Pellentesque lacinia, nisi at vehicula consequat, mi sapien.'),(2287,'esp','Answer',124,'name','No sÃ©'),(2288,'eng','Answer',124,'name','Don\'t know'),(2289,'esp','Answer',124,'feedback_title','Nulla at pharetra velit.'),(2290,'eng','Answer',124,'feedback_title','ENGNulla at pharetra velit.'),(2291,'esp','Answer',124,'feedback','Nulla at pharetra velit. Nullam eu dapibus risus, in imperdiet lorem. Aliquam consequat non sem vitae mollis. Pellentesque lacinia, nisi at vehicula consequat, mi sapien.'),(2292,'eng','Answer',124,'feedback','ENGNulla at pharetra velit. Nullam eu dapibus risus, in imperdiet lorem. Aliquam consequat non sem vitae mollis. Pellentesque lacinia, nisi at vehicula consequat, mi sapien.'),(2293,'esp','Answer',125,'name','No aplicable'),(2294,'eng','Answer',125,'name','Not applicable'),(2295,'esp','Answer',125,'feedback_title',''),(2296,'eng','Answer',125,'feedback_title',''),(2297,'esp','Answer',125,'feedback',''),(2298,'eng','Answer',125,'feedback',''),(2299,'esp','Answer',126,'name','Si'),(2300,'eng','Answer',126,'name','Yes'),(2301,'esp','Answer',126,'feedback_title',''),(2302,'eng','Answer',126,'feedback_title',''),(2303,'esp','Answer',126,'feedback',''),(2304,'eng','Answer',126,'feedback',''),(2305,'esp','Answer',127,'name','En parte'),(2306,'eng','Answer',127,'name','Partially'),(2307,'esp','Answer',127,'feedback_title','Nulla at pharetra velit.'),(2308,'eng','Answer',127,'feedback_title','ENGNulla at pharetra velit.'),(2309,'esp','Answer',127,'feedback','Nulla at pharetra velit. Nullam eu dapibus risus, in imperdiet lorem. Aliquam consequat non sem vitae mollis. Pellentesque lacinia, nisi at vehicula consequat, mi sapien.'),(2310,'eng','Answer',127,'feedback','ENGNulla at pharetra velit. Nullam eu dapibus risus, in imperdiet lorem. Aliquam consequat non sem vitae mollis. Pellentesque lacinia, nisi at vehicula consequat, mi sapien.'),(2311,'esp','Answer',128,'name','No'),(2312,'eng','Answer',128,'name','No'),(2313,'esp','Answer',128,'feedback_title','Nulla at pharetra velit.'),(2314,'eng','Answer',128,'feedback_title','ENGNulla at pharetra velit.'),(2315,'esp','Answer',128,'feedback','Nulla at pharetra velit. Nullam eu dapibus risus, in imperdiet lorem. Aliquam consequat non sem vitae mollis. Pellentesque lacinia, nisi at vehicula consequat, mi sapien.'),(2316,'eng','Answer',128,'feedback','ENGNulla at pharetra velit. Nullam eu dapibus risus, in imperdiet lorem. Aliquam consequat non sem vitae mollis. Pellentesque lacinia, nisi at vehicula consequat, mi sapien.'),(2317,'esp','Answer',129,'name','No sÃ©'),(2318,'eng','Answer',129,'name','Don\'t know'),(2319,'esp','Answer',129,'feedback_title','Nulla at pharetra velit.'),(2320,'eng','Answer',129,'feedback_title','ENGNulla at pharetra velit.'),(2321,'esp','Answer',129,'feedback','Nulla at pharetra velit. Nullam eu dapibus risus, in imperdiet lorem. Aliquam consequat non sem vitae mollis. Pellentesque lacinia, nisi at vehicula consequat, mi sapien.'),(2322,'eng','Answer',129,'feedback','ENGNulla at pharetra velit. Nullam eu dapibus risus, in imperdiet lorem. Aliquam consequat non sem vitae mollis. Pellentesque lacinia, nisi at vehicula consequat, mi sapien.'),(2323,'esp','Answer',130,'name','No aplicable'),(2324,'eng','Answer',130,'name','Not applicable'),(2325,'esp','Answer',130,'feedback_title',''),(2326,'eng','Answer',130,'feedback_title',''),(2327,'esp','Answer',130,'feedback',''),(2328,'eng','Answer',130,'feedback',''),(2329,'esp','Answer',131,'name','Si'),(2330,'eng','Answer',131,'name','Yes'),(2331,'esp','Answer',131,'feedback_title',''),(2332,'eng','Answer',131,'feedback_title',''),(2333,'esp','Answer',131,'feedback',''),(2334,'eng','Answer',131,'feedback',''),(2335,'esp','Answer',132,'name','En parte'),(2336,'eng','Answer',132,'name','Partially'),(2337,'esp','Answer',132,'feedback_title','Nulla at pharetra velit.'),(2338,'eng','Answer',132,'feedback_title','ENGNulla at pharetra velit.'),(2339,'esp','Answer',132,'feedback','Nulla at pharetra velit. Nullam eu dapibus risus, in imperdiet lorem. Aliquam consequat non sem vitae mollis. Pellentesque lacinia, nisi at vehicula consequat, mi sapien.'),(2340,'eng','Answer',132,'feedback','ENGNulla at pharetra velit. Nullam eu dapibus risus, in imperdiet lorem. Aliquam consequat non sem vitae mollis. Pellentesque lacinia, nisi at vehicula consequat, mi sapien.'),(2341,'esp','Answer',133,'name','No'),(2342,'eng','Answer',133,'name','No'),(2343,'esp','Answer',133,'feedback_title','Nulla at pharetra velit.'),(2344,'eng','Answer',133,'feedback_title','ENGNulla at pharetra velit.'),(2345,'esp','Answer',133,'feedback','Nulla at pharetra velit. Nullam eu dapibus risus, in imperdiet lorem. Aliquam consequat non sem vitae mollis. Pellentesque lacinia, nisi at vehicula consequat, mi sapien.'),(2346,'eng','Answer',133,'feedback','ENGNulla at pharetra velit. Nullam eu dapibus risus, in imperdiet lorem. Aliquam consequat non sem vitae mollis. Pellentesque lacinia, nisi at vehicula consequat, mi sapien.'),(2347,'esp','Answer',134,'name','No sÃ©'),(2348,'eng','Answer',134,'name','Don\'t know'),(2349,'esp','Answer',134,'feedback_title','Nulla at pharetra velit.'),(2350,'eng','Answer',134,'feedback_title','ENGNulla at pharetra velit.'),(2351,'esp','Answer',134,'feedback','Nulla at pharetra velit. Nullam eu dapibus risus, in imperdiet lorem. Aliquam consequat non sem vitae mollis. Pellentesque lacinia, nisi at vehicula consequat, mi sapien.'),(2352,'eng','Answer',134,'feedback','ENGNulla at pharetra velit. Nullam eu dapibus risus, in imperdiet lorem. Aliquam consequat non sem vitae mollis. Pellentesque lacinia, nisi at vehicula consequat, mi sapien.'),(2353,'esp','Answer',135,'name','No aplicable'),(2354,'eng','Answer',135,'name','Not applicable'),(2355,'esp','Answer',135,'feedback_title',''),(2356,'eng','Answer',135,'feedback_title',''),(2357,'esp','Answer',135,'feedback',''),(2358,'eng','Answer',135,'feedback',''),(2359,'esp','Answer',136,'name','Si'),(2360,'eng','Answer',136,'name','Yes'),(2361,'esp','Answer',136,'feedback_title',''),(2362,'eng','Answer',136,'feedback_title',''),(2363,'esp','Answer',136,'feedback',''),(2364,'eng','Answer',136,'feedback',''),(2365,'esp','Answer',137,'name','En parte'),(2366,'eng','Answer',137,'name','Partially'),(2367,'esp','Answer',137,'feedback_title','Nulla at pharetra velit.'),(2368,'eng','Answer',137,'feedback_title','ENGNulla at pharetra velit.'),(2369,'esp','Answer',137,'feedback','Nulla at pharetra velit. Nullam eu dapibus risus, in imperdiet lorem. Aliquam consequat non sem vitae mollis. Pellentesque lacinia, nisi at vehicula consequat, mi sapien.'),(2370,'eng','Answer',137,'feedback','ENGNulla at pharetra velit. Nullam eu dapibus risus, in imperdiet lorem. Aliquam consequat non sem vitae mollis. Pellentesque lacinia, nisi at vehicula consequat, mi sapien.'),(2371,'esp','Answer',138,'name','No'),(2372,'eng','Answer',138,'name','No'),(2373,'esp','Answer',138,'feedback_title','Nulla at pharetra velit.'),(2374,'eng','Answer',138,'feedback_title','ENGNulla at pharetra velit.'),(2375,'esp','Answer',138,'feedback','Nulla at pharetra velit. Nullam eu dapibus risus, in imperdiet lorem. Aliquam consequat non sem vitae mollis. Pellentesque lacinia, nisi at vehicula consequat, mi sapien.'),(2376,'eng','Answer',138,'feedback','ENGNulla at pharetra velit. Nullam eu dapibus risus, in imperdiet lorem. Aliquam consequat non sem vitae mollis. Pellentesque lacinia, nisi at vehicula consequat, mi sapien.'),(2377,'esp','Answer',139,'name','No sÃ©'),(2378,'eng','Answer',139,'name','Don\'t know'),(2379,'esp','Answer',139,'feedback_title','Nulla at pharetra velit.'),(2380,'eng','Answer',139,'feedback_title','ENGNulla at pharetra velit.'),(2381,'esp','Answer',139,'feedback','Nulla at pharetra velit. Nullam eu dapibus risus, in imperdiet lorem. Aliquam consequat non sem vitae mollis. Pellentesque lacinia, nisi at vehicula consequat, mi sapien.'),(2382,'eng','Answer',139,'feedback','ENGNulla at pharetra velit. Nullam eu dapibus risus, in imperdiet lorem. Aliquam consequat non sem vitae mollis. Pellentesque lacinia, nisi at vehicula consequat, mi sapien.'),(2383,'esp','Answer',140,'name','No aplicable'),(2384,'eng','Answer',140,'name','Not applicable'),(2385,'esp','Answer',140,'feedback_title',''),(2386,'eng','Answer',140,'feedback_title',''),(2387,'esp','Answer',140,'feedback',''),(2388,'eng','Answer',140,'feedback',''),(2389,'esp','Answer',141,'name','Si'),(2390,'eng','Answer',141,'name','Yes'),(2391,'esp','Answer',141,'feedback_title',''),(2392,'eng','Answer',141,'feedback_title',''),(2393,'esp','Answer',141,'feedback',''),(2394,'eng','Answer',141,'feedback',''),(2395,'esp','Answer',142,'name','En parte'),(2396,'eng','Answer',142,'name','Partially'),(2397,'esp','Answer',142,'feedback_title','Nulla at pharetra velit.'),(2398,'eng','Answer',142,'feedback_title','ENGNulla at pharetra velit.'),(2399,'esp','Answer',142,'feedback','Nulla at pharetra velit. Nullam eu dapibus risus, in imperdiet lorem. Aliquam consequat non sem vitae mollis. Pellentesque lacinia, nisi at vehicula consequat, mi sapien.'),(2400,'eng','Answer',142,'feedback','ENGNulla at pharetra velit. Nullam eu dapibus risus, in imperdiet lorem. Aliquam consequat non sem vitae mollis. Pellentesque lacinia, nisi at vehicula consequat, mi sapien.'),(2401,'esp','Answer',143,'name','No'),(2402,'eng','Answer',143,'name','No'),(2403,'esp','Answer',143,'feedback_title','Nulla at pharetra velit.'),(2404,'eng','Answer',143,'feedback_title','ENGNulla at pharetra velit.'),(2405,'esp','Answer',143,'feedback','Nulla at pharetra velit. Nullam eu dapibus risus, in imperdiet lorem. Aliquam consequat non sem vitae mollis. Pellentesque lacinia, nisi at vehicula consequat, mi sapien.'),(2406,'eng','Answer',143,'feedback','ENGNulla at pharetra velit. Nullam eu dapibus risus, in imperdiet lorem. Aliquam consequat non sem vitae mollis. Pellentesque lacinia, nisi at vehicula consequat, mi sapien.'),(2407,'esp','Answer',144,'name','No sÃ©'),(2408,'eng','Answer',144,'name','Don\'t know'),(2409,'esp','Answer',144,'feedback_title','Nulla at pharetra velit.'),(2410,'eng','Answer',144,'feedback_title','ENGNulla at pharetra velit.'),(2411,'esp','Answer',144,'feedback','Nulla at pharetra velit. Nullam eu dapibus risus, in imperdiet lorem. Aliquam consequat non sem vitae mollis. Pellentesque lacinia, nisi at vehicula consequat, mi sapien.'),(2412,'eng','Answer',144,'feedback','ENGNulla at pharetra velit. Nullam eu dapibus risus, in imperdiet lorem. Aliquam consequat non sem vitae mollis. Pellentesque lacinia, nisi at vehicula consequat, mi sapien.'),(2413,'esp','Answer',145,'name','No aplicable'),(2414,'eng','Answer',145,'name','Not applicable'),(2415,'esp','Answer',145,'feedback_title',''),(2416,'eng','Answer',145,'feedback_title',''),(2417,'esp','Answer',145,'feedback',''),(2418,'eng','Answer',145,'feedback',''),(2419,'esp','Nodetype',1,'name','Debilidades/Oportunidades'),(2420,'eng','Nodetype',1,'name','Weaknesses / Opportunities'),(2421,'esp','Nodetype',2,'name','Perspectiva del BSC'),(2422,'eng','Nodetype',2,'name','Perspective BSC'),(2423,'esp','Nodetype',3,'name','Estrategia'),(2424,'eng','Nodetype',3,'name','Strategy'),(2425,'esp','Nodetype',4,'name','Compromiso'),(2426,'eng','Nodetype',4,'name','Commitment'),(2427,'esp','Nodetype',5,'name','MisiÃ³n'),(2428,'eng','Nodetype',5,'name','Mission'),(2429,'esp','Nodetype',6,'name','VisiÃ³n'),(2430,'eng','Nodetype',6,'name','View'),(2431,'esp','Nodetype',7,'name','Objetivo'),(2432,'eng','Nodetype',7,'name','Objective'),(2433,'esp','Nodetype',8,'name','PolÃ­ticas'),(2434,'eng','Nodetype',8,'name','Policies'),(2435,'esp','Nodetype',9,'name','Expectativas'),(2436,'eng','Nodetype',9,'name','Expectations'),(2437,'esp','Nodetype',10,'name','Programas'),(2438,'eng','Nodetype',10,'name','Programs'),(2439,'esp','Nodetype',11,'name','Actividades'),(2440,'eng','Nodetype',11,'name','Activities'),(2441,'esp','Nodetype',12,'name','Iniciativas'),(2442,'eng','Nodetype',12,'name','Initiatives'),(2443,'esp','Nodetype',13,'name','Proyectos'),(2444,'eng','Nodetype',13,'name','Projects'),(2445,'esp','Nodetype',14,'name','Cursos'),(2446,'eng','Nodetype',14,'name','Courses'),(2447,'esp','Nodetype',15,'name','Tareas'),(2448,'eng','Nodetype',15,'name','Tasks'),(2449,'esp','Category',30,'name','Tipos de nodo'),(2450,'eng','Category',30,'name','Nodetypes'),(2451,'esp','Action',51,'name','Tipos de nodo'),(2452,'eng','Action',51,'name','Nodetypes'),(2453,'esp','Nodesource',1,'name','AutoevaluaciÃ³n'),(2454,'eng','Nodesource',1,'name','Autoevaluation'),(2455,'esp','Nodesource',2,'name','Sistema'),(2456,'eng','Nodesource',2,'name','System'),(2457,'esp','Nodesource',3,'name','Manual'),(2458,'eng','Nodesource',3,'name','Manual'),(2459,'esp','Category',31,'name','Fuentes de Nodos'),(2460,'eng','Category',31,'name','Node sources'),(2461,'esp','Action',52,'name','Fuentes de nodos'),(2462,'eng','Action',52,'name','Node Sources'),(3067,'esp','Action',53,'name','Nivel de Madurez'),(3068,'eng','Action',53,'name','Maturity Level'),(3069,'esp','Company',15,'description','asdf'),(3070,'eng','Company',15,'description','qwer'),(3071,'esp','Company',15,'address','asdf'),(3072,'eng','Company',15,'address','qwer'),(3204,'esp','Nodestatus',1,'name','No iniciado'),(3205,'eng','Nodestatus',1,'name','Not started'),(3206,'esp','Nodestatus',2,'name','Iniciado'),(3207,'eng','Nodestatus',2,'name','Started'),(3208,'esp','Nodestatus',3,'name','Finalizado'),(3209,'eng','Nodestatus',3,'name','Ended'),(3329,'esp','Node',48,'name','Nulla at pharetra velit.'),(3330,'eng','Node',48,'name','ENGNulla at pharetra velit.'),(3331,'esp','Node',48,'description','Nulla at pharetra velit. Nullam eu dapibus risus, in imperdiet lorem. Aliquam consequat non sem vitae mollis. Pellentesque lacinia, nisi at vehicula consequat, mi sapien.'),(3332,'eng','Node',48,'description','ENGNulla at pharetra velit. Nullam eu dapibus risus, in imperdiet lorem. Aliquam consequat non sem vitae mollis. Pellentesque lacinia, nisi at vehicula consequat, mi sapien.'),(3333,'esp','Node',49,'name','Lorem ipsum '),(3334,'eng','Node',49,'name','ENG lorem ipsum '),(3335,'esp','Node',49,'description','<p>Lorem ipsum dolor sit amet consectetur adipiscing elit.<br></p><p>Nulla at pharetra velit. Nullam eu dapibus risus, in imperdiet lorem. Aliquam consequat non sem vitae mollis. Pellentesque lacinia, nisi at vehicula consequat, mi sapien.</p>'),(3336,'eng','Node',49,'description','ENGNulla at pharetra velit. Nullam eu dapibus risus, in imperdiet lorem. Aliquam consequat non sem vitae mollis. Pellentesque lacinia, nisi at vehicula consequat, mi sapien.'),(3337,'esp','Node',50,'name','Nulla at pharetra velit.'),(3338,'eng','Node',50,'name','ENGNulla at pharetra velit.'),(3339,'esp','Node',50,'description','Nulla at pharetra velit. Nullam eu dapibus risus, in imperdiet lorem. Aliquam consequat non sem vitae mollis. Pellentesque lacinia, nisi at vehicula consequat, mi sapien.'),(3340,'eng','Node',50,'description','ENGNulla at pharetra velit. Nullam eu dapibus risus, in imperdiet lorem. Aliquam consequat non sem vitae mollis. Pellentesque lacinia, nisi at vehicula consequat, mi sapien.'),(3352,'esp','Node',52,'name','Sed ut perspiciatis unde omnis iste natus error sit voluptatem'),(3353,'eng','Node',52,'name','Sed ut perspiciatis unde omnis iste natus error sit voluptatem'),(3354,'esp','Node',52,'description','<p>Sed ut perspiciatis unde omnis iste natus error sit voluptatem</p>'),(3355,'eng','Node',52,'description','<p>Sed ut perspiciatis unde omnis iste natus error sit voluptatem</p>'),(3356,'esp','Node',53,'name','Nulla at pharetra velit.'),(3357,'eng','Node',53,'name','ENGNulla at pharetra velit.'),(3358,'esp','Node',53,'description','Nulla at pharetra velit. Nullam eu dapibus risus, in imperdiet lorem. Aliquam consequat non sem vitae mollis. Pellentesque lacinia, nisi at vehicula consequat, mi sapien.'),(3359,'eng','Node',53,'description','ENGNulla at pharetra velit. Nullam eu dapibus risus, in imperdiet lorem. Aliquam consequat non sem vitae mollis. Pellentesque lacinia, nisi at vehicula consequat, mi sapien.'),(3365,'esp','Node',54,'name','Nulla at pharetra velit.'),(3366,'eng','Node',54,'name','ENGNulla at pharetra velit.'),(3367,'esp','Node',54,'description','Nulla at pharetra velit. Nullam eu dapibus risus, in imperdiet lorem. Aliquam consequat non sem vitae mollis. Pellentesque lacinia, nisi at vehicula consequat, mi sapien.'),(3368,'eng','Node',54,'description','ENGNulla at pharetra velit. Nullam eu dapibus risus, in imperdiet lorem. Aliquam consequat non sem vitae mollis. Pellentesque lacinia, nisi at vehicula consequat, mi sapien.'),(3369,'esp','Node',55,'name','Nulla at pharetra velit.'),(3370,'eng','Node',55,'name','ENGNulla at pharetra velit.'),(3371,'esp','Node',55,'description','Nulla at pharetra velit. Nullam eu dapibus risus, in imperdiet lorem. Aliquam consequat non sem vitae mollis. Pellentesque lacinia, nisi at vehicula consequat, mi sapien.'),(3372,'eng','Node',55,'description','ENGNulla at pharetra velit. Nullam eu dapibus risus, in imperdiet lorem. Aliquam consequat non sem vitae mollis. Pellentesque lacinia, nisi at vehicula consequat, mi sapien.'),(3373,'esp','Node',56,'name','Nulla at pharetra velit.'),(3374,'eng','Node',56,'name','ENGNulla at pharetra velit.'),(3375,'esp','Node',56,'description','Nulla at pharetra velit. Nullam eu dapibus risus, in imperdiet lorem. Aliquam consequat non sem vitae mollis. Pellentesque lacinia, nisi at vehicula consequat, mi sapien.'),(3376,'eng','Node',56,'description','ENGNulla at pharetra velit. Nullam eu dapibus risus, in imperdiet lorem. Aliquam consequat non sem vitae mollis. Pellentesque lacinia, nisi at vehicula consequat, mi sapien.'),(3377,'esp','Node',57,'name','Nulla at pharetra velit.'),(3378,'eng','Node',57,'name','ENGNulla at pharetra velit.'),(3379,'esp','Node',57,'description','Nulla at pharetra velit. Nullam eu dapibus risus, in imperdiet lorem. Aliquam consequat non sem vitae mollis. Pellentesque lacinia, nisi at vehicula consequat, mi sapien.'),(3380,'eng','Node',57,'description','ENGNulla at pharetra velit. Nullam eu dapibus risus, in imperdiet lorem. Aliquam consequat non sem vitae mollis. Pellentesque lacinia, nisi at vehicula consequat, mi sapien.'),(3389,'esp','Category',32,'name','GestiÃ³n EstratÃ©gica'),(3390,'eng','Category',32,'name','Strategic Management'),(3391,'esp','Action',54,'name','Oportunidades y Debilidades'),(3392,'eng','Action',54,'name','Weaknesses and Opportunities'),(3393,'esp','Node',60,'name','strategia'),(3394,'eng','Node',60,'name','strategy'),(3395,'esp','Node',60,'description','<p>1<br></p>'),(3396,'eng','Node',60,'description','<p>2<br></p>'),(3405,'esp','Node',63,'name','Vestibulum at posuere est'),(3406,'eng','Node',63,'name','ENG Vestibulum at posuere est'),(3407,'esp','Node',63,'description','<p>Vestibulum at posuere est. Sed turpis eros, ornare eget ligula non, \r\nelementum lobortis velit. Curabitur varius placerat turpis eu finibus. \r\nIn luctus ornare velit at iaculis. Etiam consequat, neque ultricies \r\ndictum consectetur, arcu magna sagittis erat, in cursus dolor erat vel \r\narcu. Phasellus tincidunt varius maximus. Duis congue tristique sapien, \r\nid semper est aliquam sit amet. Sed nec auctor elit, sit amet porttitor \r\nleo. Integer luctus erat sed erat semper, sit amet pulvinar eros \r\nfringilla. Nam id mi et tortor cursus elementum. Sed varius vitae felis \r\nin vehicula. Nullam justo eros, sodales eu dolor ut, venenatis lobortis \r\nerat. Phasellus mi metus, tempor sit amet sem vitae, imperdiet bibendum \r\ndui. Proin purus elit, sodales ac quam quis, euismod pharetra sem.\r\n<br></p>'),(3408,'eng','Node',63,'description','<p>ENG Vestibulum at posuere est. Sed turpis eros, ornare eget ligula non, \r\nelementum lobortis velit. Curabitur varius placerat turpis eu finibus. \r\nIn luctus ornare velit at iaculis. Etiam consequat, neque ultricies \r\ndictum consectetur, arcu magna sagittis erat, in cursus dolor erat vel \r\narcu. Phasellus tincidunt varius maximus. Duis congue tristique sapien, \r\nid semper est aliquam sit amet. Sed nec auctor elit, sit amet porttitor \r\nleo. Integer luctus erat sed erat semper, sit amet pulvinar eros \r\nfringilla. Nam id mi et tortor cursus elementum. Sed varius vitae felis \r\nin vehicula. Nullam justo eros, sodales eu dolor ut, venenatis lobortis \r\nerat. Phasellus mi metus, tempor sit amet sem vitae, imperdiet bibendum \r\ndui. Proin purus elit, sodales ac quam quis, euismod pharetra sem.\r\n<br></p>'),(3409,'esp','Action',55,'name','Perspectiva del BSC'),(3410,'eng','Action',55,'name','BSC Perspective'),(3411,'esp','Action',56,'name','Estrategias'),(3412,'eng','Action',56,'name','Strategys'),(3413,'esp','Action',57,'name','MisiÃ³n'),(3414,'eng','Action',57,'name','Mission'),(3415,'esp','Action',58,'name','VisiÃ³n'),(3416,'eng','Action',58,'name','Vision'),(3417,'esp','Action',59,'name','Objetivos'),(3418,'eng','Action',59,'name','Objectives'),(3419,'esp','Action',60,'name','PolÃ­ticas'),(3420,'eng','Action',60,'name','Politics'),(3421,'esp','Node',64,'name','Estrategia 1'),(3422,'eng','Node',64,'name','Strategy 1'),(3423,'esp','Node',64,'description','<p>Sed convallis, enim sit amet varius faucibus, tortor ipsum porta tortor,\r\n ac placerat tortor arcu ac velit. Integer porta quam sapien, sed ornare\r\n nunc mattis in. Sed porttitor nibh sed facilisis sodales.<br></p>'),(3424,'eng','Node',64,'description','<p>Sed convallis, enim sit amet varius faucibus, tortor ipsum porta tortor,\r\n ac placerat tortor arcu ac velit. Integer porta quam sapien, sed ornare\r\n nunc mattis in. Sed porttitor nibh sed facilisis sodales.<br></p>'),(3429,'esp','Node',66,'name','VisiÃ³n 1'),(3430,'eng','Node',66,'name','Vision 1'),(3431,'esp','Node',66,'description','<p>Etiam consequat, neque ultricies dictum consectetur, arcu magna sagittis\r\n erat, in cursus dolor erat vel arcu. Phasellus tincidunt varius \r\nmaximus. Duis congue tristique sapien, id semper est aliquam sit amet. \r\nSed nec auctor elit, sit amet porttitor leo. Integer luctus erat sed \r\nerat semper, sit amet pulvinar eros fringilla. Nam id mi et tortor \r\ncursus elementum. Sed varius vitae felis in vehicula. <br></p>'),(3432,'eng','Node',66,'description','<p>Etiam consequat, neque ultricies dictum consectetur, arcu magna sagittis\r\n erat, in cursus dolor erat vel arcu. Phasellus tincidunt varius \r\nmaximus. Duis congue tristique sapien, id semper est aliquam sit amet. \r\nSed nec auctor elit, sit amet porttitor leo. Integer luctus erat sed \r\nerat semper, sit amet pulvinar eros fringilla. Nam id mi et tortor \r\ncursus elementum. Sed varius vitae felis in vehicula. <br></p>'),(3433,'esp','Node',67,'name','Objetivo de prueba'),(3434,'eng','Node',67,'name','Test objective'),(3435,'esp','Node',67,'description','<p>Cras elementum ex nec aliquam lobortis. In hac habitasse platea \r\ndictumst. Aenean sit amet mollis odio, sit amet tincidunt lorem. Vivamus\r\n euismod, sapien a fermentum eleifend, justo ligula dignissim sapien, a \r\nauctor diam purus in mauris. In at blandit nibh. <br></p>'),(3436,'eng','Node',67,'description','<p>Cras elementum ex nec aliquam lobortis. In hac habitasse platea \r\ndictumst. Aenean sit amet mollis odio, sit amet tincidunt lorem. Vivamus\r\n euismod, sapien a fermentum eleifend, justo ligula dignissim sapien, a \r\nauctor diam purus in mauris. In at blandit nibh. <br></p>'),(3437,'esp','Node',68,'name','asdf'),(3438,'eng','Node',68,'name','asdf'),(3439,'esp','Node',68,'description','<p>asdf<br></p>'),(3440,'eng','Node',68,'description','<p>asdf<br></p>'),(3441,'esp','Company',16,'description','1'),(3442,'eng','Company',16,'description','2'),(3443,'esp','Company',16,'address','2'),(3444,'eng','Company',16,'address','3'),(3445,'esp','Node',69,'name','Nulla at pharetra velit.'),(3446,'eng','Node',69,'name','ENGNulla at pharetra velit.'),(3447,'esp','Node',69,'description','Nulla at pharetra velit. Nullam eu dapibus risus, in imperdiet lorem. Aliquam consequat non sem vitae mollis. Pellentesque lacinia, nisi at vehicula consequat, mi sapien.'),(3448,'eng','Node',69,'description','ENGNulla at pharetra velit. Nullam eu dapibus risus, in imperdiet lorem. Aliquam consequat non sem vitae mollis. Pellentesque lacinia, nisi at vehicula consequat, mi sapien.'),(3449,'esp','Node',70,'name','Nulla at pharetra velit.'),(3450,'eng','Node',70,'name','ENGNulla at pharetra velit.'),(3451,'esp','Node',70,'description','Nulla at pharetra velit. Nullam eu dapibus risus, in imperdiet lorem. Aliquam consequat non sem vitae mollis. Pellentesque lacinia, nisi at vehicula consequat, mi sapien.'),(3452,'eng','Node',70,'description','ENGNulla at pharetra velit. Nullam eu dapibus risus, in imperdiet lorem. Aliquam consequat non sem vitae mollis. Pellentesque lacinia, nisi at vehicula consequat, mi sapien.'),(3453,'esp','Node',71,'name','Nulla at pharetra velit.'),(3454,'eng','Node',71,'name','ENGNulla at pharetra velit.'),(3455,'esp','Node',71,'description','Nulla at pharetra velit. Nullam eu dapibus risus, in imperdiet lorem. Aliquam consequat non sem vitae mollis. Pellentesque lacinia, nisi at vehicula consequat, mi sapien.'),(3456,'eng','Node',71,'description','ENGNulla at pharetra velit. Nullam eu dapibus risus, in imperdiet lorem. Aliquam consequat non sem vitae mollis. Pellentesque lacinia, nisi at vehicula consequat, mi sapien.'),(3457,'esp','Node',72,'name','Nulla at pharetra velit.'),(3458,'eng','Node',72,'name','ENGNulla at pharetra velit.'),(3459,'esp','Node',72,'description','Nulla at pharetra velit. Nullam eu dapibus risus, in imperdiet lorem. Aliquam consequat non sem vitae mollis. Pellentesque lacinia, nisi at vehicula consequat, mi sapien.'),(3460,'eng','Node',72,'description','ENGNulla at pharetra velit. Nullam eu dapibus risus, in imperdiet lorem. Aliquam consequat non sem vitae mollis. Pellentesque lacinia, nisi at vehicula consequat, mi sapien.'),(3461,'esp','Node',73,'name','Nulla at pharetra velit.'),(3462,'eng','Node',73,'name','ENGNulla at pharetra velit.'),(3463,'esp','Node',73,'description','Nulla at pharetra velit. Nullam eu dapibus risus, in imperdiet lorem. Aliquam consequat non sem vitae mollis. Pellentesque lacinia, nisi at vehicula consequat, mi sapien.'),(3464,'eng','Node',73,'description','ENGNulla at pharetra velit. Nullam eu dapibus risus, in imperdiet lorem. Aliquam consequat non sem vitae mollis. Pellentesque lacinia, nisi at vehicula consequat, mi sapien.'),(3465,'esp','Node',74,'name','Nulla at pharetra velit.'),(3466,'eng','Node',74,'name','ENGNulla at pharetra velit.'),(3467,'esp','Node',74,'description','Nulla at pharetra velit. Nullam eu dapibus risus, in imperdiet lorem. Aliquam consequat non sem vitae mollis. Pellentesque lacinia, nisi at vehicula consequat, mi sapien.'),(3468,'eng','Node',74,'description','ENGNulla at pharetra velit. Nullam eu dapibus risus, in imperdiet lorem. Aliquam consequat non sem vitae mollis. Pellentesque lacinia, nisi at vehicula consequat, mi sapien.'),(3469,'esp','Node',75,'name','Nulla at pharetra velit.'),(3470,'eng','Node',75,'name','ENGNulla at pharetra velit.'),(3471,'esp','Node',75,'description','Nulla at pharetra velit. Nullam eu dapibus risus, in imperdiet lorem. Aliquam consequat non sem vitae mollis. Pellentesque lacinia, nisi at vehicula consequat, mi sapien.'),(3472,'eng','Node',75,'description','ENGNulla at pharetra velit. Nullam eu dapibus risus, in imperdiet lorem. Aliquam consequat non sem vitae mollis. Pellentesque lacinia, nisi at vehicula consequat, mi sapien.'),(3473,'esp','Node',76,'name','Nulla at pharetra velit.'),(3474,'eng','Node',76,'name','ENGNulla at pharetra velit.'),(3475,'esp','Node',76,'description','Nulla at pharetra velit. Nullam eu dapibus risus, in imperdiet lorem. Aliquam consequat non sem vitae mollis. Pellentesque lacinia, nisi at vehicula consequat, mi sapien.'),(3476,'eng','Node',76,'description','ENGNulla at pharetra velit. Nullam eu dapibus risus, in imperdiet lorem. Aliquam consequat non sem vitae mollis. Pellentesque lacinia, nisi at vehicula consequat, mi sapien.'),(3477,'esp','Node',77,'name','Nulla at pharetra velit.'),(3478,'eng','Node',77,'name','ENGNulla at pharetra velit.'),(3479,'esp','Node',77,'description','Nulla at pharetra velit. Nullam eu dapibus risus, in imperdiet lorem. Aliquam consequat non sem vitae mollis. Pellentesque lacinia, nisi at vehicula consequat, mi sapien.'),(3480,'eng','Node',77,'description','ENGNulla at pharetra velit. Nullam eu dapibus risus, in imperdiet lorem. Aliquam consequat non sem vitae mollis. Pellentesque lacinia, nisi at vehicula consequat, mi sapien.'),(3481,'esp','Node',78,'name','Nulla at pharetra velit.'),(3482,'eng','Node',78,'name','ENGNulla at pharetra velit.'),(3483,'esp','Node',78,'description','Nulla at pharetra velit. Nullam eu dapibus risus, in imperdiet lorem. Aliquam consequat non sem vitae mollis. Pellentesque lacinia, nisi at vehicula consequat, mi sapien.'),(3484,'eng','Node',78,'description','ENGNulla at pharetra velit. Nullam eu dapibus risus, in imperdiet lorem. Aliquam consequat non sem vitae mollis. Pellentesque lacinia, nisi at vehicula consequat, mi sapien.'),(3485,'esp','Node',79,'name','Nulla at pharetra velit.'),(3486,'eng','Node',79,'name','ENGNulla at pharetra velit.'),(3487,'esp','Node',79,'description','Nulla at pharetra velit. Nullam eu dapibus risus, in imperdiet lorem. Aliquam consequat non sem vitae mollis. Pellentesque lacinia, nisi at vehicula consequat, mi sapien.'),(3488,'eng','Node',79,'description','ENGNulla at pharetra velit. Nullam eu dapibus risus, in imperdiet lorem. Aliquam consequat non sem vitae mollis. Pellentesque lacinia, nisi at vehicula consequat, mi sapien.'),(3489,'esp','Node',80,'name','Nulla at pharetra velit.'),(3490,'eng','Node',80,'name','ENGNulla at pharetra velit.'),(3491,'esp','Node',80,'description','Nulla at pharetra velit. Nullam eu dapibus risus, in imperdiet lorem. Aliquam consequat non sem vitae mollis. Pellentesque lacinia, nisi at vehicula consequat, mi sapien.'),(3492,'eng','Node',80,'description','ENGNulla at pharetra velit. Nullam eu dapibus risus, in imperdiet lorem. Aliquam consequat non sem vitae mollis. Pellentesque lacinia, nisi at vehicula consequat, mi sapien.'),(3493,'esp','Node',81,'name','Nulla at pharetra velit.'),(3494,'eng','Node',81,'name','ENGNulla at pharetra velit.'),(3495,'esp','Node',81,'description','Nulla at pharetra velit. Nullam eu dapibus risus, in imperdiet lorem. Aliquam consequat non sem vitae mollis. Pellentesque lacinia, nisi at vehicula consequat, mi sapien.'),(3496,'eng','Node',81,'description','ENGNulla at pharetra velit. Nullam eu dapibus risus, in imperdiet lorem. Aliquam consequat non sem vitae mollis. Pellentesque lacinia, nisi at vehicula consequat, mi sapien.'),(3497,'esp','Node',82,'name','Nulla at pharetra velit.'),(3498,'eng','Node',82,'name','ENGNulla at pharetra velit.'),(3499,'esp','Node',82,'description','Nulla at pharetra velit. Nullam eu dapibus risus, in imperdiet lorem. Aliquam consequat non sem vitae mollis. Pellentesque lacinia, nisi at vehicula consequat, mi sapien.'),(3500,'eng','Node',82,'description','ENGNulla at pharetra velit. Nullam eu dapibus risus, in imperdiet lorem. Aliquam consequat non sem vitae mollis. Pellentesque lacinia, nisi at vehicula consequat, mi sapien.'),(3501,'esp','Node',83,'name','asdf'),(3502,'eng','Node',83,'name','1234'),(3503,'esp','Node',83,'description','<p>asdf<br></p>'),(3504,'eng','Node',83,'description','<p>asdf<br></p>'),(3505,'esp','Node',84,'name','Nulla at pharetra velit.'),(3506,'eng','Node',84,'name','ENGNulla at pharetra velit.'),(3507,'esp','Node',84,'description','Nulla at pharetra velit. Nullam eu dapibus risus, in imperdiet lorem. Aliquam consequat non sem vitae mollis. Pellentesque lacinia, nisi at vehicula consequat, mi sapien.'),(3508,'eng','Node',84,'description','ENGNulla at pharetra velit. Nullam eu dapibus risus, in imperdiet lorem. Aliquam consequat non sem vitae mollis. Pellentesque lacinia, nisi at vehicula consequat, mi sapien.'),(3509,'esp','Node',85,'name','Compromiso'),(3510,'eng','Node',85,'name','Commitment'),(3511,'esp','Node',85,'description',''),(3512,'eng','Node',85,'description',''),(3517,'esp','Node',87,'name','Programa 1'),(3518,'eng','Node',87,'name','Program 1'),(3519,'esp','Node',87,'description',''),(3520,'eng','Node',87,'description',''),(3521,'esp','Node',88,'name','Actividad 1'),(3522,'eng','Node',88,'name','Activity 1'),(3523,'esp','Node',88,'description',''),(3524,'eng','Node',88,'description',''),(3525,'esp','Node',89,'name','123'),(3526,'eng','Node',89,'name','123'),(3527,'esp','Node',89,'description','<p>123<br></p>'),(3528,'eng','Node',89,'description','<p>123<br></p>'),(3529,'esp','Node',90,'name','Proyecto 1'),(3530,'eng','Node',90,'name','Project 1'),(3531,'esp','Node',90,'description','<p>1<br></p>'),(3532,'eng','Node',90,'description','<p>2<br></p>'),(3533,'esp','Node',91,'name','Curso 1'),(3534,'eng','Node',91,'name','Course 1'),(3535,'esp','Node',91,'description',''),(3536,'eng','Node',91,'description',''),(3541,'esp','Action',61,'name','Expectativas'),(3542,'eng','Action',61,'name','Expectations'),(3543,'esp','Action',62,'name','Programas'),(3544,'eng','Action',62,'name','Programs'),(3545,'esp','Action',63,'name','Proyectos'),(3546,'eng','Action',63,'name','Projects'),(3547,'esp','Action',64,'name','Actividades'),(3548,'eng','Action',64,'name','Activities'),(3549,'esp','Action',65,'name','Iniciativas'),(3550,'eng','Action',65,'name','Initiatives'),(3551,'esp','Action',66,'name','Cursos'),(3552,'eng','Action',66,'name','Courses'),(3553,'esp','Action',67,'name','Tareas'),(3554,'eng','Action',67,'name','Tasks'),(3555,'esp','Action',68,'name','Compromisos'),(3556,'eng','Action',68,'name','Commitments'),(3557,'esp','Node',93,'name','1'),(3558,'eng','Node',93,'name','2'),(3559,'esp','Node',93,'description',''),(3560,'eng','Node',93,'description',''),(3561,'esp','Node',94,'name','1'),(3562,'eng','Node',94,'name','2'),(3563,'esp','Node',94,'description',''),(3564,'eng','Node',94,'description',''),(3565,'esp','Nodepriority',1,'name','Muy baja'),(3566,'eng','Nodepriority',1,'name','Very low'),(3567,'esp','Nodepriority',2,'name','Baja'),(3568,'eng','Nodepriority',2,'name','Low'),(3569,'esp','Nodepriority',3,'name','Media'),(3570,'eng','Nodepriority',3,'name','Medium'),(3571,'esp','Nodepriority',4,'name','Alta'),(3572,'eng','Nodepriority',4,'name','High'),(3573,'esp','Nodepriority',5,'name','Muy alta'),(3574,'eng','Nodepriority',5,'name','Very high'),(3575,'esp','Module',21,'name','CSS'),(3576,'eng','Module',21,'name','CSS'),(3577,'esp','Category',33,'name','Prioridades'),(3578,'eng','Category',33,'name','Priorities'),(3579,'esp','Action',69,'name','Prioridades'),(3580,'eng','Action',69,'name','Priorities'),(3581,'esp','Node',95,'name','123'),(3582,'eng','Node',95,'name','234'),(3583,'esp','Node',95,'description',''),(3584,'eng','Node',95,'description',''),(3585,'esp','Group',10,'name','Perfil de GestiÃ³n Operativa'),(3586,'eng','Group',10,'name','Operation Management Profile'),(3587,'esp','Node',96,'name','Expec'),(3588,'eng','Node',96,'name','Expec ENG'),(3589,'esp','Node',96,'description','<p>1<br></p>'),(3590,'eng','Node',96,'description','<p>2<br></p>'),(3591,'esp','Node',97,'name','Nulla at pharetra velit.'),(3592,'eng','Node',97,'name','ENGNulla at pharetra velit.'),(3593,'esp','Node',97,'description','Nulla at pharetra velit. Nullam eu dapibus risus, in imperdiet lorem. Aliquam consequat non sem vitae mollis. Pellentesque lacinia, nisi at vehicula consequat, mi sapien.'),(3594,'eng','Node',97,'description','ENGNulla at pharetra velit. Nullam eu dapibus risus, in imperdiet lorem. Aliquam consequat non sem vitae mollis. Pellentesque lacinia, nisi at vehicula consequat, mi sapien.'),(3595,'esp','Node',98,'name','Nulla at pharetra velit.'),(3596,'eng','Node',98,'name','ENGNulla at pharetra velit.'),(3597,'esp','Node',98,'description','Nulla at pharetra velit. Nullam eu dapibus risus, in imperdiet lorem. Aliquam consequat non sem vitae mollis. Pellentesque lacinia, nisi at vehicula consequat, mi sapien.'),(3598,'eng','Node',98,'description','ENGNulla at pharetra velit. Nullam eu dapibus risus, in imperdiet lorem. Aliquam consequat non sem vitae mollis. Pellentesque lacinia, nisi at vehicula consequat, mi sapien.'),(3599,'esp','Node',99,'name','Nulla at pharetra velit.'),(3600,'eng','Node',99,'name','ENGNulla at pharetra velit.'),(3601,'esp','Node',99,'description','Nulla at pharetra velit. Nullam eu dapibus risus, in imperdiet lorem. Aliquam consequat non sem vitae mollis. Pellentesque lacinia, nisi at vehicula consequat, mi sapien.'),(3602,'eng','Node',99,'description','ENGNulla at pharetra velit. Nullam eu dapibus risus, in imperdiet lorem. Aliquam consequat non sem vitae mollis. Pellentesque lacinia, nisi at vehicula consequat, mi sapien.'),(3606,'esp','Indicator',1,'name','El Indicador'),(3607,'eng','Indicator',1,'name','The Indicator'),(3608,'esp','Indicator',1,'description','<p>3<br></p>'),(3609,'eng','Indicator',1,'description','<p><span style=\"background-color: yellow;\"><span style=\"font-weight: bold; font-size: 24px;\">4qsdfasd asdfasdfasdf asdf asdf</span></span><br></p>'),(3610,'esp','Indicator',1,'metric','Voltios'),(3611,'eng','Indicator',1,'metric','Watts'),(3612,'esp','Indicator',2,'name','1'),(3613,'eng','Indicator',2,'name','2'),(3614,'esp','Indicator',2,'description','<p>3<br></p>'),(3615,'eng','Indicator',2,'description','<p><span style=\"background-color: yellow;\"><span style=\"font-weight: bold; font-size: 24px;\">4qsdfasd asdfasdfasdf asdf asdf</span></span><br></p>'),(3616,'esp','Indicator',2,'metric',''),(3617,'eng','Indicator',2,'metric',''),(3618,'esp','Indicator',3,'name','1'),(3619,'eng','Indicator',3,'name','2'),(3620,'esp','Indicator',3,'description','<p>3<br></p>'),(3621,'eng','Indicator',3,'description','<p><span style=\"background-color: yellow;\"><span style=\"font-weight: bold; font-size: 24px;\">4qsdfasd asdfasdfasdf asdf asdf</span></span><br></p>'),(3622,'esp','Indicator',3,'metric',''),(3623,'eng','Indicator',3,'metric',''),(3624,'esp','Indicator',4,'name','1'),(3625,'eng','Indicator',4,'name','2'),(3626,'esp','Indicator',4,'description','<p>3<br></p>'),(3627,'eng','Indicator',4,'description','<p><span style=\"background-color: yellow;\"><span style=\"font-weight: bold; font-size: 24px;\">4qsdfasd asdfasdfasdf asdf asdf</span></span><br></p>'),(3628,'esp','Indicator',4,'metric',''),(3629,'eng','Indicator',4,'metric',''),(3630,'esp','Category',34,'name','Indicadores de GestiÃ³n'),(3631,'eng','Category',34,'name','Management Indicators'),(3632,'esp','Action',70,'name','Indicadores de GestiÃ³n'),(3633,'eng','Action',70,'name','Management Indicators'),(3634,'esp','Indicator',5,'name','Consumo EnergÃ©tico'),(3635,'eng','Indicator',5,'name','Energy Consumption'),(3636,'esp','Indicator',5,'metric','Voltios/aÃ±o'),(3637,'eng','Indicator',5,'metric','Watts/year'),(3638,'esp','Indicator',5,'description',''),(3639,'eng','Indicator',5,'description','');
/*!40000 ALTER TABLE `i18n` ENABLE KEYS */;
UNLOCK TABLES;

--
-- Table structure for table `indicators`
--

DROP TABLE IF EXISTS `indicators`;
/*!40101 SET @saved_cs_client     = @@character_set_client */;
/*!40101 SET character_set_client = utf8 */;
CREATE TABLE `indicators` (
  `id` int(11) NOT NULL AUTO_INCREMENT,
  `name` varchar(45) COLLATE utf8_unicode_ci DEFAULT NULL,
  `metric` varchar(100) COLLATE utf8_unicode_ci DEFAULT NULL,
  `description` text COLLATE utf8_unicode_ci,
  `company_id` int(11) DEFAULT NULL,
  `goal` decimal(10,2) DEFAULT NULL,
  `periodic_measure` int(11) DEFAULT NULL,
  `calculation_type` int(11) DEFAULT NULL,
  `indicator_type` int(11) DEFAULT NULL,
  `responsible` varchar(120) COLLATE utf8_unicode_ci DEFAULT NULL,
  `responsible_email` varchar(100) COLLATE utf8_unicode_ci DEFAULT NULL,
  `inidate` date DEFAULT NULL,
  `enddate` date DEFAULT NULL,
  PRIMARY KEY (`id`)
) ENGINE=MyISAM AUTO_INCREMENT=6 DEFAULT CHARSET=utf8 COLLATE=utf8_unicode_ci;
/*!40101 SET character_set_client = @saved_cs_client */;

--
-- Dumping data for table `indicators`
--

LOCK TABLES `indicators` WRITE;
/*!40000 ALTER TABLE `indicators` DISABLE KEYS */;
INSERT INTO `indicators` VALUES (1,'El Indicador','Voltios','<p>3<br></p>',NULL,123.00,3,0,0,'Juan Perez','asdf@asdf.com','2015-10-02','2015-10-30'),(2,'1',NULL,'<p>3<br></p>',0,NULL,0,NULL,NULL,'Juan Perez','asdf@asdf.com','0000-00-00','0000-00-00'),(3,'1',NULL,'<p>3<br></p>',NULL,NULL,0,NULL,NULL,'Juan Perez','asdf@asdf.com','0000-00-00','0000-00-00'),(4,'1',NULL,'<p>3<br></p>',NULL,NULL,0,NULL,NULL,'Juan Perez','asdf@asdf.com','0000-00-00','0000-00-00'),(5,'Consumo EnergÃ©tico','Voltios/aÃ±o','',16,15000.00,2,1,1,'Pedro Perez','pedrop@asdf.com','2015-10-01','2016-09-30');
/*!40000 ALTER TABLE `indicators` ENABLE KEYS */;
UNLOCK TABLES;

--
-- Table structure for table `masters`
--

DROP TABLE IF EXISTS `masters`;
/*!40101 SET @saved_cs_client     = @@character_set_client */;
/*!40101 SET character_set_client = utf8 */;
CREATE TABLE `masters` (
  `id` int(11) NOT NULL AUTO_INCREMENT,
  `name` varchar(255) NOT NULL,
  `created` datetime NOT NULL,
  `modified` datetime NOT NULL,
  PRIMARY KEY (`id`)
) ENGINE=InnoDB DEFAULT CHARSET=latin1;
/*!40101 SET character_set_client = @saved_cs_client */;

--
-- Dumping data for table `masters`
--

LOCK TABLES `masters` WRITE;
/*!40000 ALTER TABLE `masters` DISABLE KEYS */;
/*!40000 ALTER TABLE `masters` ENABLE KEYS */;
UNLOCK TABLES;

--
-- Table structure for table `modules`
--

DROP TABLE IF EXISTS `modules`;
/*!40101 SET @saved_cs_client     = @@character_set_client */;
/*!40101 SET character_set_client = utf8 */;
CREATE TABLE `modules` (
  `id` int(11) NOT NULL AUTO_INCREMENT,
  `name` varchar(255) NOT NULL,
  `icon` varchar(255) NOT NULL,
  `order` int(2) NOT NULL,
  `created` datetime NOT NULL,
  `modified` datetime NOT NULL,
  PRIMARY KEY (`id`)
) ENGINE=InnoDB AUTO_INCREMENT=22 DEFAULT CHARSET=latin1;
/*!40101 SET character_set_client = @saved_cs_client */;

--
-- Dumping data for table `modules`
--

LOCK TABLES `modules` WRITE;
/*!40000 ALTER TABLE `modules` DISABLE KEYS */;
INSERT INTO `modules` VALUES (11,'Sistema Base','icon-check',1,'2015-10-14 15:47:35','2015-10-15 18:43:52'),(13,'Empresas','icon-leaf',4,'2015-10-14 15:47:59','2015-10-17 10:52:01'),(15,'Instrumentos','icon-eye-open',7,'2015-10-16 11:08:08','2015-10-16 11:11:47'),(16,'G. EstratÃ©gica','icon-leaf',1,'2015-10-19 10:23:49','2015-10-28 00:46:15'),(17,'P. TÃ¡ctica','icon-screenshot',2,'2015-10-19 10:24:57','2015-10-28 00:46:33'),(18,'G. Operativa','icon-dashboard',3,'2015-10-19 10:25:31','2015-10-28 00:46:47'),(19,'Memoria y Cuenta','icon-book',4,'2015-10-19 10:26:49','2015-10-19 10:41:30'),(20,'Instrumentos','icon-eye-open',5,'2015-10-19 10:41:57','2015-10-19 10:43:16'),(21,'CSS','icon-asterisk',0,'2015-10-28 15:35:45','2015-10-28 17:42:56');
/*!40000 ALTER TABLE `modules` ENABLE KEYS */;
UNLOCK TABLES;

--
-- Table structure for table `nodecompanies`
--

DROP TABLE IF EXISTS `nodecompanies`;
/*!40101 SET @saved_cs_client     = @@character_set_client */;
/*!40101 SET character_set_client = utf8 */;
CREATE TABLE `nodecompanies` (
  `node_id` int(11) NOT NULL,
  `company_id` int(11) NOT NULL,
  PRIMARY KEY (`node_id`,`company_id`),
  KEY `fk_Nodo_has_Empresa_Empresa1_idx` (`company_id`),
  KEY `fk_Nodo_has_Empresa_Nodo1_idx` (`node_id`)
) ENGINE=MyISAM DEFAULT CHARSET=utf8 COLLATE=utf8_unicode_ci;
/*!40101 SET character_set_client = @saved_cs_client */;

--
-- Dumping data for table `nodecompanies`
--

LOCK TABLES `nodecompanies` WRITE;
/*!40000 ALTER TABLE `nodecompanies` DISABLE KEYS */;
INSERT INTO `nodecompanies` VALUES (21,11),(22,11),(23,11),(24,11),(25,11),(26,11),(27,11),(28,11),(29,11),(30,11),(31,11),(32,11),(33,11),(34,11),(35,11),(36,11),(37,11),(38,11),(39,11),(40,11),(41,11),(42,11),(43,11),(44,11),(45,11),(46,11),(47,11),(48,11),(49,11),(50,11),(51,11),(61,11),(62,11),(63,11),(64,11),(65,11),(66,11),(67,11),(68,11),(69,16),(70,16),(71,16),(72,16),(73,16),(74,16),(75,16),(76,16),(77,16),(78,16),(79,16),(80,16),(81,16),(82,16),(83,16),(84,16),(85,16),(86,16),(87,16),(88,16),(89,16),(90,16),(91,16),(92,16),(93,11),(95,16),(96,16);
/*!40000 ALTER TABLE `nodecompanies` ENABLE KEYS */;
UNLOCK TABLES;

--
-- Table structure for table `nodenodes`
--

DROP TABLE IF EXISTS `nodenodes`;
/*!40101 SET @saved_cs_client     = @@character_set_client */;
/*!40101 SET character_set_client = utf8 */;
CREATE TABLE `nodenodes` (
  `node_id` int(11) NOT NULL,
  `node_id2` int(11) NOT NULL,
  PRIMARY KEY (`node_id`,`node_id2`),
  KEY `fk_Nodo_has_Nodo_Nodo2_idx` (`node_id2`),
  KEY `fk_Nodo_has_Nodo_Nodo1_idx` (`node_id`)
) ENGINE=MyISAM DEFAULT CHARSET=utf8 COLLATE=utf8_unicode_ci;
/*!40101 SET character_set_client = @saved_cs_client */;

--
-- Dumping data for table `nodenodes`
--

LOCK TABLES `nodenodes` WRITE;
/*!40000 ALTER TABLE `nodenodes` DISABLE KEYS */;
INSERT INTO `nodenodes` VALUES (47,47),(49,52),(49,58),(49,60),(52,52),(52,64),(59,49),(61,49),(62,61),(63,48),(64,48),(64,63),(67,66),(71,85),(87,69),(88,83),(88,87),(89,83),(89,88),(92,88),(93,93);
/*!40000 ALTER TABLE `nodenodes` ENABLE KEYS */;
UNLOCK TABLES;

--
-- Table structure for table `nodepredecessors`
--

DROP TABLE IF EXISTS `nodepredecessors`;
/*!40101 SET @saved_cs_client     = @@character_set_client */;
/*!40101 SET character_set_client = utf8 */;
CREATE TABLE `nodepredecessors` (
  `node_id` int(11) NOT NULL,
  `node_id2` int(11) NOT NULL,
  PRIMARY KEY (`node_id`,`node_id2`),
  KEY `fk_Nodo_has_Nodo1_Nodo2_idx` (`node_id2`),
  KEY `fk_Nodo_has_Nodo1_Nodo1_idx` (`node_id`)
) ENGINE=MyISAM DEFAULT CHARSET=utf8 COLLATE=utf8_unicode_ci;
/*!40101 SET character_set_client = @saved_cs_client */;

--
-- Dumping data for table `nodepredecessors`
--

LOCK TABLES `nodepredecessors` WRITE;
/*!40000 ALTER TABLE `nodepredecessors` DISABLE KEYS */;
INSERT INTO `nodepredecessors` VALUES (83,89),(83,90),(87,90),(90,88),(90,95);
/*!40000 ALTER TABLE `nodepredecessors` ENABLE KEYS */;
UNLOCK TABLES;

--
-- Table structure for table `nodepriorities`
--

DROP TABLE IF EXISTS `nodepriorities`;
/*!40101 SET @saved_cs_client     = @@character_set_client */;
/*!40101 SET character_set_client = utf8 */;
CREATE TABLE `nodepriorities` (
  `id` int(11) NOT NULL AUTO_INCREMENT,
  `name` varchar(45) COLLATE utf8_unicode_ci NOT NULL,
  PRIMARY KEY (`id`)
) ENGINE=MyISAM AUTO_INCREMENT=6 DEFAULT CHARSET=utf8 COLLATE=utf8_unicode_ci;
/*!40101 SET character_set_client = @saved_cs_client */;

--
-- Dumping data for table `nodepriorities`
--

LOCK TABLES `nodepriorities` WRITE;
/*!40000 ALTER TABLE `nodepriorities` DISABLE KEYS */;
INSERT INTO `nodepriorities` VALUES (1,'Muy baja'),(2,'Baja'),(3,'Media'),(4,'Alta'),(5,'Muy alta');
/*!40000 ALTER TABLE `nodepriorities` ENABLE KEYS */;
UNLOCK TABLES;

--
-- Table structure for table `nodes`
--

DROP TABLE IF EXISTS `nodes`;
/*!40101 SET @saved_cs_client     = @@character_set_client */;
/*!40101 SET character_set_client = utf8 */;
CREATE TABLE `nodes` (
  `id` int(11) NOT NULL AUTO_INCREMENT,
  `name` varchar(255) COLLATE utf8_unicode_ci NOT NULL,
  `description` text COLLATE utf8_unicode_ci,
  `nodetype_id` int(11) NOT NULL,
  `inidate` date DEFAULT NULL,
  `enddate` date DEFAULT NULL,
  `cost` decimal(10,2) DEFAULT NULL,
  `assignedto` varchar(45) COLLATE utf8_unicode_ci DEFAULT NULL,
  `assignedto_email` varchar(100) COLLATE utf8_unicode_ci DEFAULT NULL,
  `priority` int(11) DEFAULT NULL,
  `source_id` int(11) DEFAULT NULL,
  `source_reference_id` int(11) DEFAULT NULL,
  `corporation_id` int(11) DEFAULT NULL,
  `status` int(11) DEFAULT NULL,
  `origin` int(11) NOT NULL,
  `currency` varchar(25) COLLATE utf8_unicode_ci NOT NULL,
  PRIMARY KEY (`id`),
  KEY `source_id` (`source_id`),
  KEY `corporation_id` (`corporation_id`),
  KEY `nodetype_id` (`nodetype_id`)
) ENGINE=MyISAM AUTO_INCREMENT=100 DEFAULT CHARSET=utf8 COLLATE=utf8_unicode_ci;
/*!40101 SET character_set_client = @saved_cs_client */;

--
-- Dumping data for table `nodes`
--

LOCK TABLES `nodes` WRITE;
/*!40000 ALTER TABLE `nodes` DISABLE KEYS */;
INSERT INTO `nodes` VALUES (50,'Nulla at pharetra velit.','Nulla at pharetra velit. Nullam eu dapibus risus, in imperdiet lorem. Aliquam consequat non sem vitae mollis. Pellentesque lacinia, nisi at vehicula consequat, mi sapien.',1,NULL,NULL,NULL,NULL,NULL,NULL,NULL,NULL,NULL,NULL,1,''),(49,'Lorem ipsum ','<p>Lorem ipsum dolor sit amet consectetur adipiscing elit.<br></p><p>Nulla at pharetra velit. Nullam eu dapibus risus, in imperdiet lorem. Aliquam consequat non sem vitae mollis. Pellentesque lacinia, nisi at vehicula consequat, mi sapien.</p>',1,'2015-10-01','2016-09-30',0.00,NULL,NULL,NULL,NULL,NULL,7,3,3,''),(48,'Nulla at pharetra velit.','Nulla at pharetra velit. Nullam eu dapibus risus, in imperdiet lorem. Aliquam consequat non sem vitae mollis. Pellentesque lacinia, nisi at vehicula consequat, mi sapien.',1,NULL,NULL,NULL,NULL,NULL,NULL,NULL,NULL,NULL,NULL,1,''),(83,'asdf','<p>asdf<br></p>',13,'2015-10-21','2015-10-13',123.00,NULL,NULL,NULL,NULL,NULL,7,2,0,'â‚¡'),(84,'Nulla at pharetra velit.','Nulla at pharetra velit. Nullam eu dapibus risus, in imperdiet lorem. Aliquam consequat non sem vitae mollis. Pellentesque lacinia, nisi at vehicula consequat, mi sapien.',1,NULL,NULL,NULL,NULL,NULL,NULL,NULL,NULL,NULL,NULL,1,''),(1,'Muy baja',NULL,0,NULL,NULL,NULL,NULL,NULL,NULL,NULL,NULL,NULL,NULL,0,''),(52,'Sed ut perspiciatis unde omnis iste natus error sit voluptatem','<p>Sed ut perspiciatis unde omnis iste natus error sit voluptatem</p>',1,NULL,NULL,0.00,NULL,NULL,NULL,NULL,NULL,7,1,3,''),(53,'Nulla at pharetra velit.','Nulla at pharetra velit. Nullam eu dapibus risus, in imperdiet lorem. Aliquam consequat non sem vitae mollis. Pellentesque lacinia, nisi at vehicula consequat, mi sapien.',1,'2015-10-01','2016-09-30',0.00,NULL,NULL,NULL,NULL,NULL,7,2,3,''),(54,'Nulla at pharetra velit.','Nulla at pharetra velit. Nullam eu dapibus risus, in imperdiet lorem. Aliquam consequat non sem vitae mollis. Pellentesque lacinia, nisi at vehicula consequat, mi sapien.',1,'2015-10-01','2015-10-31',0.00,NULL,NULL,NULL,NULL,NULL,7,2,1,''),(55,'Nulla at pharetra velit.','Nulla at pharetra velit. Nullam eu dapibus risus, in imperdiet lorem. Aliquam consequat non sem vitae mollis. Pellentesque lacinia, nisi at vehicula consequat, mi sapien.',1,NULL,NULL,0.00,NULL,NULL,NULL,NULL,NULL,7,2,1,''),(56,'Nulla at pharetra velit.','Nulla at pharetra velit. Nullam eu dapibus risus, in imperdiet lorem. Aliquam consequat non sem vitae mollis. Pellentesque lacinia, nisi at vehicula consequat, mi sapien.',1,NULL,NULL,NULL,NULL,NULL,NULL,NULL,NULL,7,NULL,1,''),(57,'Nulla at pharetra velit.','Nulla at pharetra velit. Nullam eu dapibus risus, in imperdiet lorem. Aliquam consequat non sem vitae mollis. Pellentesque lacinia, nisi at vehicula consequat, mi sapien.',1,NULL,NULL,NULL,NULL,NULL,NULL,NULL,NULL,7,NULL,1,''),(64,'Estrategia 1','<p>Sed convallis, enim sit amet varius faucibus, tortor ipsum porta tortor,\r\n ac placerat tortor arcu ac velit. Integer porta quam sapien, sed ornare\r\n nunc mattis in. Sed porttitor nibh sed facilisis sodales.<br></p>',3,NULL,NULL,0.00,NULL,NULL,NULL,NULL,NULL,7,NULL,0,''),(60,'strategia','<p>1<br></p>',3,'2014-10-01','2015-09-30',0.00,NULL,NULL,NULL,NULL,NULL,7,1,0,''),(63,'Vestibulum at posuere est','<p>Vestibulum at posuere est. Sed turpis eros, ornare eget ligula non, \r\nelementum lobortis velit. Curabitur varius placerat turpis eu finibus. \r\nIn luctus ornare velit at iaculis. Etiam consequat, neque ultricies \r\ndictum consectetur, arcu magna sagittis erat, in cursus dolor erat vel \r\narcu. Phasellus tincidunt varius maximus. Duis congue tristique sapien, \r\nid semper est aliquam sit amet. Sed nec auctor elit, sit amet porttitor \r\nleo. Integer luctus erat sed erat semper, sit amet pulvinar eros \r\nfringilla. Nam id mi et tortor cursus elementum. Sed varius vitae felis \r\nin vehicula. Nullam justo eros, sodales eu dolor ut, venenatis lobortis \r\nerat. Phasellus mi metus, tempor sit amet sem vitae, imperdiet bibendum \r\ndui. Proin purus elit, sodales ac quam quis, euismod pharetra sem.\r\n<br></p>',2,NULL,NULL,0.00,NULL,NULL,NULL,NULL,NULL,7,NULL,0,''),(66,'VisiÃ³n 1','<p>Etiam consequat, neque ultricies dictum consectetur, arcu magna sagittis\r\n erat, in cursus dolor erat vel arcu. Phasellus tincidunt varius \r\nmaximus. Duis congue tristique sapien, id semper est aliquam sit amet. \r\nSed nec auctor elit, sit amet porttitor leo. Integer luctus erat sed \r\nerat semper, sit amet pulvinar eros fringilla. Nam id mi et tortor \r\ncursus elementum. Sed varius vitae felis in vehicula. <br></p>',6,'2015-10-01','2016-09-30',0.00,NULL,NULL,NULL,NULL,NULL,7,NULL,0,''),(67,'Objetivo de prueba','<p>Cras elementum ex nec aliquam lobortis. In hac habitasse platea \r\ndictumst. Aenean sit amet mollis odio, sit amet tincidunt lorem. Vivamus\r\n euismod, sapien a fermentum eleifend, justo ligula dignissim sapien, a \r\nauctor diam purus in mauris. In at blandit nibh. <br></p>',7,NULL,NULL,0.00,NULL,NULL,NULL,NULL,NULL,7,2,0,''),(68,'asdf','<p>asdf<br></p>',8,'2012-10-01','2013-09-30',0.00,NULL,NULL,NULL,NULL,NULL,7,2,0,''),(69,'Nulla at pharetra velit.','Nulla at pharetra velit. Nullam eu dapibus risus, in imperdiet lorem. Aliquam consequat non sem vitae mollis. Pellentesque lacinia, nisi at vehicula consequat, mi sapien.',1,NULL,NULL,NULL,NULL,NULL,NULL,NULL,NULL,NULL,NULL,1,''),(70,'Nulla at pharetra velit.','Nulla at pharetra velit. Nullam eu dapibus risus, in imperdiet lorem. Aliquam consequat non sem vitae mollis. Pellentesque lacinia, nisi at vehicula consequat, mi sapien.',1,NULL,NULL,NULL,NULL,NULL,NULL,NULL,NULL,NULL,NULL,1,''),(71,'Nulla at pharetra velit.','Nulla at pharetra velit. Nullam eu dapibus risus, in imperdiet lorem. Aliquam consequat non sem vitae mollis. Pellentesque lacinia, nisi at vehicula consequat, mi sapien.',1,NULL,NULL,NULL,NULL,NULL,NULL,NULL,NULL,NULL,NULL,1,''),(72,'Nulla at pharetra velit.','Nulla at pharetra velit. Nullam eu dapibus risus, in imperdiet lorem. Aliquam consequat non sem vitae mollis. Pellentesque lacinia, nisi at vehicula consequat, mi sapien.',1,NULL,NULL,NULL,NULL,NULL,NULL,NULL,NULL,NULL,NULL,1,''),(73,'Nulla at pharetra velit.','Nulla at pharetra velit. Nullam eu dapibus risus, in imperdiet lorem. Aliquam consequat non sem vitae mollis. Pellentesque lacinia, nisi at vehicula consequat, mi sapien.',1,NULL,NULL,NULL,NULL,NULL,NULL,NULL,NULL,NULL,NULL,1,''),(74,'Nulla at pharetra velit.','Nulla at pharetra velit. Nullam eu dapibus risus, in imperdiet lorem. Aliquam consequat non sem vitae mollis. Pellentesque lacinia, nisi at vehicula consequat, mi sapien.',1,NULL,NULL,NULL,NULL,NULL,NULL,NULL,NULL,NULL,NULL,1,''),(75,'Nulla at pharetra velit.','Nulla at pharetra velit. Nullam eu dapibus risus, in imperdiet lorem. Aliquam consequat non sem vitae mollis. Pellentesque lacinia, nisi at vehicula consequat, mi sapien.',1,NULL,NULL,NULL,NULL,NULL,NULL,NULL,NULL,NULL,NULL,1,''),(76,'Nulla at pharetra velit.','Nulla at pharetra velit. Nullam eu dapibus risus, in imperdiet lorem. Aliquam consequat non sem vitae mollis. Pellentesque lacinia, nisi at vehicula consequat, mi sapien.',1,NULL,NULL,NULL,NULL,NULL,NULL,NULL,NULL,NULL,NULL,1,''),(77,'Nulla at pharetra velit.','Nulla at pharetra velit. Nullam eu dapibus risus, in imperdiet lorem. Aliquam consequat non sem vitae mollis. Pellentesque lacinia, nisi at vehicula consequat, mi sapien.',1,NULL,NULL,NULL,NULL,NULL,NULL,NULL,NULL,NULL,NULL,1,''),(78,'Nulla at pharetra velit.','Nulla at pharetra velit. Nullam eu dapibus risus, in imperdiet lorem. Aliquam consequat non sem vitae mollis. Pellentesque lacinia, nisi at vehicula consequat, mi sapien.',1,NULL,NULL,NULL,NULL,NULL,NULL,NULL,NULL,NULL,NULL,1,''),(79,'Nulla at pharetra velit.','Nulla at pharetra velit. Nullam eu dapibus risus, in imperdiet lorem. Aliquam consequat non sem vitae mollis. Pellentesque lacinia, nisi at vehicula consequat, mi sapien.',1,NULL,NULL,NULL,NULL,NULL,NULL,NULL,NULL,NULL,NULL,1,''),(80,'Nulla at pharetra velit.','Nulla at pharetra velit. Nullam eu dapibus risus, in imperdiet lorem. Aliquam consequat non sem vitae mollis. Pellentesque lacinia, nisi at vehicula consequat, mi sapien.',1,NULL,NULL,NULL,NULL,NULL,NULL,NULL,NULL,NULL,NULL,1,''),(81,'Nulla at pharetra velit.','Nulla at pharetra velit. Nullam eu dapibus risus, in imperdiet lorem. Aliquam consequat non sem vitae mollis. Pellentesque lacinia, nisi at vehicula consequat, mi sapien.',1,NULL,NULL,NULL,NULL,NULL,NULL,NULL,NULL,NULL,NULL,1,''),(82,'Nulla at pharetra velit.','Nulla at pharetra velit. Nullam eu dapibus risus, in imperdiet lorem. Aliquam consequat non sem vitae mollis. Pellentesque lacinia, nisi at vehicula consequat, mi sapien.',1,NULL,NULL,NULL,NULL,NULL,NULL,NULL,NULL,NULL,NULL,1,''),(85,'Compromiso','',4,NULL,NULL,0.00,NULL,NULL,NULL,NULL,NULL,7,3,0,''),(87,'Programa 1','',10,NULL,NULL,0.00,NULL,NULL,NULL,NULL,NULL,7,NULL,0,''),(88,'Actividad 1','',11,NULL,NULL,123.00,NULL,NULL,NULL,NULL,NULL,7,NULL,0,'â‚¬'),(89,'123','<p>123<br></p>',12,'2015-10-14','2015-10-20',123.00,NULL,NULL,NULL,NULL,NULL,7,2,0,'â‚¡'),(90,'Proyecto 1','<p>1<br></p>',13,'2015-10-08','2015-10-28',123.00,NULL,NULL,NULL,NULL,NULL,7,NULL,0,'$'),(91,'Curso 1','',14,NULL,NULL,0.00,NULL,NULL,NULL,NULL,NULL,7,NULL,0,''),(93,'1','',10,NULL,NULL,0.00,NULL,NULL,NULL,NULL,NULL,7,NULL,0,''),(94,'1','',13,NULL,NULL,0.00,'Pedro GarcÃ­a','pedrog@gmail.com',0,NULL,NULL,7,NULL,0,''),(95,'123','',13,NULL,NULL,0.00,'','',1,NULL,NULL,7,NULL,0,''),(96,'Expec','<p>1<br></p>',9,'2015-10-01','2015-10-14',0.00,'','',NULL,NULL,NULL,7,3,0,''),(97,'Nulla at pharetra velit.','Nulla at pharetra velit. Nullam eu dapibus risus, in imperdiet lorem. Aliquam consequat non sem vitae mollis. Pellentesque lacinia, nisi at vehicula consequat, mi sapien.',1,NULL,NULL,NULL,NULL,NULL,NULL,NULL,NULL,7,NULL,1,''),(98,'Nulla at pharetra velit.','Nulla at pharetra velit. Nullam eu dapibus risus, in imperdiet lorem. Aliquam consequat non sem vitae mollis. Pellentesque lacinia, nisi at vehicula consequat, mi sapien.',1,NULL,NULL,NULL,NULL,NULL,NULL,NULL,NULL,7,NULL,1,''),(99,'Nulla at pharetra velit.','Nulla at pharetra velit. Nullam eu dapibus risus, in imperdiet lorem. Aliquam consequat non sem vitae mollis. Pellentesque lacinia, nisi at vehicula consequat, mi sapien.',1,NULL,NULL,NULL,NULL,NULL,NULL,NULL,NULL,7,NULL,1,'');
/*!40000 ALTER TABLE `nodes` ENABLE KEYS */;
UNLOCK TABLES;

--
-- Table structure for table `nodesources`
--

DROP TABLE IF EXISTS `nodesources`;
/*!40101 SET @saved_cs_client     = @@character_set_client */;
/*!40101 SET character_set_client = utf8 */;
CREATE TABLE `nodesources` (
  `id` int(11) NOT NULL AUTO_INCREMENT,
  `name` varchar(45) COLLATE utf8_unicode_ci NOT NULL,
  PRIMARY KEY (`id`)
) ENGINE=MyISAM AUTO_INCREMENT=7 DEFAULT CHARSET=utf8 COLLATE=utf8_unicode_ci;
/*!40101 SET character_set_client = @saved_cs_client */;

--
-- Dumping data for table `nodesources`
--

LOCK TABLES `nodesources` WRITE;
/*!40000 ALTER TABLE `nodesources` DISABLE KEYS */;
INSERT INTO `nodesources` VALUES (1,'AutoevaluaciÃ³n'),(2,'Sistema'),(3,'Manual');
/*!40000 ALTER TABLE `nodesources` ENABLE KEYS */;
UNLOCK TABLES;

--
-- Table structure for table `nodestatuses`
--

DROP TABLE IF EXISTS `nodestatuses`;
/*!40101 SET @saved_cs_client     = @@character_set_client */;
/*!40101 SET character_set_client = utf8 */;
CREATE TABLE `nodestatuses` (
  `id` int(11) NOT NULL AUTO_INCREMENT,
  `name` int(11) NOT NULL,
  PRIMARY KEY (`id`)
) ENGINE=MyISAM AUTO_INCREMENT=4 DEFAULT CHARSET=utf8 COLLATE=utf8_unicode_ci;
/*!40101 SET character_set_client = @saved_cs_client */;

--
-- Dumping data for table `nodestatuses`
--

LOCK TABLES `nodestatuses` WRITE;
/*!40000 ALTER TABLE `nodestatuses` DISABLE KEYS */;
INSERT INTO `nodestatuses` VALUES (1,0),(2,0),(3,0);
/*!40000 ALTER TABLE `nodestatuses` ENABLE KEYS */;
UNLOCK TABLES;

--
-- Table structure for table `nodetypes`
--

DROP TABLE IF EXISTS `nodetypes`;
/*!40101 SET @saved_cs_client     = @@character_set_client */;
/*!40101 SET character_set_client = utf8 */;
CREATE TABLE `nodetypes` (
  `id` int(11) NOT NULL AUTO_INCREMENT,
  `name` varchar(45) COLLATE utf8_unicode_ci NOT NULL,
  `type` int(11) NOT NULL,
  PRIMARY KEY (`id`)
) ENGINE=MyISAM AUTO_INCREMENT=16 DEFAULT CHARSET=utf8 COLLATE=utf8_unicode_ci;
/*!40101 SET character_set_client = @saved_cs_client */;

--
-- Dumping data for table `nodetypes`
--

LOCK TABLES `nodetypes` WRITE;
/*!40000 ALTER TABLE `nodetypes` DISABLE KEYS */;
INSERT INTO `nodetypes` VALUES (1,'Debilidades/Oportunidades',1),(2,'Perspectiva del BSC',1),(3,'Estrategia',1),(4,'Compromiso',1),(5,'MisiÃ³n',1),(6,'VisiÃ³n',1),(7,'Objetivo',1),(8,'PolÃ­ticas',1),(9,'Expectativas',2),(10,'Programas',2),(11,'Actividades',3),(12,'Iniciativas',3),(13,'Proyectos',3),(14,'Cursos',3),(15,'Tareas',3);
/*!40000 ALTER TABLE `nodetypes` ENABLE KEYS */;
UNLOCK TABLES;

--
-- Table structure for table `questionnaires`
--

DROP TABLE IF EXISTS `questionnaires`;
/*!40101 SET @saved_cs_client     = @@character_set_client */;
/*!40101 SET character_set_client = utf8 */;
CREATE TABLE `questionnaires` (
  `id` int(11) NOT NULL AUTO_INCREMENT,
  `title` varchar(45) COLLATE utf8_unicode_ci NOT NULL,
  `description` text COLLATE utf8_unicode_ci,
  `active` tinyint(1) DEFAULT NULL,
  `acronym` varchar(5) COLLATE utf8_unicode_ci DEFAULT NULL,
  `logo` varchar(255) COLLATE utf8_unicode_ci NOT NULL,
  `icon` varchar(25) COLLATE utf8_unicode_ci NOT NULL,
  PRIMARY KEY (`id`)
) ENGINE=MyISAM AUTO_INCREMENT=11 DEFAULT CHARSET=utf8 COLLATE=utf8_unicode_ci;
/*!40101 SET character_set_client = @saved_cs_client */;

--
-- Dumping data for table `questionnaires`
--

LOCK TABLES `questionnaires` WRITE;
/*!40000 ALTER TABLE `questionnaires` DISABLE KEYS */;
INSERT INTO `questionnaires` VALUES (10,'Cuestionario de la ComisiÃ³n Europea','Empresas responsables Cuestionario de ConcienciaciÃ³n de la ComisiÃ³n Europea',1,'RSE C','files/logos/110435577dffdd12e865380e2d9666b205f889.png','');
/*!40000 ALTER TABLE `questionnaires` ENABLE KEYS */;
UNLOCK TABLES;

--
-- Table structure for table `questions`
--

DROP TABLE IF EXISTS `questions`;
/*!40101 SET @saved_cs_client     = @@character_set_client */;
/*!40101 SET character_set_client = utf8 */;
CREATE TABLE `questions` (
  `id` int(11) NOT NULL AUTO_INCREMENT,
  `name` text COLLATE utf8_unicode_ci NOT NULL,
  `section_id` int(11) NOT NULL,
  `order` int(11) DEFAULT NULL,
  PRIMARY KEY (`id`),
  KEY `section_id` (`section_id`)
) ENGINE=MyISAM AUTO_INCREMENT=36 DEFAULT CHARSET=utf8 COLLATE=utf8_unicode_ci;
/*!40101 SET character_set_client = @saved_cs_client */;

--
-- Dumping data for table `questions`
--

LOCK TABLES `questions` WRITE;
/*!40000 ALTER TABLE `questions` DISABLE KEYS */;
INSERT INTO `questions` VALUES (7,'Â¿Alienta a sus trabajadores para que desarrollen habilidades verdaderas y carreras a largo plazo (p. ej. un procedimiento para la evaluaciÃ³n de la productividad o un plan de formaciÃ³n)?',7,1),(8,'Â¿Existe un procedimiento para garantizar que se toman las medidas adecuadas contra toda forma de discriminaciÃ³n en el puesto de trabajo y en la contrataciÃ³n (p. ej., contra la mujer, grupos Ã©tnicos, discapacitados, etc.)?',7,2),(9,'Â¿Consulta con sus empleados los temas importantes?',7,3),(10,'Â¿Ha tomado su empresa las medidas adecuadas para proporcionar suficiente protecciÃ³n a sus empleados en materia de seguridad, salud y protecciÃ³n social?',7,4),(11,'Â¿Ofrece su empresa a sus empleados un buen equilibrio entre la vida privada y el trabajo como, por ejemplo, considerando un horario flexible de trabajo o permitiendo que los empleados hagan el trabajo en casa?',7,5),(12,'Â¿Ha intentado reducir el impacto medioambiental de su empresa en tÃ©rminos de: ahorro de energÃ­a?',8,6),(13,'reducciÃ³n y reciclaje de residuos?',8,7),(14,'prevenciÃ³n de la contaminaciÃ³n (emisiones al aire o al agua, vertido de aguas residuales, ruido)?',8,8),(15,'protecciÃ³n del medio ambiente?',8,9),(16,'opciones sostenibles de transporte?',8,10),(17,'Â¿Puede su empresa ahorrar dinero mediante la reducciÃ³n de su impacto medioambiental (reciclaje, reducciÃ³n del consumo de energÃ­a, prevenciÃ³n de la contaminaciÃ³n)?',8,11),(18,'Â¿Tiene en cuenta los posibles impactos medioambientales cuando desarrolla nuevos productos y servicios (evaluaciÃ³n del uso de energÃ­a, reciclaje o generaciÃ³n de contaminaciÃ³n)?',8,12),(19,'Â¿Proporciona su empresa informaciÃ³n medioambiental clara y precisa sobre sus productos y actividades a los clientes, proveedores, comunidad local, etc.?',8,13),(20,'Â¿Ha pensado en quÃ© forma podrÃ­a su empresa utilizar la sostenibilidad de sus productos y servicios para aventajar a la competencia (el reciclaje de productos, la eficacia energÃ©tica, etc.)?',8,14),(21,'Â¿Aplica su empresa alguna polÃ­tica para garantizar la honradez y calidad en todos sus contratos, tratos y publicidad (una polÃ­tica de compras justa o estipulaciones para la protecciÃ³n de los consumidores, etc.)?',9,15),(22,'Â¿Proporciona su empresa informaciÃ³n clara y precisa en el etiquetado de sus productos y servicios, que incluyan sus obligaciones postventa?',9,16),(23,'Â¿Paga puntualmente su empresa las facturas de sus proveedores?',9,17),(24,'Â¿Dispone su empresa de un procedimiento para garantizar una interacciÃ³n, consulta y/o diÃ¡logo productivos con sus clientes, proveedores y otras personas con las que hace negocios?',9,18),(25,'Â¿Admite y da soluciÃ³n su empresa a las reclamaciones de sus clientes, proveedores y colaboradores?',9,19),(26,'Â¿Ofrece su empresa oportunidades de formaciÃ³n a la gente de la comunidad (aprendizajes o experiencia laboral para jÃ³venes o discapacitados)?',10,21),(27,'Â¿Mantiene un diÃ¡logo abierto con su comunidad sobre temas delicados, polÃ©micos o negativos en los que estÃ© involucrada su empresa (la acumulaciÃ³n de residuos fuera de sus instalaciones, los vehÃ­culos que obstruyen carreteras o caminos)?',10,22),(28,'Â¿Compra su empresa productos en el mercado local?',10,23),(29,'Â¿Alienta a sus empleados para que participen en las actividades de la comunidad (poniendo a su disposiciÃ³n el tiempo y la experiencia de sus empleados u otro tipo de ayuda prÃ¡ctica)?',10,24),(30,'Â¿Brinda su empresa apoyo econÃ³mico estable a proyectos y actividades de la comunidad (obras benÃ©ficas o patrocinios)?',10,25),(31,'Â¿Ha definido de forma clara los valores y las normas de conducta de su empresa?',11,26),(32,'Â¿Hace partÃ­cipes a sus clientes, socios empresariales, proveedores y otras partes interesadas de los valores de su empresa (en presentaciones de ventas, material de marketing o comunicados informales)?',11,27),(33,'Â¿Son conscientes sus clientes de los valores y normas de conducta de su empresa?',11,28),(34,'Â¿Son conscientes sus empleados de los valores y normas de conducta de su empresa?',11,29),(35,'Â¿EnseÃ±a a sus empleados la importancia de los valores y normas de conducta de su empresa?',11,30);
/*!40000 ALTER TABLE `questions` ENABLE KEYS */;
UNLOCK TABLES;

--
-- Table structure for table `sections`
--

DROP TABLE IF EXISTS `sections`;
/*!40101 SET @saved_cs_client     = @@character_set_client */;
/*!40101 SET character_set_client = utf8 */;
CREATE TABLE `sections` (
  `id` int(11) NOT NULL AUTO_INCREMENT,
  `name` varchar(255) COLLATE utf8_unicode_ci NOT NULL,
  `questionnaire_id` int(11) NOT NULL,
  `logo` varchar(255) COLLATE utf8_unicode_ci NOT NULL,
  `icon` varchar(25) COLLATE utf8_unicode_ci NOT NULL,
  `order` int(11) DEFAULT NULL,
  PRIMARY KEY (`id`),
  KEY `questionnaire_id` (`questionnaire_id`)
) ENGINE=MyISAM AUTO_INCREMENT=12 DEFAULT CHARSET=utf8 COLLATE=utf8_unicode_ci;
/*!40101 SET character_set_client = @saved_cs_client */;

--
-- Dumping data for table `sections`
--

LOCK TABLES `sections` WRITE;
/*!40000 ALTER TABLE `sections` DISABLE KEYS */;
INSERT INTO `sections` VALUES (7,'PolÃ­tica de actuaciÃ³n en el lugar de trabajo',10,'files/logos/104320206988a8d2786a8f4a18bb34d839ead7.png','',1),(8,'PolÃ­tica medioambiental',10,'files/logos/104341206988a8d2786a8f4a18bb34d839ead7.png','',2),(9,'PolÃ­tica de mercado',10,'files/logos/104357206988a8d2786a8f4a18bb34d839ead7.png','',3),(10,'PolÃ­tica social',10,'files/logos/104415206988a8d2786a8f4a18bb34d839ead7.png','',4),(11,'Valores de la empresa',10,'files/logos/104435206988a8d2786a8f4a18bb34d839ead7.png','',5);
/*!40000 ALTER TABLE `sections` ENABLE KEYS */;
UNLOCK TABLES;

--
-- Table structure for table `users`
--

DROP TABLE IF EXISTS `users`;
/*!40101 SET @saved_cs_client     = @@character_set_client */;
/*!40101 SET character_set_client = utf8 */;
CREATE TABLE `users` (
  `id` int(11) NOT NULL AUTO_INCREMENT,
  `fname` varchar(100) NOT NULL,
  `lname` varchar(100) NOT NULL,
  `email` varchar(255) NOT NULL,
  `company_id` int(11) DEFAULT NULL,
  `corporation_id` int(11) DEFAULT NULL,
  `username` varchar(255) NOT NULL,
  `password` char(40) NOT NULL,
  `group_id` int(11) NOT NULL,
  `created` datetime DEFAULT NULL,
  `modified` datetime DEFAULT NULL,
  PRIMARY KEY (`id`),
  UNIQUE KEY `username` (`username`)
) ENGINE=InnoDB AUTO_INCREMENT=27 DEFAULT CHARSET=latin1;
/*!40101 SET character_set_client = @saved_cs_client */;

--
-- Dumping data for table `users`
--

LOCK TABLES `users` WRITE;
/*!40000 ALTER TABLE `users` DISABLE KEYS */;
INSERT INTO `users` VALUES (14,'Lisandro','MartÃ­nez','lisandrom@gmail.com',NULL,NULL,'lisandrom','a56547131290384e62cd0937e9a1281c3e10d824',5,'2015-10-14 16:22:29','2015-10-15 21:47:22'),(17,'Pedro','Perez','pedrop@red111.net',NULL,7,'pedrop','253e6edb8139392550fff418bac6265d0d2cc934',6,'2015-10-14 19:49:27','2015-10-18 10:32:00'),(18,'MarÃ­a','Perez','mariap@red111.net',11,NULL,'mariap','253e6edb8139392550fff418bac6265d0d2cc934',7,'2015-10-14 19:49:50','2015-10-15 21:48:46'),(19,'Daniela','Prieto','danielap@siderysbsn.com',NULL,NULL,'danielap','253e6edb8139392550fff418bac6265d0d2cc934',9,'2015-10-15 21:58:04','2015-10-15 21:58:04'),(20,'Juan','Fernandez','juanf@siderysbsn.com',NULL,NULL,'juanf','253e6edb8139392550fff418bac6265d0d2cc934',9,'2015-10-15 21:59:22','2015-10-15 21:59:22'),(21,'juan','gomez','jg@asdf.com',15,NULL,'jg','253e6edb8139392550fff418bac6265d0d2cc934',8,'2015-10-23 16:30:13','2015-10-23 16:30:13'),(22,'Juan','Gomez','kerns@asdf.com',16,NULL,'kerns','253e6edb8139392550fff418bac6265d0d2cc934',7,'2015-10-27 14:37:44','2015-10-27 14:37:44'),(23,'Augusto','Gonzalez','ag@asdf.com',16,NULL,'kerns_company','253e6edb8139392550fff418bac6265d0d2cc934',6,'2015-10-28 17:52:07','2015-10-28 17:52:07'),(24,'Mireya','Perez','mp@asdf.com',16,NULL,'kerns_strategy','253e6edb8139392550fff418bac6265d0d2cc934',7,'2015-10-28 17:52:35','2015-10-28 17:52:35'),(25,'Carlos','Melendez','cm@asdf.com',16,NULL,'kerns_tactical','253e6edb8139392550fff418bac6265d0d2cc934',8,'2015-10-28 17:52:56','2015-10-28 17:52:56'),(26,'Deborah','Carpio','dc@asdf.com',16,NULL,'kerns_oper','253e6edb8139392550fff418bac6265d0d2cc934',10,'2015-10-28 17:53:36','2015-10-28 17:53:36');
/*!40000 ALTER TABLE `users` ENABLE KEYS */;
UNLOCK TABLES;

--
-- Table structure for table `values`
--

DROP TABLE IF EXISTS `values`;
/*!40101 SET @saved_cs_client     = @@character_set_client */;
/*!40101 SET character_set_client = utf8 */;
CREATE TABLE `values` (
  `id` int(11) NOT NULL AUTO_INCREMENT,
  `name` varchar(255) NOT NULL,
  `optional` varchar(255) NOT NULL,
  `master_id` int(11) NOT NULL,
  `created` datetime NOT NULL,
  `modified` datetime NOT NULL,
  PRIMARY KEY (`id`),
  KEY `fk_values_masters1_idx` (`master_id`),
  CONSTRAINT `fk_values_masters1` FOREIGN KEY (`master_id`) REFERENCES `masters` (`id`) ON DELETE NO ACTION ON UPDATE NO ACTION
) ENGINE=InnoDB DEFAULT CHARSET=latin1;
/*!40101 SET character_set_client = @saved_cs_client */;

--
-- Dumping data for table `values`
--

LOCK TABLES `values` WRITE;
/*!40000 ALTER TABLE `values` DISABLE KEYS */;
/*!40000 ALTER TABLE `values` ENABLE KEYS */;
UNLOCK TABLES;
/*!40103 SET TIME_ZONE=@OLD_TIME_ZONE */;

/*!40101 SET SQL_MODE=@OLD_SQL_MODE */;
/*!40014 SET FOREIGN_KEY_CHECKS=@OLD_FOREIGN_KEY_CHECKS */;
/*!40014 SET UNIQUE_CHECKS=@OLD_UNIQUE_CHECKS */;
/*!40101 SET CHARACTER_SET_CLIENT=@OLD_CHARACTER_SET_CLIENT */;
/*!40101 SET CHARACTER_SET_RESULTS=@OLD_CHARACTER_SET_RESULTS */;
/*!40101 SET COLLATION_CONNECTION=@OLD_COLLATION_CONNECTION */;
/*!40111 SET SQL_NOTES=@OLD_SQL_NOTES */;

-- Dump completed on 2015-10-29 19:44:26
