-- MySQL dump 10.13  Distrib 5.5.42-37.1, for Linux (x86_64)
--
-- Host: localhost    Database: siriarte_css2
-- ------------------------------------------------------
-- Server version	5.5.42-37.1

/*!40101 SET @OLD_CHARACTER_SET_CLIENT=@@CHARACTER_SET_CLIENT */;
/*!40101 SET @OLD_CHARACTER_SET_RESULTS=@@CHARACTER_SET_RESULTS */;
/*!40101 SET @OLD_COLLATION_CONNECTION=@@COLLATION_CONNECTION */;
/*!40101 SET NAMES utf8 */;
/*!40103 SET @OLD_TIME_ZONE=@@TIME_ZONE */;
/*!40103 SET TIME_ZONE='+00:00' */;
/*!40014 SET @OLD_UNIQUE_CHECKS=@@UNIQUE_CHECKS, UNIQUE_CHECKS=0 */;
/*!40014 SET @OLD_FOREIGN_KEY_CHECKS=@@FOREIGN_KEY_CHECKS, FOREIGN_KEY_CHECKS=0 */;
/*!40101 SET @OLD_SQL_MODE=@@SQL_MODE, SQL_MODE='NO_AUTO_VALUE_ON_ZERO' */;
/*!40111 SET @OLD_SQL_NOTES=@@SQL_NOTES, SQL_NOTES=0 */;

--
-- Table structure for table `acos`
--

DROP TABLE IF EXISTS `acos`;
/*!40101 SET @saved_cs_client     = @@character_set_client */;
/*!40101 SET character_set_client = utf8 */;
CREATE TABLE `acos` (
  `id` int(10) NOT NULL AUTO_INCREMENT,
  `parent_id` int(10) DEFAULT NULL,
  `model` varchar(255) DEFAULT NULL,
  `foreign_key` int(10) DEFAULT NULL,
  `alias` varchar(255) DEFAULT NULL,
  `lft` int(10) DEFAULT NULL,
  `rght` int(10) DEFAULT NULL,
  PRIMARY KEY (`id`),
  KEY `idx_acos_lft_rght` (`lft`,`rght`),
  KEY `idx_acos_alias` (`alias`),
  KEY `idx_acos_model_foreign_key` (`model`,`foreign_key`)
) ENGINE=InnoDB AUTO_INCREMENT=971 DEFAULT CHARSET=latin1;
/*!40101 SET character_set_client = @saved_cs_client */;

--
-- Dumping data for table `acos`
--

LOCK TABLES `acos` WRITE;
/*!40000 ALTER TABLE `acos` DISABLE KEYS */;
INSERT INTO `acos` VALUES (1,NULL,NULL,NULL,'controllers',1,1690),(2,1,NULL,NULL,'Actions',2,63),(3,2,NULL,NULL,'paramFilters',3,4),(4,2,NULL,NULL,'get_index',5,6),(5,2,NULL,NULL,'admin_index',7,8),(6,2,NULL,NULL,'post_add',9,10),(7,2,NULL,NULL,'get_add',11,12),(8,2,NULL,NULL,'admin_add',13,14),(9,2,NULL,NULL,'get_edit',15,16),(10,2,NULL,NULL,'post_edit',17,18),(11,2,NULL,NULL,'admin_edit',19,20),(12,2,NULL,NULL,'admin_deletemulti',21,22),(13,2,NULL,NULL,'admin_delete',23,24),(14,2,NULL,NULL,'recordsforpage',25,26),(15,2,NULL,NULL,'filterConfig',27,28),(16,2,NULL,NULL,'isRoot',29,30),(17,2,NULL,NULL,'setSidebarMenu',31,32),(18,2,NULL,NULL,'setHeaderMenu',33,34),(19,2,NULL,NULL,'is_Authorizate',35,36),(20,2,NULL,NULL,'getMethod',37,38),(21,2,NULL,NULL,'ajaxVariablesInit',39,40),(22,2,NULL,NULL,'installBase',41,42),(23,2,NULL,NULL,'syncACL',43,44),(24,2,NULL,NULL,'install_acl',45,46),(25,1,NULL,NULL,'Categories',64,125),(26,25,NULL,NULL,'paramFilters',65,66),(27,25,NULL,NULL,'get_index',67,68),(28,25,NULL,NULL,'admin_index',69,70),(29,25,NULL,NULL,'post_add',71,72),(30,25,NULL,NULL,'get_add',73,74),(31,25,NULL,NULL,'admin_add',75,76),(32,25,NULL,NULL,'get_edit',77,78),(33,25,NULL,NULL,'post_edit',79,80),(34,25,NULL,NULL,'admin_edit',81,82),(35,25,NULL,NULL,'admin_delete',83,84),(36,25,NULL,NULL,'admin_deletemulti',85,86),(37,25,NULL,NULL,'recordsforpage',87,88),(38,25,NULL,NULL,'filterConfig',89,90),(39,25,NULL,NULL,'isRoot',91,92),(40,25,NULL,NULL,'setSidebarMenu',93,94),(41,25,NULL,NULL,'setHeaderMenu',95,96),(42,25,NULL,NULL,'is_Authorizate',97,98),(43,25,NULL,NULL,'getMethod',99,100),(44,25,NULL,NULL,'ajaxVariablesInit',101,102),(45,25,NULL,NULL,'installBase',103,104),(46,25,NULL,NULL,'syncACL',105,106),(47,25,NULL,NULL,'install_acl',107,108),(48,1,NULL,NULL,'Groupactions',126,181),(49,48,NULL,NULL,'paramFilters',127,128),(50,48,NULL,NULL,'get_index',129,130),(51,48,NULL,NULL,'admin_index',131,132),(52,48,NULL,NULL,'post_add',133,134),(53,48,NULL,NULL,'admin_add',135,136),(54,48,NULL,NULL,'admin_delete',137,138),(55,48,NULL,NULL,'admin_deletemulti',139,140),(56,48,NULL,NULL,'admin_acl',141,142),(57,48,NULL,NULL,'recordsforpage',143,144),(58,48,NULL,NULL,'filterConfig',145,146),(59,48,NULL,NULL,'isRoot',147,148),(60,48,NULL,NULL,'setSidebarMenu',149,150),(61,48,NULL,NULL,'setHeaderMenu',151,152),(62,48,NULL,NULL,'is_Authorizate',153,154),(63,48,NULL,NULL,'getMethod',155,156),(64,48,NULL,NULL,'ajaxVariablesInit',157,158),(65,48,NULL,NULL,'installBase',159,160),(66,48,NULL,NULL,'syncACL',161,162),(67,48,NULL,NULL,'install_acl',163,164),(68,1,NULL,NULL,'Groups',182,243),(69,68,NULL,NULL,'paramFilters',183,184),(70,68,NULL,NULL,'get_index',185,186),(71,68,NULL,NULL,'admin_index',187,188),(72,68,NULL,NULL,'admin_delete',189,190),(73,68,NULL,NULL,'get_edit',191,192),(74,68,NULL,NULL,'post_edit',193,194),(75,68,NULL,NULL,'admin_edit',195,196),(76,68,NULL,NULL,'post_add',197,198),(77,68,NULL,NULL,'get_add',199,200),(78,68,NULL,NULL,'admin_add',201,202),(79,68,NULL,NULL,'admin_deletemulti',203,204),(80,68,NULL,NULL,'recordsforpage',205,206),(81,68,NULL,NULL,'filterConfig',207,208),(82,68,NULL,NULL,'isRoot',209,210),(83,68,NULL,NULL,'setSidebarMenu',211,212),(84,68,NULL,NULL,'setHeaderMenu',213,214),(85,68,NULL,NULL,'is_Authorizate',215,216),(86,68,NULL,NULL,'getMethod',217,218),(87,68,NULL,NULL,'ajaxVariablesInit',219,220),(88,68,NULL,NULL,'installBase',221,222),(89,68,NULL,NULL,'syncACL',223,224),(90,68,NULL,NULL,'install_acl',225,226),(91,1,NULL,NULL,'Modules',244,303),(92,91,NULL,NULL,'paramFilters',245,246),(93,91,NULL,NULL,'get_index',247,248),(94,91,NULL,NULL,'admin_index',249,250),(95,91,NULL,NULL,'post_add',251,252),(96,91,NULL,NULL,'admin_add',253,254),(97,91,NULL,NULL,'get_edit',255,256),(98,91,NULL,NULL,'post_edit',257,258),(99,91,NULL,NULL,'admin_edit',259,260),(100,91,NULL,NULL,'admin_delete',261,262),(101,91,NULL,NULL,'admin_deletemulti',263,264),(102,91,NULL,NULL,'recordsforpage',265,266),(103,91,NULL,NULL,'filterConfig',267,268),(104,91,NULL,NULL,'isRoot',269,270),(105,91,NULL,NULL,'setSidebarMenu',271,272),(106,91,NULL,NULL,'setHeaderMenu',273,274),(107,91,NULL,NULL,'is_Authorizate',275,276),(108,91,NULL,NULL,'getMethod',277,278),(109,91,NULL,NULL,'ajaxVariablesInit',279,280),(110,91,NULL,NULL,'installBase',281,282),(111,91,NULL,NULL,'syncACL',283,284),(112,91,NULL,NULL,'install_acl',285,286),(113,1,NULL,NULL,'Pages',304,347),(114,113,NULL,NULL,'display',305,306),(115,113,NULL,NULL,'recordsforpage',307,308),(116,113,NULL,NULL,'filterConfig',309,310),(117,113,NULL,NULL,'isRoot',311,312),(118,113,NULL,NULL,'setSidebarMenu',313,314),(119,113,NULL,NULL,'setHeaderMenu',315,316),(120,113,NULL,NULL,'is_Authorizate',317,318),(121,113,NULL,NULL,'getMethod',319,320),(122,113,NULL,NULL,'ajaxVariablesInit',321,322),(123,113,NULL,NULL,'installBase',323,324),(124,113,NULL,NULL,'syncACL',325,326),(125,113,NULL,NULL,'install_acl',327,328),(126,1,NULL,NULL,'Users',348,427),(127,126,NULL,NULL,'getConditionsRootGroup',349,350),(128,126,NULL,NULL,'getConditionsRootUser',351,352),(129,126,NULL,NULL,'admin_initDB',353,354),(130,126,NULL,NULL,'paramFilters',355,356),(131,126,NULL,NULL,'get_index',357,358),(132,126,NULL,NULL,'admin_index',359,360),(133,126,NULL,NULL,'post_add',361,362),(134,126,NULL,NULL,'admin_add',363,364),(135,126,NULL,NULL,'get_edit',365,366),(136,126,NULL,NULL,'post_edit',367,368),(137,126,NULL,NULL,'admin_edit',369,370),(138,126,NULL,NULL,'admin_delete',371,372),(139,126,NULL,NULL,'admin_deletemulti',373,374),(140,126,NULL,NULL,'post_resetpassword',375,376),(141,126,NULL,NULL,'admin_resetpassword',377,378),(142,126,NULL,NULL,'admin_home',379,380),(143,126,NULL,NULL,'get_login',381,382),(144,126,NULL,NULL,'post_login',383,384),(145,126,NULL,NULL,'admin_login',385,386),(146,126,NULL,NULL,'admin_logout',387,388),(147,126,NULL,NULL,'recordsforpage',389,390),(148,126,NULL,NULL,'filterConfig',391,392),(149,126,NULL,NULL,'isRoot',393,394),(150,126,NULL,NULL,'setSidebarMenu',395,396),(151,126,NULL,NULL,'setHeaderMenu',397,398),(152,126,NULL,NULL,'is_Authorizate',399,400),(153,126,NULL,NULL,'getMethod',401,402),(154,126,NULL,NULL,'ajaxVariablesInit',403,404),(155,126,NULL,NULL,'installBase',405,406),(156,126,NULL,NULL,'syncACL',407,408),(157,126,NULL,NULL,'install_acl',409,410),(158,1,NULL,NULL,'AclExtras',428,429),(159,1,NULL,NULL,'Companies',430,491),(160,159,NULL,NULL,'paramFilters',431,432),(161,159,NULL,NULL,'get_index',433,434),(162,159,NULL,NULL,'admin_index',435,436),(163,159,NULL,NULL,'post_add',437,438),(164,159,NULL,NULL,'get_add',439,440),(165,159,NULL,NULL,'admin_add',441,442),(166,159,NULL,NULL,'get_edit',443,444),(167,159,NULL,NULL,'post_edit',445,446),(168,159,NULL,NULL,'admin_edit',447,448),(169,159,NULL,NULL,'admin_delete',449,450),(170,159,NULL,NULL,'admin_deletemulti',451,452),(171,159,NULL,NULL,'recordsforpage',453,454),(172,159,NULL,NULL,'filterConfig',455,456),(173,159,NULL,NULL,'isRoot',457,458),(174,159,NULL,NULL,'setSidebarMenu',459,460),(175,159,NULL,NULL,'setHeaderMenu',461,462),(176,159,NULL,NULL,'is_Authorizate',463,464),(177,159,NULL,NULL,'getMethod',465,466),(178,159,NULL,NULL,'ajaxVariablesInit',467,468),(179,159,NULL,NULL,'installBase',469,470),(180,159,NULL,NULL,'syncACL',471,472),(181,159,NULL,NULL,'install_acl',473,474),(190,1,NULL,NULL,'Corporations',492,553),(191,190,NULL,NULL,'paramFilters',493,494),(192,190,NULL,NULL,'get_index',495,496),(193,190,NULL,NULL,'admin_index',497,498),(194,190,NULL,NULL,'post_add',499,500),(195,190,NULL,NULL,'get_add',501,502),(196,190,NULL,NULL,'admin_add',503,504),(197,190,NULL,NULL,'get_edit',505,506),(198,190,NULL,NULL,'post_edit',507,508),(199,190,NULL,NULL,'admin_edit',509,510),(200,190,NULL,NULL,'admin_delete',511,512),(201,190,NULL,NULL,'admin_deletemulti',513,514),(202,190,NULL,NULL,'recordsforpage',515,516),(203,190,NULL,NULL,'filterConfig',517,518),(204,190,NULL,NULL,'isRoot',519,520),(205,190,NULL,NULL,'setSidebarMenu',521,522),(206,190,NULL,NULL,'setHeaderMenu',523,524),(207,190,NULL,NULL,'is_Authorizate',525,526),(208,190,NULL,NULL,'getMethod',527,528),(209,190,NULL,NULL,'ajaxVariablesInit',529,530),(210,190,NULL,NULL,'installBase',531,532),(211,190,NULL,NULL,'syncACL',533,534),(212,190,NULL,NULL,'install_acl',535,536),(213,1,NULL,NULL,'Welcome',554,595),(214,213,NULL,NULL,'admin_index',555,556),(215,213,NULL,NULL,'recordsforpage',557,558),(216,213,NULL,NULL,'filterConfig',559,560),(217,213,NULL,NULL,'isRoot',561,562),(218,213,NULL,NULL,'setSidebarMenu',563,564),(219,213,NULL,NULL,'setHeaderMenu',565,566),(220,213,NULL,NULL,'is_Authorizate',567,568),(221,213,NULL,NULL,'getMethod',569,570),(222,213,NULL,NULL,'ajaxVariablesInit',571,572),(223,213,NULL,NULL,'installBase',573,574),(224,213,NULL,NULL,'syncACL',575,576),(225,213,NULL,NULL,'install_acl',577,578),(226,2,NULL,NULL,'getlocalesValidates',47,48),(227,2,NULL,NULL,'readWithLocale',49,50),(228,2,NULL,NULL,'getlocales',51,52),(229,2,NULL,NULL,'validationLocale',53,54),(230,25,NULL,NULL,'getlocalesValidates',109,110),(231,25,NULL,NULL,'readWithLocale',111,112),(232,25,NULL,NULL,'getlocales',113,114),(233,25,NULL,NULL,'validationLocale',115,116),(234,159,NULL,NULL,'getlocalesValidates',475,476),(235,159,NULL,NULL,'readWithLocale',477,478),(236,159,NULL,NULL,'getlocales',479,480),(237,159,NULL,NULL,'validationLocale',481,482),(238,190,NULL,NULL,'getlocalesValidates',537,538),(239,190,NULL,NULL,'readWithLocale',539,540),(240,190,NULL,NULL,'getlocales',541,542),(241,190,NULL,NULL,'validationLocale',543,544),(242,48,NULL,NULL,'getlocalesValidates',165,166),(243,48,NULL,NULL,'readWithLocale',167,168),(244,48,NULL,NULL,'getlocales',169,170),(245,48,NULL,NULL,'validationLocale',171,172),(246,68,NULL,NULL,'getlocalesValidates',227,228),(247,68,NULL,NULL,'readWithLocale',229,230),(248,68,NULL,NULL,'getlocales',231,232),(249,68,NULL,NULL,'validationLocale',233,234),(250,91,NULL,NULL,'getlocalesValidates',287,288),(251,91,NULL,NULL,'readWithLocale',289,290),(252,91,NULL,NULL,'getlocales',291,292),(253,91,NULL,NULL,'validationLocale',293,294),(254,113,NULL,NULL,'getlocalesValidates',329,330),(255,113,NULL,NULL,'readWithLocale',331,332),(256,113,NULL,NULL,'getlocales',333,334),(257,113,NULL,NULL,'validationLocale',335,336),(258,126,NULL,NULL,'getlocalesValidates',411,412),(259,126,NULL,NULL,'readWithLocale',413,414),(260,126,NULL,NULL,'getlocales',415,416),(261,126,NULL,NULL,'validationLocale',417,418),(262,213,NULL,NULL,'getlocalesValidates',579,580),(263,213,NULL,NULL,'readWithLocale',581,582),(264,213,NULL,NULL,'getlocales',583,584),(265,213,NULL,NULL,'validationLocale',585,586),(266,1,NULL,NULL,'Questionnaires',596,657),(267,266,NULL,NULL,'paramFilters',597,598),(268,266,NULL,NULL,'get_index',599,600),(269,266,NULL,NULL,'admin_index',601,602),(270,266,NULL,NULL,'post_add',603,604),(271,266,NULL,NULL,'get_add',605,606),(272,266,NULL,NULL,'admin_add',607,608),(273,266,NULL,NULL,'get_edit',609,610),(274,266,NULL,NULL,'post_edit',611,612),(275,266,NULL,NULL,'admin_edit',613,614),(276,266,NULL,NULL,'admin_delete',615,616),(277,266,NULL,NULL,'admin_deletemulti',617,618),(278,266,NULL,NULL,'recordsforpage',619,620),(279,266,NULL,NULL,'filterConfig',621,622),(280,266,NULL,NULL,'getlocalesValidates',623,624),(281,266,NULL,NULL,'readWithLocale',625,626),(282,266,NULL,NULL,'getlocales',627,628),(283,266,NULL,NULL,'isRoot',629,630),(284,266,NULL,NULL,'validationLocale',631,632),(285,266,NULL,NULL,'setSidebarMenu',633,634),(286,266,NULL,NULL,'setHeaderMenu',635,636),(287,266,NULL,NULL,'is_Authorizate',637,638),(288,266,NULL,NULL,'getMethod',639,640),(289,266,NULL,NULL,'ajaxVariablesInit',641,642),(290,266,NULL,NULL,'installBase',643,644),(291,266,NULL,NULL,'syncACL',645,646),(292,266,NULL,NULL,'install_acl',647,648),(320,1,NULL,NULL,'Sections',658,719),(321,320,NULL,NULL,'paramFilters',659,660),(322,320,NULL,NULL,'get_index',661,662),(323,320,NULL,NULL,'admin_index',663,664),(324,320,NULL,NULL,'post_add',665,666),(325,320,NULL,NULL,'get_add',667,668),(326,320,NULL,NULL,'admin_add',669,670),(327,320,NULL,NULL,'get_edit',671,672),(328,320,NULL,NULL,'post_edit',673,674),(329,320,NULL,NULL,'admin_edit',675,676),(330,320,NULL,NULL,'admin_delete',677,678),(331,320,NULL,NULL,'admin_deletemulti',679,680),(332,320,NULL,NULL,'recordsforpage',681,682),(333,320,NULL,NULL,'filterConfig',683,684),(334,320,NULL,NULL,'getlocalesValidates',685,686),(335,320,NULL,NULL,'readWithLocale',687,688),(336,320,NULL,NULL,'getlocales',689,690),(337,320,NULL,NULL,'isRoot',691,692),(338,320,NULL,NULL,'validationLocale',693,694),(339,320,NULL,NULL,'setSidebarMenu',695,696),(340,320,NULL,NULL,'setHeaderMenu',697,698),(341,320,NULL,NULL,'is_Authorizate',699,700),(342,320,NULL,NULL,'getMethod',701,702),(343,320,NULL,NULL,'ajaxVariablesInit',703,704),(344,320,NULL,NULL,'installBase',705,706),(345,320,NULL,NULL,'syncACL',707,708),(346,320,NULL,NULL,'install_acl',709,710),(347,1,NULL,NULL,'Questions',720,781),(348,347,NULL,NULL,'paramFilters',721,722),(349,347,NULL,NULL,'get_index',723,724),(350,347,NULL,NULL,'admin_index',725,726),(351,347,NULL,NULL,'post_add',727,728),(352,347,NULL,NULL,'get_add',729,730),(353,347,NULL,NULL,'admin_add',731,732),(354,347,NULL,NULL,'get_edit',733,734),(355,347,NULL,NULL,'post_edit',735,736),(356,347,NULL,NULL,'admin_edit',737,738),(357,347,NULL,NULL,'admin_delete',739,740),(358,347,NULL,NULL,'admin_deletemulti',741,742),(359,347,NULL,NULL,'recordsforpage',743,744),(360,347,NULL,NULL,'filterConfig',745,746),(361,347,NULL,NULL,'getlocalesValidates',747,748),(362,347,NULL,NULL,'readWithLocale',749,750),(363,347,NULL,NULL,'getlocales',751,752),(364,347,NULL,NULL,'isRoot',753,754),(365,347,NULL,NULL,'validationLocale',755,756),(366,347,NULL,NULL,'setSidebarMenu',757,758),(367,347,NULL,NULL,'setHeaderMenu',759,760),(368,347,NULL,NULL,'is_Authorizate',761,762),(369,347,NULL,NULL,'getMethod',763,764),(370,347,NULL,NULL,'ajaxVariablesInit',765,766),(371,347,NULL,NULL,'installBase',767,768),(372,347,NULL,NULL,'syncACL',769,770),(373,347,NULL,NULL,'install_acl',771,772),(374,1,NULL,NULL,'Answers',782,843),(375,374,NULL,NULL,'paramFilters',783,784),(376,374,NULL,NULL,'get_index',785,786),(377,374,NULL,NULL,'admin_index',787,788),(378,374,NULL,NULL,'post_add',789,790),(379,374,NULL,NULL,'get_add',791,792),(380,374,NULL,NULL,'admin_add',793,794),(381,374,NULL,NULL,'get_edit',795,796),(382,374,NULL,NULL,'post_edit',797,798),(383,374,NULL,NULL,'admin_edit',799,800),(384,374,NULL,NULL,'admin_delete',801,802),(385,374,NULL,NULL,'admin_deletemulti',803,804),(386,374,NULL,NULL,'recordsforpage',805,806),(387,374,NULL,NULL,'filterConfig',807,808),(388,374,NULL,NULL,'getlocalesValidates',809,810),(389,374,NULL,NULL,'readWithLocale',811,812),(390,374,NULL,NULL,'getlocales',813,814),(391,374,NULL,NULL,'isRoot',815,816),(392,374,NULL,NULL,'validationLocale',817,818),(393,374,NULL,NULL,'setSidebarMenu',819,820),(394,374,NULL,NULL,'setHeaderMenu',821,822),(395,374,NULL,NULL,'is_Authorizate',823,824),(396,374,NULL,NULL,'getMethod',825,826),(397,374,NULL,NULL,'ajaxVariablesInit',827,828),(398,374,NULL,NULL,'installBase',829,830),(399,374,NULL,NULL,'syncACL',831,832),(400,374,NULL,NULL,'install_acl',833,834),(401,1,NULL,NULL,'Companyquestionnaires',844,897),(402,401,NULL,NULL,'paramFilters',845,846),(403,401,NULL,NULL,'get_index',847,848),(404,401,NULL,NULL,'admin_index',849,850),(405,401,NULL,NULL,'post_add',851,852),(406,401,NULL,NULL,'admin_add',853,854),(407,401,NULL,NULL,'admin_delete',855,856),(408,401,NULL,NULL,'admin_deletemulti',857,858),(409,401,NULL,NULL,'recordsforpage',859,860),(410,401,NULL,NULL,'filterConfig',861,862),(411,401,NULL,NULL,'getlocalesValidates',863,864),(412,401,NULL,NULL,'readWithLocale',865,866),(413,401,NULL,NULL,'getlocales',867,868),(414,401,NULL,NULL,'isRoot',869,870),(415,401,NULL,NULL,'validationLocale',871,872),(416,401,NULL,NULL,'setSidebarMenu',873,874),(417,401,NULL,NULL,'setHeaderMenu',875,876),(418,401,NULL,NULL,'is_Authorizate',877,878),(419,401,NULL,NULL,'getMethod',879,880),(420,401,NULL,NULL,'ajaxVariablesInit',881,882),(421,401,NULL,NULL,'installBase',883,884),(422,401,NULL,NULL,'syncACL',885,886),(423,401,NULL,NULL,'install_acl',887,888),(424,1,NULL,NULL,'Autoevaluations',898,961),(425,424,NULL,NULL,'paramFilters',899,900),(426,424,NULL,NULL,'get_index',901,902),(427,424,NULL,NULL,'admin_index',903,904),(428,424,NULL,NULL,'post_add',905,906),(429,424,NULL,NULL,'get_add',907,908),(430,424,NULL,NULL,'admin_add',909,910),(431,424,NULL,NULL,'get_edit',911,912),(432,424,NULL,NULL,'post_edit',913,914),(433,424,NULL,NULL,'admin_edit',915,916),(434,424,NULL,NULL,'admin_delete',917,918),(435,424,NULL,NULL,'admin_deletemulti',919,920),(436,424,NULL,NULL,'recordsforpage',921,922),(437,424,NULL,NULL,'filterConfig',923,924),(438,424,NULL,NULL,'getlocalesValidates',925,926),(439,424,NULL,NULL,'readWithLocale',927,928),(440,424,NULL,NULL,'getlocales',929,930),(441,424,NULL,NULL,'isRoot',931,932),(442,424,NULL,NULL,'validationLocale',933,934),(443,424,NULL,NULL,'setSidebarMenu',935,936),(444,424,NULL,NULL,'setHeaderMenu',937,938),(445,424,NULL,NULL,'is_Authorizate',939,940),(446,424,NULL,NULL,'getMethod',941,942),(447,424,NULL,NULL,'ajaxVariablesInit',943,944),(448,424,NULL,NULL,'installBase',945,946),(449,424,NULL,NULL,'syncACL',947,948),(450,424,NULL,NULL,'install_acl',949,950),(451,424,NULL,NULL,'admin_view',951,952),(452,2,NULL,NULL,'beforeFind',55,56),(453,374,NULL,NULL,'beforeFind',835,836),(454,424,NULL,NULL,'beforeFind',953,954),(455,25,NULL,NULL,'beforeFind',117,118),(456,159,NULL,NULL,'beforeFind',483,484),(457,401,NULL,NULL,'beforeFind',889,890),(458,190,NULL,NULL,'beforeFind',545,546),(459,48,NULL,NULL,'beforeFind',173,174),(460,68,NULL,NULL,'beforeFind',235,236),(461,91,NULL,NULL,'beforeFind',295,296),(462,1,NULL,NULL,'Nodetypes',962,1021),(463,462,NULL,NULL,'paramFilters',963,964),(464,462,NULL,NULL,'get_index',965,966),(465,462,NULL,NULL,'admin_index',967,968),(466,462,NULL,NULL,'post_add',969,970),(467,462,NULL,NULL,'admin_add',971,972),(468,462,NULL,NULL,'get_edit',973,974),(469,462,NULL,NULL,'post_edit',975,976),(470,462,NULL,NULL,'admin_edit',977,978),(471,462,NULL,NULL,'admin_delete',979,980),(472,462,NULL,NULL,'admin_deletemulti',981,982),(473,462,NULL,NULL,'beforeFind',983,984),(474,462,NULL,NULL,'recordsforpage',985,986),(475,462,NULL,NULL,'filterConfig',987,988),(476,462,NULL,NULL,'getlocalesValidates',989,990),(477,462,NULL,NULL,'readWithLocale',991,992),(478,462,NULL,NULL,'getlocales',993,994),(479,462,NULL,NULL,'isRoot',995,996),(480,462,NULL,NULL,'validationLocale',997,998),(481,462,NULL,NULL,'setSidebarMenu',999,1000),(482,462,NULL,NULL,'setHeaderMenu',1001,1002),(483,462,NULL,NULL,'is_Authorizate',1003,1004),(484,462,NULL,NULL,'getMethod',1005,1006),(485,462,NULL,NULL,'ajaxVariablesInit',1007,1008),(486,462,NULL,NULL,'installBase',1009,1010),(487,462,NULL,NULL,'syncACL',1011,1012),(488,462,NULL,NULL,'install_acl',1013,1014),(489,113,NULL,NULL,'beforeFind',337,338),(490,266,NULL,NULL,'beforeFind',649,650),(491,347,NULL,NULL,'beforeFind',773,774),(492,320,NULL,NULL,'beforeFind',711,712),(493,126,NULL,NULL,'beforeFind',419,420),(494,213,NULL,NULL,'beforeFind',587,588),(495,1,NULL,NULL,'Nodesources',1022,1081),(496,495,NULL,NULL,'paramFilters',1023,1024),(497,495,NULL,NULL,'get_index',1025,1026),(498,495,NULL,NULL,'admin_index',1027,1028),(499,495,NULL,NULL,'post_add',1029,1030),(500,495,NULL,NULL,'admin_add',1031,1032),(501,495,NULL,NULL,'get_edit',1033,1034),(502,495,NULL,NULL,'post_edit',1035,1036),(503,495,NULL,NULL,'admin_edit',1037,1038),(504,495,NULL,NULL,'admin_delete',1039,1040),(505,495,NULL,NULL,'admin_deletemulti',1041,1042),(506,495,NULL,NULL,'beforeFind',1043,1044),(507,495,NULL,NULL,'recordsforpage',1045,1046),(508,495,NULL,NULL,'filterConfig',1047,1048),(509,495,NULL,NULL,'getlocalesValidates',1049,1050),(510,495,NULL,NULL,'readWithLocale',1051,1052),(511,495,NULL,NULL,'getlocales',1053,1054),(512,495,NULL,NULL,'isRoot',1055,1056),(513,495,NULL,NULL,'validationLocale',1057,1058),(514,495,NULL,NULL,'setSidebarMenu',1059,1060),(515,495,NULL,NULL,'setHeaderMenu',1061,1062),(516,495,NULL,NULL,'is_Authorizate',1063,1064),(517,495,NULL,NULL,'getMethod',1065,1066),(518,495,NULL,NULL,'ajaxVariablesInit',1067,1068),(519,495,NULL,NULL,'installBase',1069,1070),(520,495,NULL,NULL,'syncACL',1071,1072),(521,495,NULL,NULL,'install_acl',1073,1074),(576,1,NULL,NULL,'Nodos',1082,1141),(577,576,NULL,NULL,'paramFilters',1083,1084),(578,576,NULL,NULL,'get_index',1085,1086),(579,576,NULL,NULL,'admin_index',1087,1088),(580,576,NULL,NULL,'post_add',1089,1090),(581,576,NULL,NULL,'admin_add',1091,1092),(582,576,NULL,NULL,'get_edit',1093,1094),(583,576,NULL,NULL,'post_edit',1095,1096),(584,576,NULL,NULL,'admin_edit',1097,1098),(585,576,NULL,NULL,'admin_delete',1099,1100),(586,576,NULL,NULL,'admin_deletemulti',1101,1102),(587,576,NULL,NULL,'beforeFind',1103,1104),(588,576,NULL,NULL,'recordsforpage',1105,1106),(589,576,NULL,NULL,'filterConfig',1107,1108),(590,576,NULL,NULL,'getlocalesValidates',1109,1110),(591,576,NULL,NULL,'readWithLocale',1111,1112),(592,576,NULL,NULL,'getlocales',1113,1114),(593,576,NULL,NULL,'isRoot',1115,1116),(594,576,NULL,NULL,'validationLocale',1117,1118),(595,576,NULL,NULL,'setSidebarMenu',1119,1120),(596,576,NULL,NULL,'setHeaderMenu',1121,1122),(597,576,NULL,NULL,'is_Authorizate',1123,1124),(598,576,NULL,NULL,'getMethod',1125,1126),(599,576,NULL,NULL,'ajaxVariablesInit',1127,1128),(600,576,NULL,NULL,'installBase',1129,1130),(601,576,NULL,NULL,'syncACL',1131,1132),(602,576,NULL,NULL,'install_acl',1133,1134),(625,1,NULL,NULL,'Nodes',1142,1219),(626,625,NULL,NULL,'paramFilters',1143,1144),(627,625,NULL,NULL,'get_index',1145,1146),(628,625,NULL,NULL,'admin_index',1147,1148),(629,625,NULL,NULL,'post_add',1149,1150),(630,625,NULL,NULL,'get_add',1151,1152),(631,625,NULL,NULL,'admin_add',1153,1154),(632,625,NULL,NULL,'get_edit',1155,1156),(633,625,NULL,NULL,'post_edit',1157,1158),(634,625,NULL,NULL,'admin_edit',1159,1160),(635,625,NULL,NULL,'admin_delete',1161,1162),(636,625,NULL,NULL,'admin_deletemulti',1163,1164),(637,625,NULL,NULL,'beforeFind',1165,1166),(638,625,NULL,NULL,'recordsforpage',1167,1168),(639,625,NULL,NULL,'filterConfig',1169,1170),(640,625,NULL,NULL,'getlocalesValidates',1171,1172),(641,625,NULL,NULL,'readWithLocale',1173,1174),(642,625,NULL,NULL,'getlocales',1175,1176),(643,625,NULL,NULL,'isRoot',1177,1178),(644,625,NULL,NULL,'validationLocale',1179,1180),(645,625,NULL,NULL,'setSidebarMenu',1181,1182),(646,625,NULL,NULL,'setHeaderMenu',1183,1184),(647,625,NULL,NULL,'is_Authorizate',1185,1186),(648,625,NULL,NULL,'getMethod',1187,1188),(649,625,NULL,NULL,'ajaxVariablesInit',1189,1190),(650,625,NULL,NULL,'installBase',1191,1192),(651,625,NULL,NULL,'syncACL',1193,1194),(652,625,NULL,NULL,'install_acl',1195,1196),(653,2,NULL,NULL,'ymd2dmy',57,58),(654,374,NULL,NULL,'ymd2dmy',837,838),(655,424,NULL,NULL,'ymd2dmy',955,956),(656,25,NULL,NULL,'ymd2dmy',119,120),(657,159,NULL,NULL,'ymd2dmy',485,486),(658,401,NULL,NULL,'ymd2dmy',891,892),(659,190,NULL,NULL,'ymd2dmy',547,548),(660,48,NULL,NULL,'ymd2dmy',175,176),(661,68,NULL,NULL,'ymd2dmy',237,238),(662,91,NULL,NULL,'ymd2dmy',297,298),(663,625,NULL,NULL,'ymd2dmy',1197,1198),(664,495,NULL,NULL,'ymd2dmy',1075,1076),(665,1,NULL,NULL,'Nodestatuses',1220,1279),(666,665,NULL,NULL,'paramFilters',1221,1222),(667,665,NULL,NULL,'get_index',1223,1224),(668,665,NULL,NULL,'admin_index',1225,1226),(669,665,NULL,NULL,'post_add',1227,1228),(670,665,NULL,NULL,'admin_add',1229,1230),(671,665,NULL,NULL,'get_edit',1231,1232),(672,665,NULL,NULL,'post_edit',1233,1234),(673,665,NULL,NULL,'admin_edit',1235,1236),(674,665,NULL,NULL,'admin_delete',1237,1238),(675,665,NULL,NULL,'admin_deletemulti',1239,1240),(676,665,NULL,NULL,'beforeFind',1241,1242),(677,665,NULL,NULL,'recordsforpage',1243,1244),(678,665,NULL,NULL,'filterConfig',1245,1246),(679,665,NULL,NULL,'getlocalesValidates',1247,1248),(680,665,NULL,NULL,'readWithLocale',1249,1250),(681,665,NULL,NULL,'getlocales',1251,1252),(682,665,NULL,NULL,'isRoot',1253,1254),(683,665,NULL,NULL,'validationLocale',1255,1256),(684,665,NULL,NULL,'setSidebarMenu',1257,1258),(685,665,NULL,NULL,'setHeaderMenu',1259,1260),(686,665,NULL,NULL,'is_Authorizate',1261,1262),(687,665,NULL,NULL,'getMethod',1263,1264),(688,665,NULL,NULL,'ajaxVariablesInit',1265,1266),(689,665,NULL,NULL,'installBase',1267,1268),(690,665,NULL,NULL,'syncACL',1269,1270),(691,665,NULL,NULL,'install_acl',1271,1272),(692,665,NULL,NULL,'ymd2dmy',1273,1274),(693,462,NULL,NULL,'ymd2dmy',1015,1016),(694,576,NULL,NULL,'ymd2dmy',1135,1136),(695,113,NULL,NULL,'ymd2dmy',339,340),(696,266,NULL,NULL,'ymd2dmy',651,652),(697,347,NULL,NULL,'ymd2dmy',775,776),(698,320,NULL,NULL,'ymd2dmy',713,714),(700,126,NULL,NULL,'ymd2dmy',421,422),(701,213,NULL,NULL,'ymd2dmy',589,590),(702,2,NULL,NULL,'redirectCustom',59,60),(703,374,NULL,NULL,'redirectCustom',839,840),(704,424,NULL,NULL,'redirectCustom',957,958),(705,25,NULL,NULL,'redirectCustom',121,122),(706,159,NULL,NULL,'redirectCustom',487,488),(707,401,NULL,NULL,'redirectCustom',893,894),(708,190,NULL,NULL,'redirectCustom',549,550),(709,48,NULL,NULL,'redirectCustom',177,178),(710,68,NULL,NULL,'redirectCustom',239,240),(711,91,NULL,NULL,'redirectCustom',299,300),(712,625,NULL,NULL,'redirectCustom',1199,1200),(713,495,NULL,NULL,'redirectCustom',1077,1078),(714,665,NULL,NULL,'redirectCustom',1275,1276),(715,462,NULL,NULL,'redirectCustom',1017,1018),(716,576,NULL,NULL,'redirectCustom',1137,1138),(717,113,NULL,NULL,'redirectCustom',341,342),(718,266,NULL,NULL,'redirectCustom',653,654),(719,347,NULL,NULL,'redirectCustom',777,778),(720,320,NULL,NULL,'redirectCustom',715,716),(723,126,NULL,NULL,'redirectCustom',423,424),(724,213,NULL,NULL,'redirectCustom',591,592),(728,1,NULL,NULL,'Nodenodes',1280,1321),(729,728,NULL,NULL,'admin_delete',1281,1282),(730,728,NULL,NULL,'beforeFind',1283,1284),(731,728,NULL,NULL,'recordsforpage',1285,1286),(732,728,NULL,NULL,'filterConfig',1287,1288),(733,728,NULL,NULL,'getlocalesValidates',1289,1290),(734,728,NULL,NULL,'readWithLocale',1291,1292),(735,728,NULL,NULL,'getlocales',1293,1294),(736,728,NULL,NULL,'isRoot',1295,1296),(737,728,NULL,NULL,'validationLocale',1297,1298),(738,728,NULL,NULL,'setSidebarMenu',1299,1300),(739,728,NULL,NULL,'setHeaderMenu',1301,1302),(740,728,NULL,NULL,'is_Authorizate',1303,1304),(741,728,NULL,NULL,'getMethod',1305,1306),(742,728,NULL,NULL,'ajaxVariablesInit',1307,1308),(743,728,NULL,NULL,'installBase',1309,1310),(744,728,NULL,NULL,'syncACL',1311,1312),(745,728,NULL,NULL,'install_acl',1313,1314),(746,728,NULL,NULL,'ymd2dmy',1315,1316),(747,728,NULL,NULL,'redirectCustom',1317,1318),(748,625,NULL,NULL,'admin_deleterelation',1201,1202),(755,1,NULL,NULL,'Entities',1322,1439),(756,755,NULL,NULL,'admin_index',1323,1324),(757,755,NULL,NULL,'admin_woupdate',1325,1326),(758,755,NULL,NULL,'admin_inventory',1327,1328),(759,755,NULL,NULL,'admin_weakness',1329,1330),(760,755,NULL,NULL,'admin_perspective',1331,1332),(761,755,NULL,NULL,'admin_strategy',1333,1334),(762,755,NULL,NULL,'admin_mission',1335,1336),(763,755,NULL,NULL,'admin_vision',1337,1338),(764,755,NULL,NULL,'admin_objective',1339,1340),(765,755,NULL,NULL,'admin_politics',1341,1342),(766,755,NULL,NULL,'admin_maturity',1343,1344),(767,755,NULL,NULL,'admin_add',1345,1346),(768,755,NULL,NULL,'admin_hello',1347,1348),(769,755,NULL,NULL,'admin_selentities',1349,1350),(770,755,NULL,NULL,'admin_addentityrel',1351,1352),(771,755,NULL,NULL,'beforeFind',1353,1354),(772,755,NULL,NULL,'recordsforpage',1355,1356),(773,755,NULL,NULL,'filterConfig',1357,1358),(774,755,NULL,NULL,'getlocalesValidates',1359,1360),(775,755,NULL,NULL,'readWithLocale',1361,1362),(776,755,NULL,NULL,'getlocales',1363,1364),(777,755,NULL,NULL,'isRoot',1365,1366),(778,755,NULL,NULL,'validationLocale',1367,1368),(779,755,NULL,NULL,'setSidebarMenu',1369,1370),(780,755,NULL,NULL,'setHeaderMenu',1371,1372),(781,755,NULL,NULL,'is_Authorizate',1373,1374),(782,755,NULL,NULL,'getMethod',1375,1376),(783,755,NULL,NULL,'ajaxVariablesInit',1377,1378),(784,755,NULL,NULL,'installBase',1379,1380),(785,755,NULL,NULL,'syncACL',1381,1382),(786,755,NULL,NULL,'install_acl',1383,1384),(787,755,NULL,NULL,'ymd2dmy',1385,1386),(788,755,NULL,NULL,'redirectCustom',1387,1388),(789,755,NULL,NULL,'admin_commitment',1389,1390),(790,755,NULL,NULL,'admin_expectation',1391,1392),(791,755,NULL,NULL,'admin_program',1393,1394),(792,755,NULL,NULL,'admin_activity',1395,1396),(793,755,NULL,NULL,'admin_iniciative',1397,1398),(794,755,NULL,NULL,'admin_project',1399,1400),(795,755,NULL,NULL,'admin_course',1401,1402),(796,755,NULL,NULL,'admin_task',1403,1404),(797,1,NULL,NULL,'Nodepriorities',1440,1499),(798,797,NULL,NULL,'paramFilters',1441,1442),(799,797,NULL,NULL,'get_index',1443,1444),(800,797,NULL,NULL,'admin_index',1445,1446),(801,797,NULL,NULL,'post_add',1447,1448),(802,797,NULL,NULL,'admin_add',1449,1450),(803,797,NULL,NULL,'get_edit',1451,1452),(804,797,NULL,NULL,'post_edit',1453,1454),(805,797,NULL,NULL,'admin_edit',1455,1456),(806,797,NULL,NULL,'admin_delete',1457,1458),(807,797,NULL,NULL,'admin_deletemulti',1459,1460),(808,797,NULL,NULL,'beforeFind',1461,1462),(809,797,NULL,NULL,'recordsforpage',1463,1464),(810,797,NULL,NULL,'filterConfig',1465,1466),(811,797,NULL,NULL,'getlocalesValidates',1467,1468),(812,797,NULL,NULL,'readWithLocale',1469,1470),(813,797,NULL,NULL,'getlocales',1471,1472),(814,797,NULL,NULL,'isRoot',1473,1474),(815,797,NULL,NULL,'validationLocale',1475,1476),(816,797,NULL,NULL,'setSidebarMenu',1477,1478),(817,797,NULL,NULL,'setHeaderMenu',1479,1480),(818,797,NULL,NULL,'is_Authorizate',1481,1482),(819,797,NULL,NULL,'getMethod',1483,1484),(820,797,NULL,NULL,'ajaxVariablesInit',1485,1486),(821,797,NULL,NULL,'installBase',1487,1488),(822,797,NULL,NULL,'syncACL',1489,1490),(823,797,NULL,NULL,'install_acl',1491,1492),(824,797,NULL,NULL,'ymd2dmy',1493,1494),(825,797,NULL,NULL,'redirectCustom',1495,1496),(826,755,NULL,NULL,'admin_addpredecessor',1405,1406),(827,1,NULL,NULL,'Indicators',1500,1565),(828,827,NULL,NULL,'paramFilters',1501,1502),(829,827,NULL,NULL,'get_index',1503,1504),(830,827,NULL,NULL,'admin_index',1505,1506),(831,827,NULL,NULL,'post_add',1507,1508),(832,827,NULL,NULL,'get_add',1509,1510),(833,827,NULL,NULL,'admin_add',1511,1512),(834,827,NULL,NULL,'get_edit',1513,1514),(835,827,NULL,NULL,'post_edit',1515,1516),(836,827,NULL,NULL,'admin_edit',1517,1518),(837,827,NULL,NULL,'admin_delete',1519,1520),(838,827,NULL,NULL,'admin_deletemulti',1521,1522),(839,827,NULL,NULL,'beforeFind',1523,1524),(840,827,NULL,NULL,'recordsforpage',1525,1526),(841,827,NULL,NULL,'filterConfig',1527,1528),(842,827,NULL,NULL,'getlocalesValidates',1529,1530),(843,827,NULL,NULL,'readWithLocale',1531,1532),(844,827,NULL,NULL,'getlocales',1533,1534),(845,827,NULL,NULL,'isRoot',1535,1536),(846,827,NULL,NULL,'validationLocale',1537,1538),(847,827,NULL,NULL,'setSidebarMenu',1539,1540),(848,827,NULL,NULL,'setHeaderMenu',1541,1542),(849,827,NULL,NULL,'is_Authorizate',1543,1544),(850,827,NULL,NULL,'getMethod',1545,1546),(851,827,NULL,NULL,'ajaxVariablesInit',1547,1548),(852,827,NULL,NULL,'installBase',1549,1550),(853,827,NULL,NULL,'syncACL',1551,1552),(854,827,NULL,NULL,'install_acl',1553,1554),(855,827,NULL,NULL,'ymd2dmy',1555,1556),(856,827,NULL,NULL,'redirectCustom',1557,1558),(857,625,NULL,NULL,'admin_deletepredecessor',1203,1204),(859,827,NULL,NULL,'admin_values',1559,1560),(860,1,NULL,NULL,'Indicatorvalues',1566,1627),(861,860,NULL,NULL,'paramFilters',1567,1568),(862,860,NULL,NULL,'get_index',1569,1570),(863,860,NULL,NULL,'admin_index',1571,1572),(864,860,NULL,NULL,'post_add',1573,1574),(865,860,NULL,NULL,'get_add',1575,1576),(866,860,NULL,NULL,'admin_add',1577,1578),(867,860,NULL,NULL,'get_edit',1579,1580),(868,860,NULL,NULL,'post_edit',1581,1582),(869,860,NULL,NULL,'admin_edit',1583,1584),(870,860,NULL,NULL,'admin_delete',1585,1586),(871,860,NULL,NULL,'admin_deletemulti',1587,1588),(872,860,NULL,NULL,'beforeFind',1589,1590),(873,860,NULL,NULL,'recordsforpage',1591,1592),(874,860,NULL,NULL,'filterConfig',1593,1594),(875,860,NULL,NULL,'getlocalesValidates',1595,1596),(876,860,NULL,NULL,'readWithLocale',1597,1598),(877,860,NULL,NULL,'getlocales',1599,1600),(878,860,NULL,NULL,'isRoot',1601,1602),(879,860,NULL,NULL,'validationLocale',1603,1604),(880,860,NULL,NULL,'setSidebarMenu',1605,1606),(881,860,NULL,NULL,'setHeaderMenu',1607,1608),(882,860,NULL,NULL,'is_Authorizate',1609,1610),(883,860,NULL,NULL,'getMethod',1611,1612),(884,860,NULL,NULL,'ajaxVariablesInit',1613,1614),(885,860,NULL,NULL,'installBase',1615,1616),(886,860,NULL,NULL,'syncACL',1617,1618),(887,860,NULL,NULL,'install_acl',1619,1620),(888,860,NULL,NULL,'ymd2dmy',1621,1622),(889,860,NULL,NULL,'redirectCustom',1623,1624),(890,755,NULL,NULL,'admin_addindicator',1407,1408),(891,625,NULL,NULL,'admin_deleteindicator',1205,1206),(892,755,NULL,NULL,'admin_interest',1409,1410),(893,755,NULL,NULL,'admin_call',1411,1412),(894,755,NULL,NULL,'admin_sendcall',1413,1414),(895,755,NULL,NULL,'sendCall2IG',1415,1416),(896,113,NULL,NULL,'index',343,344),(897,755,NULL,NULL,'admin_gallery',1417,1418),(898,625,NULL,NULL,'admin_addgallery',1207,1208),(899,625,NULL,NULL,'admin_delgallery',1209,1210),(900,2,NULL,NULL,'getGalleryImgs',61,62),(901,374,NULL,NULL,'getGalleryImgs',841,842),(902,424,NULL,NULL,'getGalleryImgs',959,960),(903,25,NULL,NULL,'getGalleryImgs',123,124),(904,159,NULL,NULL,'getGalleryImgs',489,490),(905,401,NULL,NULL,'getGalleryImgs',895,896),(906,190,NULL,NULL,'getGalleryImgs',551,552),(907,755,NULL,NULL,'admin_survey',1419,1420),(908,755,NULL,NULL,'admin_mailbox',1421,1422),(909,755,NULL,NULL,'admin_graph',1423,1424),(910,755,NULL,NULL,'getGalleryImgs',1425,1426),(911,48,NULL,NULL,'getGalleryImgs',179,180),(912,68,NULL,NULL,'getGalleryImgs',241,242),(913,827,NULL,NULL,'getGalleryImgs',1561,1562),(914,860,NULL,NULL,'getGalleryImgs',1625,1626),(915,91,NULL,NULL,'getGalleryImgs',301,302),(916,728,NULL,NULL,'getGalleryImgs',1319,1320),(917,797,NULL,NULL,'getGalleryImgs',1497,1498),(918,625,NULL,NULL,'getGalleryImgs',1211,1212),(919,495,NULL,NULL,'getGalleryImgs',1079,1080),(920,665,NULL,NULL,'getGalleryImgs',1277,1278),(921,462,NULL,NULL,'getGalleryImgs',1019,1020),(922,576,NULL,NULL,'getGalleryImgs',1139,1140),(923,113,NULL,NULL,'getGalleryImgs',345,346),(924,266,NULL,NULL,'getGalleryImgs',655,656),(925,347,NULL,NULL,'getGalleryImgs',779,780),(926,320,NULL,NULL,'getGalleryImgs',717,718),(927,126,NULL,NULL,'getGalleryImgs',425,426),(928,213,NULL,NULL,'getGalleryImgs',593,594),(929,625,NULL,NULL,'admin_delmessage',1213,1214),(930,625,NULL,NULL,'admin_addascommitment',1215,1216),(931,1,NULL,NULL,'Surveyquestions',1628,1689),(932,931,NULL,NULL,'paramFilters',1629,1630),(933,931,NULL,NULL,'get_index',1631,1632),(934,931,NULL,NULL,'admin_index',1633,1634),(935,931,NULL,NULL,'post_add',1635,1636),(936,931,NULL,NULL,'get_add',1637,1638),(937,931,NULL,NULL,'admin_add',1639,1640),(938,931,NULL,NULL,'get_edit',1641,1642),(939,931,NULL,NULL,'post_edit',1643,1644),(940,931,NULL,NULL,'admin_edit',1645,1646),(941,931,NULL,NULL,'admin_delete',1647,1648),(942,931,NULL,NULL,'admin_deletemulti',1649,1650),(943,931,NULL,NULL,'beforeFind',1651,1652),(944,931,NULL,NULL,'recordsforpage',1653,1654),(945,931,NULL,NULL,'filterConfig',1655,1656),(946,931,NULL,NULL,'getlocalesValidates',1657,1658),(947,931,NULL,NULL,'readWithLocale',1659,1660),(948,931,NULL,NULL,'getlocales',1661,1662),(949,931,NULL,NULL,'isRoot',1663,1664),(950,931,NULL,NULL,'validationLocale',1665,1666),(951,931,NULL,NULL,'setSidebarMenu',1667,1668),(952,931,NULL,NULL,'setHeaderMenu',1669,1670),(953,931,NULL,NULL,'is_Authorizate',1671,1672),(954,931,NULL,NULL,'getMethod',1673,1674),(955,931,NULL,NULL,'ajaxVariablesInit',1675,1676),(956,931,NULL,NULL,'installBase',1677,1678),(957,931,NULL,NULL,'syncACL',1679,1680),(958,931,NULL,NULL,'install_acl',1681,1682),(959,931,NULL,NULL,'ymd2dmy',1683,1684),(960,931,NULL,NULL,'redirectCustom',1685,1686),(961,931,NULL,NULL,'getGalleryImgs',1687,1688),(962,625,NULL,NULL,'admin_delsurveyanswer',1217,1218),(964,755,NULL,NULL,'admin_savedatagraph',1427,1428),(965,755,NULL,NULL,'admin_wizard',1429,1430),(966,755,NULL,NULL,'admin_getentities',1431,1432),(967,755,NULL,NULL,'saveNodeNodes',1433,1434),(968,755,NULL,NULL,'AddIndicatorNode',1435,1436),(969,755,NULL,NULL,'admin_bsc',1437,1438),(970,827,NULL,NULL,'admin_showgraph',1563,1564);
/*!40000 ALTER TABLE `acos` ENABLE KEYS */;
UNLOCK TABLES;

--
-- Table structure for table `actions`
--

DROP TABLE IF EXISTS `actions`;
/*!40101 SET @saved_cs_client     = @@character_set_client */;
/*!40101 SET character_set_client = utf8 */;
CREATE TABLE `actions` (
  `id` int(11) NOT NULL AUTO_INCREMENT,
  `name` varchar(255) NOT NULL,
  `url` varchar(255) NOT NULL,
  `order` int(2) NOT NULL,
  `category_id` int(11) NOT NULL,
  `created` datetime NOT NULL,
  `modified` datetime NOT NULL,
  PRIMARY KEY (`id`),
  KEY `fk_actions_categories1_idx` (`category_id`),
  CONSTRAINT `fk_actions_categories1` FOREIGN KEY (`category_id`) REFERENCES `categories` (`id`) ON DELETE NO ACTION ON UPDATE NO ACTION
) ENGINE=InnoDB AUTO_INCREMENT=82 DEFAULT CHARSET=latin1;
/*!40101 SET character_set_client = @saved_cs_client */;

--
-- Dumping data for table `actions`
--

LOCK TABLES `actions` WRITE;
/*!40000 ALTER TABLE `actions` DISABLE KEYS */;
INSERT INTO `actions` VALUES (30,'CategorÃ­as : Listado','/admin/categories/index',0,16,'2015-10-14 15:52:17','2015-10-14 15:52:17'),(31,'Corporaciones : Listado','/admin/corporations/index',0,10,'2015-10-14 15:52:37','2015-10-14 15:52:37'),(32,'Empresas : Listado','/admin/companies/index',0,11,'2015-10-14 15:52:59','2015-10-14 15:52:59'),(33,'Funciones : Listado','/admin/actions/index',0,17,'2015-10-14 15:53:55','2015-10-14 15:53:55'),(34,'Grupos : Listado','/admin/groups/index',0,14,'2015-10-14 15:54:19','2015-10-14 15:54:19'),(35,'Modulos : Listado','/admin/modules/index',0,15,'2015-10-14 15:54:40','2015-10-14 15:54:40'),(36,'Permisos : ACL','/admin/groupactions/acl',1,18,'2015-10-14 15:55:11','2015-10-14 15:55:11'),(37,'Permisos : Listado','/admin/groupactions/index',0,18,'2015-10-14 15:55:33','2015-10-14 15:55:33'),(38,'Usuarios : Listado','/admin/users/index',0,12,'2015-10-14 15:55:58','2015-10-14 15:55:58'),(39,'Usuarios : Sync','/admin/users/initDB',1,12,'2015-10-14 15:56:20','2015-10-14 15:56:20'),(40,'Administrar Cuestionarios','/admin/questionnaires/index/',0,19,'2015-10-16 11:09:31','2015-10-16 11:09:31'),(41,'Administrar Secciones','/admin/sections/index/',1,19,'2015-10-16 13:59:32','2015-10-17 11:07:24'),(42,'Administrar Preguntas','/admin/questions/index/ ',2,19,'2015-10-16 19:43:49','2015-10-17 11:07:30'),(43,'Administrar Respuestas','/admin/answers/index/',5,19,'2015-10-16 21:01:39','2015-10-17 11:07:34'),(44,'Asignar Cuestionarios a Empresas','/admin/companyquestionnaires/index',1,23,'2015-10-17 15:32:08','2015-10-17 15:35:34'),(45,'Inventario de Oportunidades y Debilidades','/admin/entities/inventory',0,24,'2015-10-19 10:29:33','2015-10-27 23:24:12'),(46,'PlanificaciÃ³n TÃ¡ctica','/admin/users/home/',0,27,'2015-10-19 10:29:54','2015-10-19 10:29:54'),(47,'GestiÃ³n Operativa','/admin/users/home/',0,25,'2015-10-19 10:30:16','2015-10-19 10:30:16'),(48,'Memoria y Cuenta','/admin/users/home/',0,26,'2015-10-19 10:30:29','2015-10-19 10:30:29'),(49,'Instrumentos','/admin/users/home/ ',0,28,'2015-10-19 10:43:50','2015-10-19 10:43:50'),(50,'Realizar una AutoevaluaciÃ³n','/admin/autoevaluations/index',1,29,'2015-10-19 23:24:27','2015-10-19 23:27:27'),(51,'Tipos de nodo','/admin/nodetypes/index',0,30,'2015-10-20 18:47:27','2015-10-20 18:47:27'),(52,'Fuentes de nodos','/admin/nodesources/index',0,31,'2015-10-20 18:58:34','2015-10-20 18:58:34'),(53,'Nivel de Madurez','/admin/entities/maturity',1,24,'2015-10-21 20:40:16','2015-10-27 23:24:46'),(54,'Oportunidades y Debilidades','/admin/entities/weakness',0,32,'2015-10-26 22:03:31','2015-10-27 23:24:50'),(55,'Perspectiva del BSC','/admin/entities/perspective',1,32,'2015-10-27 10:48:40','2015-10-27 23:24:53'),(56,'Estrategias','/admin/entities/strategy',2,32,'2015-10-27 10:49:01','2015-10-27 23:24:57'),(57,'MisiÃ³n','/admin/entities/mission',3,32,'2015-10-27 10:49:45','2015-10-27 23:25:00'),(58,'VisiÃ³n','/admin/entities/vision',4,32,'2015-10-27 10:49:58','2015-10-27 23:25:03'),(59,'Objetivos','/admin/entities/objective',5,32,'2015-10-27 10:51:09','2015-10-27 23:25:07'),(60,'PolÃ­ticas','/admin/entities/politics',6,32,'2015-10-27 10:51:31','2015-10-27 23:25:11'),(61,'Expectativas','/admin/entities/expectation',0,27,'2015-10-28 00:15:00','2015-10-28 00:15:00'),(62,'Programas','/admin/entities/program',2,27,'2015-10-28 00:15:57','2015-10-28 00:15:57'),(63,'Proyectos','/admin/entities/project',1,25,'2015-10-28 00:16:42','2015-10-28 00:16:42'),(64,'Actividades','/admin/entities/activity',2,25,'2015-10-28 00:16:59','2015-10-28 00:16:59'),(65,'Iniciativas','/admin/entities/iniciative',3,25,'2015-10-28 00:17:33','2015-10-28 00:17:33'),(66,'Cursos','/admin/entities/course',4,25,'2015-10-28 00:17:48','2015-10-28 00:17:48'),(67,'Tareas','/admin/entities/task',5,25,'2015-10-28 00:18:09','2015-10-28 00:18:09'),(68,'Compromisos','/admin/entities/commitment',5,32,'2015-10-28 00:19:12','2015-10-28 00:19:12'),(69,'Prioridades','/admin/nodepriorities/',0,33,'2015-10-28 15:39:58','2015-10-28 15:39:58'),(70,'Indicadores de GestiÃ³n','/admin/indicators/',0,34,'2015-10-29 19:39:34','2015-10-29 19:39:34'),(71,'Cargar valores ','/admin/indicatorvalues/',2,34,'2015-10-30 09:04:10','2015-10-30 09:04:10'),(72,'Grupos de InterÃ©s','/admin/entities/interest',3,27,'2015-10-30 19:21:14','2015-10-30 19:21:14'),(73,'Usuarios','/admin/users',4,27,'2015-10-31 13:46:20','2015-10-31 13:48:08'),(74,'Bienvenid@','/admin/users/home',1,35,'2015-10-31 18:21:58','2015-10-31 18:21:58'),(75,'Convocatorias','/admin/entities/call',6,25,'2015-11-02 16:03:10','2015-11-02 18:54:58'),(76,'GalerÃ­as','/admin/entities/gallery',7,25,'2015-11-05 17:44:29','2015-11-05 17:45:02'),(77,'Encuestas','/admin/entities/survey',8,25,'2015-11-07 08:41:05','2015-11-07 08:41:05'),(78,'BuzÃ³n de Sugerencias','/admin/entities/mailbox',9,25,'2015-11-07 08:41:35','2015-11-07 08:41:35'),(79,'GrÃ¡ficas','/admin/entities/graph',10,25,'2015-11-07 08:42:00','2015-11-07 08:42:00'),(80,'Iniciar Asistente de GestiÃ³n EstratÃ©gica','/admin/entities/wizard/',0,36,'2015-11-15 14:10:32','2015-11-15 14:13:05'),(81,'Balance ScoreCard','/admin/entities/bsc',0,37,'2015-11-19 19:41:21','2015-11-19 19:41:21');
/*!40000 ALTER TABLE `actions` ENABLE KEYS */;
UNLOCK TABLES;

--
-- Table structure for table `answers`
--

DROP TABLE IF EXISTS `answers`;
/*!40101 SET @saved_cs_client     = @@character_set_client */;
/*!40101 SET character_set_client = utf8 */;
CREATE TABLE `answers` (
  `id` int(11) NOT NULL AUTO_INCREMENT,
  `question_id` int(11) NOT NULL,
  `name` varchar(45) COLLATE utf8_unicode_ci NOT NULL,
  `points` int(11) NOT NULL,
  `feedback_title` text COLLATE utf8_unicode_ci,
  `feedback` text COLLATE utf8_unicode_ci,
  `order` int(11) DEFAULT NULL,
  PRIMARY KEY (`id`),
  KEY `question_id` (`question_id`)
) ENGINE=MyISAM AUTO_INCREMENT=164 DEFAULT CHARSET=utf8 COLLATE=utf8_unicode_ci;
/*!40101 SET character_set_client = @saved_cs_client */;

--
-- Dumping data for table `answers`
--

LOCK TABLES `answers` WRITE;
/*!40000 ALTER TABLE `answers` DISABLE KEYS */;
INSERT INTO `answers` VALUES (130,32,'No aplicable',0,'','',5),(129,32,'No sÃ©',0,'','',4),(126,32,'Si',2,'','',1),(127,32,'En parte',1,'','',2),(128,32,'No',0,'','',3),(11,9,'Si',2,'','',1),(3,7,'No',0,'','',3),(4,7,'No sÃ©',0,'','',4),(5,7,'No aplicable',0,'','',5),(6,8,'Si',2,'','',1),(7,8,'En parte',1,'','',2),(8,8,'No',0,'','',3),(9,8,'No sÃ©',0,'','',4),(10,8,'No aplicable',0,'','',5),(2,7,'En parte',1,'','',2),(1,7,'Si',2,'','',1),(125,31,'No aplicable',0,'','',5),(124,31,'No sÃ©',0,'','',4),(123,31,'No',0,'','',3),(122,31,'En parte',1,'','',2),(121,31,'Si',2,'','',1),(120,30,'No aplicable',0,'','',5),(119,30,'No sÃ©',0,'','',4),(118,30,'No',0,'','',3),(117,30,'En parte',1,'','',2),(116,30,'Si',2,'','',1),(115,29,'No aplicable',0,'','',5),(114,29,'No sÃ©',0,'','',4),(113,29,'No',0,'','',3),(112,29,'En parte',1,'','',2),(111,29,'Si',2,'','',1),(110,28,'No aplicable',0,'','',5),(109,28,'No sÃ©',0,'','',4),(108,28,'No',0,'','',3),(107,28,'En parte',1,'','',2),(106,28,'Si',2,'','',1),(105,27,'No aplicable',0,'','',5),(104,27,'No sÃ©',0,'','',4),(103,27,'No',0,'','',3),(102,27,'En parte',1,'','',2),(101,27,'Si',2,'','',1),(100,26,'No aplicable',0,'','',5),(99,26,'No sÃ©',0,'','',4),(98,26,'No',0,'','',3),(97,26,'En parte',1,'','',2),(96,26,'Si',2,'','',1),(95,25,'No aplicable',0,'','',5),(94,25,'No sÃ©',0,'','',4),(93,25,'No',0,'','',3),(92,25,'En parte',1,'','',2),(91,25,'Si',2,'','',1),(90,24,'No aplicable',0,'','',5),(89,24,'No sÃ©',0,'','',4),(88,24,'No',0,'','',3),(87,24,'En parte',1,'','',2),(86,24,'Si',2,'','',1),(85,23,'No aplicable',0,'','',5),(84,23,'No sÃ©',0,'','',4),(83,23,'No',0,'','',3),(82,23,'En parte',1,'','',2),(81,23,'Si',2,'','',1),(80,22,'No aplicable',0,'','',5),(79,22,'No sÃ©',0,'','',4),(78,22,'No',0,'','',3),(77,22,'En parte',1,'','',2),(76,22,'Si',2,'','',1),(75,21,'No aplicable',0,'','',5),(74,21,'No sÃ©',0,'','',4),(73,21,'No',0,'','',3),(72,21,'En parte',1,'','',2),(71,21,'Si',2,'','',1),(70,20,'No aplicable',0,'','',5),(69,20,'No sÃ©',0,'','',4),(68,20,'No',0,'','',3),(67,20,'En parte',1,'','',2),(66,20,'Si',2,'','',1),(65,19,'No aplicable',0,'','',5),(64,19,'No sÃ©',0,'','',4),(63,19,'No',0,'','',3),(62,19,'En parte',1,'','',2),(61,19,'Si',2,'','',1),(60,18,'No aplicable',0,'','',5),(59,18,'No sÃ©',0,'','',4),(58,18,'No',0,'','',3),(57,18,'En parte',1,'','',2),(56,18,'Si',2,'','',1),(55,17,'No aplicable',0,'','',5),(54,17,'No sÃ©',0,'','',4),(53,17,'No',0,'','',3),(52,17,'En parte',1,'','',2),(51,17,'Si',2,'','',1),(50,16,'No aplicable',0,'','',5),(49,16,'No sÃ©',0,'','',4),(48,16,'No',0,'','',3),(47,16,'En parte',1,'','',2),(46,16,'Si',2,'','',1),(45,15,'No aplicable',0,'','',5),(44,15,'No sÃ©',0,'','',4),(43,15,'No',0,'','',3),(42,15,'En parte',1,'','',2),(41,15,'Si',2,'','',1),(40,14,'No aplicable',0,'','',5),(39,14,'No sÃ©',0,'','',4),(38,14,'No',0,'','',3),(37,14,'En parte',1,'','',2),(36,14,'Si',2,'','',1),(35,13,'No aplicable',0,'','',5),(34,13,'No sÃ©',0,'','',4),(33,13,'No',0,'','',3),(32,13,'En parte',1,'','',2),(31,13,'Si',2,'','',1),(30,12,'No aplicable',0,'','',5),(29,12,'No sÃ©',0,'','',4),(28,12,'No',0,'','',3),(27,12,'En parte',1,'','',2),(26,12,'Si',2,'','',1),(25,11,'No aplicable',0,'','',5),(24,11,'No sÃ©',0,'','',4),(23,11,'No',0,'','',3),(22,11,'En parte',1,'','',2),(21,11,'Si',2,'','',1),(20,10,'No aplicable',0,'','',5),(19,10,'No sÃ©',0,'','',4),(18,10,'No',0,'','',3),(17,10,'En parte',1,'','',2),(16,10,'Si',2,'','',1),(15,9,'No aplicable',0,'','',5),(14,9,'No sÃ©',0,'','',4),(13,9,'No',0,'','',3),(12,9,'En parte',1,'','',2),(131,33,'Si',2,'','',1),(132,33,'En parte',1,'','',2),(133,33,'No',0,'','',3),(134,33,'No sÃ©',0,'','',4),(135,33,'No aplicable',0,'','',5),(136,34,'Si',2,'','',1),(137,34,'En parte',1,'','',2),(138,34,'No',0,'','',3),(139,34,'No sÃ©',0,'','',4),(140,34,'No aplicable',0,'','',5),(141,35,'Si',2,'','',1),(142,35,'En parte',1,'','',2),(143,35,'No',0,'','',3),(144,35,'No sÃ©',0,'','',4),(145,35,'No aplicable',0,'','',5);
/*!40000 ALTER TABLE `answers` ENABLE KEYS */;
UNLOCK TABLES;

--
-- Table structure for table `aros`
--

DROP TABLE IF EXISTS `aros`;
/*!40101 SET @saved_cs_client     = @@character_set_client */;
/*!40101 SET character_set_client = utf8 */;
CREATE TABLE `aros` (
  `id` int(10) NOT NULL AUTO_INCREMENT,
  `parent_id` int(10) DEFAULT NULL,
  `model` varchar(255) DEFAULT NULL,
  `foreign_key` int(10) DEFAULT NULL,
  `alias` varchar(255) DEFAULT NULL,
  `lft` int(10) DEFAULT NULL,
  `rght` int(10) DEFAULT NULL,
  PRIMARY KEY (`id`),
  KEY `idx_aros_lft_rght` (`lft`,`rght`),
  KEY `idx_aros_alias` (`alias`),
  KEY `idx_aros_model_foreign_key` (`model`,`foreign_key`)
) ENGINE=InnoDB AUTO_INCREMENT=1985 DEFAULT CHARSET=latin1;
/*!40101 SET character_set_client = @saved_cs_client */;

--
-- Dumping data for table `aros`
--

LOCK TABLES `aros` WRITE;
/*!40000 ALTER TABLE `aros` DISABLE KEYS */;
INSERT INTO `aros` VALUES (1,NULL,'Group',1,NULL,1,6),(2,1,'User',1,NULL,2,3),(3,NULL,'Module',1,NULL,7,8),(4,NULL,'Category',1,NULL,9,10),(5,NULL,'Category',2,NULL,11,12),(6,NULL,'Category',3,NULL,13,14),(7,NULL,'Category',4,NULL,15,16),(8,NULL,'Category',5,NULL,17,18),(9,NULL,'Category',6,NULL,19,20),(10,NULL,'Module',2,NULL,21,22),(11,NULL,'Category',7,NULL,23,24),(12,NULL,'Company',1,NULL,25,26),(16,1,'User',3,NULL,4,5),(17,NULL,'Group',2,NULL,27,32),(20,NULL,'Module',3,NULL,33,34),(21,17,'User',6,NULL,28,29),(22,NULL,'Group',3,NULL,35,42),(23,NULL,'Company',4,NULL,43,44),(24,22,'User',7,NULL,36,37),(25,22,'User',8,NULL,38,39),(26,NULL,'Module',4,NULL,45,46),(27,NULL,'Category',8,NULL,47,48),(28,NULL,'Corporation',0,NULL,49,50),(30,NULL,'Corporation',3,NULL,51,52),(31,22,'User',9,NULL,40,41),(32,NULL,'Group',4,NULL,53,60),(33,32,'User',10,NULL,54,55),(34,NULL,'Corporation',4,NULL,61,62),(36,NULL,'Company',6,NULL,63,64),(37,NULL,'Company',7,NULL,65,66),(39,32,'User',11,NULL,56,57),(40,32,'User',12,NULL,58,59),(41,NULL,'Module',5,NULL,67,68),(42,NULL,'Category',9,NULL,69,70),(43,17,'User',13,NULL,30,31),(44,NULL,'Module',6,NULL,71,72),(45,NULL,'Module',7,NULL,73,74),(46,NULL,'Module',8,NULL,75,76),(48,NULL,'Group',5,NULL,77,80),(49,NULL,'Group',6,NULL,81,88),(50,NULL,'Group',7,NULL,89,98),(51,NULL,'Group',8,NULL,99,104),(53,NULL,'Module',11,NULL,105,106),(55,NULL,'Module',13,NULL,107,108),(57,NULL,'Category',10,NULL,109,110),(58,NULL,'Category',11,NULL,111,112),(59,NULL,'Category',12,NULL,113,114),(61,NULL,'Category',14,NULL,115,116),(62,NULL,'Category',15,NULL,117,118),(63,NULL,'Category',16,NULL,119,120),(64,NULL,'Category',17,NULL,121,122),(65,NULL,'Category',18,NULL,123,124),(66,48,'User',14,NULL,78,79),(67,NULL,'Corporation',5,NULL,125,126),(68,NULL,'Company',9,NULL,127,128),(69,NULL,'Company',10,NULL,129,130),(70,49,'User',15,NULL,82,83),(71,50,'User',16,NULL,90,91),(73,NULL,'Corporation',7,NULL,131,132),(74,NULL,'Company',11,NULL,133,134),(76,49,'User',17,NULL,84,85),(77,50,'User',18,NULL,92,93),(79,NULL,'Group',9,NULL,135,140),(80,79,'User',19,NULL,136,137),(81,79,'User',20,NULL,138,139),(82,NULL,'Questionnaire',0,NULL,141,142),(86,NULL,'Questionnaire',5,NULL,143,144),(88,NULL,'Module',15,NULL,145,146),(89,NULL,'Category',19,NULL,147,148),(90,NULL,'Section',0,NULL,149,150),(91,NULL,'Section',2,NULL,151,152),(92,NULL,'Section',1,NULL,153,154),(93,NULL,'Section',2,NULL,155,156),(95,NULL,'Questionnaire',7,NULL,157,158),(96,NULL,'Section',4,NULL,159,160),(99,NULL,'Question',3,NULL,161,162),(100,NULL,'Question',4,NULL,163,164),(101,NULL,'Question',5,NULL,165,166),(102,NULL,'Answer',1,NULL,167,168),(103,NULL,'Corporation',9,NULL,169,170),(104,NULL,'Company',13,NULL,171,172),(106,NULL,'Section',5,NULL,173,174),(107,NULL,'Section',6,NULL,175,176),(108,NULL,'Question',6,NULL,177,178),(109,NULL,'Answer',2,NULL,179,180),(110,NULL,'Answer',3,NULL,181,182),(114,NULL,'Questionnaire',9,NULL,183,184),(115,NULL,'Category',23,NULL,185,186),(116,NULL,'Module',16,NULL,187,188),(117,NULL,'Module',17,NULL,189,190),(118,NULL,'Module',18,NULL,191,192),(119,NULL,'Module',19,NULL,193,194),(120,NULL,'Category',24,NULL,195,196),(121,NULL,'Category',25,NULL,197,198),(122,NULL,'Category',26,NULL,199,200),(123,NULL,'Category',27,NULL,201,202),(124,NULL,'Module',20,NULL,203,204),(125,NULL,'Category',28,NULL,205,206),(126,NULL,'Company',14,NULL,207,208),(127,NULL,'Autoevaluation',1,NULL,209,210),(128,NULL,'Autoevaluation',2,NULL,211,212),(129,NULL,'Autoevaluation',3,NULL,213,214),(130,NULL,'Autoevaluation',4,NULL,215,216),(131,NULL,'Autoevaluation',5,NULL,217,218),(132,NULL,'Autoevaluation',6,NULL,219,220),(133,NULL,'Autoevaluation',7,NULL,221,222),(134,NULL,'Autoevaluation',8,NULL,223,224),(135,NULL,'Autoevaluation',9,NULL,225,226),(136,NULL,'Autoevaluation',10,NULL,227,228),(137,NULL,'Autoevaluation',11,NULL,229,230),(138,NULL,'Autoevaluation',12,NULL,231,232),(139,NULL,'Autoevaluation',13,NULL,233,234),(140,NULL,'Autoevaluation',14,NULL,235,236),(141,NULL,'Autoevaluation',15,NULL,237,238),(142,NULL,'Autoevaluation',16,NULL,239,240),(143,NULL,'Autoevaluation',17,NULL,241,242),(144,NULL,'Autoevaluation',18,NULL,243,244),(145,NULL,'Autoevaluation',19,NULL,245,246),(146,NULL,'Autoevaluationanswer',1,NULL,247,248),(147,NULL,'Autoevaluationanswer',2,NULL,249,250),(148,NULL,'Autoevaluation',20,NULL,251,252),(149,NULL,'Autoevaluationanswer',3,NULL,253,254),(150,NULL,'Autoevaluationanswer',4,NULL,255,256),(151,NULL,'Autoevaluation',21,NULL,257,258),(152,NULL,'Autoevaluationanswer',5,NULL,259,260),(153,NULL,'Autoevaluationanswer',6,NULL,261,262),(154,NULL,'Autoevaluation',22,NULL,263,264),(155,NULL,'Autoevaluationanswer',7,NULL,265,266),(156,NULL,'Autoevaluationanswer',8,NULL,267,268),(157,NULL,'Autoevaluation',23,NULL,269,270),(158,NULL,'Autoevaluationanswer',9,NULL,271,272),(159,NULL,'Autoevaluationanswer',10,NULL,273,274),(160,NULL,'Autoevaluation',24,NULL,275,276),(161,NULL,'Autoevaluationanswer',11,NULL,277,278),(162,NULL,'Autoevaluationanswer',12,NULL,279,280),(163,NULL,'Autoevaluation',25,NULL,281,282),(164,NULL,'Autoevaluationanswer',13,NULL,283,284),(165,NULL,'Autoevaluationanswer',14,NULL,285,286),(166,NULL,'Autoevaluation',26,NULL,287,288),(167,NULL,'Autoevaluationanswer',15,NULL,289,290),(168,NULL,'Autoevaluationanswer',16,NULL,291,292),(169,NULL,'Autoevaluation',27,NULL,293,294),(170,NULL,'Autoevaluation',28,NULL,295,296),(171,NULL,'Autoevaluationanswer',17,NULL,297,298),(172,NULL,'Autoevaluationanswer',18,NULL,299,300),(173,NULL,'Autoevaluation',29,NULL,301,302),(174,NULL,'Autoevaluation',30,NULL,303,304),(175,NULL,'Autoevaluationanswer',19,NULL,305,306),(176,NULL,'Autoevaluationanswer',20,NULL,307,308),(177,NULL,'Autoevaluation',31,NULL,309,310),(178,NULL,'Autoevaluation',32,NULL,311,312),(179,NULL,'Autoevaluationanswer',21,NULL,313,314),(180,NULL,'Autoevaluationanswer',22,NULL,315,316),(181,NULL,'Autoevaluation',5,NULL,317,318),(182,NULL,'Autoevaluation',17,NULL,319,320),(183,NULL,'Autoevaluation',11,NULL,321,322),(184,NULL,'Autoevaluation',7,NULL,323,324),(185,NULL,'Autoevaluation',33,NULL,325,326),(186,NULL,'Autoevaluationanswer',23,NULL,327,328),(187,NULL,'Autoevaluationanswer',24,NULL,329,330),(188,NULL,'Autoevaluation',34,NULL,331,332),(189,NULL,'Autoevaluationanswer',25,NULL,333,334),(190,NULL,'Autoevaluationanswer',26,NULL,335,336),(191,NULL,'Autoevaluation',35,NULL,337,338),(192,NULL,'Autoevaluationanswer',27,NULL,339,340),(193,NULL,'Autoevaluationanswer',28,NULL,341,342),(194,NULL,'Autoevaluation',36,NULL,343,344),(195,NULL,'Autoevaluationanswer',29,NULL,345,346),(196,NULL,'Autoevaluationanswer',30,NULL,347,348),(197,NULL,'Autoevaluation',37,NULL,349,350),(198,NULL,'Autoevaluationanswer',31,NULL,351,352),(199,NULL,'Autoevaluationanswer',32,NULL,353,354),(200,NULL,'Autoevaluation',38,NULL,355,356),(201,NULL,'Autoevaluationanswer',33,NULL,357,358),(202,NULL,'Autoevaluationanswer',34,NULL,359,360),(203,NULL,'Autoevaluation',39,NULL,361,362),(204,NULL,'Autoevaluationanswer',35,NULL,363,364),(205,NULL,'Autoevaluationanswer',36,NULL,365,366),(206,NULL,'Autoevaluation',40,NULL,367,368),(207,NULL,'Autoevaluationanswer',37,NULL,369,370),(208,NULL,'Autoevaluationanswer',38,NULL,371,372),(209,NULL,'Autoevaluation',41,NULL,373,374),(210,NULL,'Autoevaluationanswer',39,NULL,375,376),(211,NULL,'Autoevaluationanswer',40,NULL,377,378),(212,NULL,'Autoevaluation',42,NULL,379,380),(213,NULL,'Autoevaluationanswer',41,NULL,381,382),(214,NULL,'Autoevaluationanswer',42,NULL,383,384),(215,NULL,'Autoevaluation',43,NULL,385,386),(216,NULL,'Autoevaluationanswer',43,NULL,387,388),(217,NULL,'Autoevaluationanswer',44,NULL,389,390),(218,NULL,'Autoevaluation',44,NULL,391,392),(219,NULL,'Autoevaluationanswer',45,NULL,393,394),(220,NULL,'Autoevaluationanswer',46,NULL,395,396),(221,NULL,'Autoevaluation',45,NULL,397,398),(222,NULL,'Autoevaluationanswer',47,NULL,399,400),(223,NULL,'Autoevaluationanswer',48,NULL,401,402),(224,NULL,'Autoevaluation',46,NULL,403,404),(225,NULL,'Autoevaluationanswer',49,NULL,405,406),(226,NULL,'Autoevaluationanswer',50,NULL,407,408),(228,NULL,'Autoevaluationanswer',51,NULL,409,410),(229,NULL,'Autoevaluationanswer',52,NULL,411,412),(230,NULL,'Autoevaluation',48,NULL,413,414),(231,NULL,'Autoevaluationanswer',53,NULL,415,416),(232,NULL,'Autoevaluationanswer',54,NULL,417,418),(233,NULL,'Autoevaluation',49,NULL,419,420),(234,NULL,'Autoevaluationanswer',55,NULL,421,422),(235,NULL,'Autoevaluationanswer',56,NULL,423,424),(236,NULL,'Autoevaluation',50,NULL,425,426),(237,NULL,'Autoevaluationanswer',57,NULL,427,428),(238,NULL,'Autoevaluationanswer',58,NULL,429,430),(239,NULL,'Autoevaluation',51,NULL,431,432),(240,NULL,'Autoevaluationanswer',59,NULL,433,434),(241,NULL,'Autoevaluationanswer',60,NULL,435,436),(242,NULL,'Autoevaluation',52,NULL,437,438),(243,NULL,'Autoevaluationanswer',61,NULL,439,440),(244,NULL,'Autoevaluationanswer',62,NULL,441,442),(245,NULL,'Autoevaluation',53,NULL,443,444),(246,NULL,'Autoevaluationanswer',63,NULL,445,446),(247,NULL,'Autoevaluationanswer',64,NULL,447,448),(248,NULL,'Autoevaluation',54,NULL,449,450),(249,NULL,'Autoevaluationanswer',65,NULL,451,452),(250,NULL,'Autoevaluationanswer',66,NULL,453,454),(251,NULL,'Autoevaluation',55,NULL,455,456),(252,NULL,'Autoevaluationanswer',67,NULL,457,458),(253,NULL,'Autoevaluationanswer',68,NULL,459,460),(254,NULL,'Autoevaluation',56,NULL,461,462),(255,NULL,'Autoevaluationanswer',69,NULL,463,464),(256,NULL,'Autoevaluationanswer',70,NULL,465,466),(257,NULL,'Autoevaluation',57,NULL,467,468),(258,NULL,'Autoevaluationanswer',71,NULL,469,470),(259,NULL,'Autoevaluationanswer',72,NULL,471,472),(260,NULL,'Autoevaluation',58,NULL,473,474),(261,NULL,'Autoevaluationanswer',73,NULL,475,476),(262,NULL,'Autoevaluationanswer',74,NULL,477,478),(263,NULL,'Autoevaluation',59,NULL,479,480),(264,NULL,'Autoevaluationanswer',75,NULL,481,482),(265,NULL,'Autoevaluationanswer',76,NULL,483,484),(266,NULL,'Autoevaluation',60,NULL,485,486),(267,NULL,'Autoevaluationanswer',77,NULL,487,488),(268,NULL,'Autoevaluationanswer',78,NULL,489,490),(269,NULL,'Autoevaluation',61,NULL,491,492),(270,NULL,'Autoevaluationanswer',79,NULL,493,494),(271,NULL,'Autoevaluationanswer',80,NULL,495,496),(272,NULL,'Autoevaluation',62,NULL,497,498),(273,NULL,'Autoevaluationanswer',81,NULL,499,500),(274,NULL,'Autoevaluationanswer',82,NULL,501,502),(275,NULL,'Autoevaluation',63,NULL,503,504),(276,NULL,'Autoevaluationanswer',83,NULL,505,506),(277,NULL,'Autoevaluationanswer',84,NULL,507,508),(278,NULL,'Autoevaluation',64,NULL,509,510),(279,NULL,'Autoevaluationanswer',85,NULL,511,512),(280,NULL,'Autoevaluationanswer',86,NULL,513,514),(281,NULL,'Autoevaluation',65,NULL,515,516),(282,NULL,'Autoevaluationanswer',87,NULL,517,518),(283,NULL,'Autoevaluationanswer',88,NULL,519,520),(284,NULL,'Autoevaluation',66,NULL,521,522),(285,NULL,'Autoevaluationanswer',89,NULL,523,524),(286,NULL,'Autoevaluationanswer',90,NULL,525,526),(287,NULL,'Autoevaluation',67,NULL,527,528),(288,NULL,'Autoevaluationanswer',91,NULL,529,530),(289,NULL,'Autoevaluationanswer',92,NULL,531,532),(290,NULL,'Autoevaluation',68,NULL,533,534),(291,NULL,'Autoevaluationanswer',93,NULL,535,536),(292,NULL,'Autoevaluationanswer',94,NULL,537,538),(293,NULL,'Autoevaluation',69,NULL,539,540),(294,NULL,'Autoevaluationanswer',95,NULL,541,542),(295,NULL,'Autoevaluationanswer',96,NULL,543,544),(296,NULL,'Autoevaluation',70,NULL,545,546),(297,NULL,'Autoevaluationanswer',97,NULL,547,548),(298,NULL,'Autoevaluationanswer',98,NULL,549,550),(299,NULL,'Autoevaluation',71,NULL,551,552),(300,NULL,'Autoevaluationanswer',99,NULL,553,554),(301,NULL,'Autoevaluationanswer',100,NULL,555,556),(302,NULL,'Autoevaluation',72,NULL,557,558),(303,NULL,'Autoevaluationanswer',101,NULL,559,560),(304,NULL,'Autoevaluationanswer',102,NULL,561,562),(305,NULL,'Autoevaluation',73,NULL,563,564),(306,NULL,'Autoevaluationanswer',103,NULL,565,566),(307,NULL,'Autoevaluationanswer',104,NULL,567,568),(308,NULL,'Autoevaluation',74,NULL,569,570),(309,NULL,'Autoevaluationanswer',105,NULL,571,572),(310,NULL,'Autoevaluationanswer',106,NULL,573,574),(312,NULL,'Autoevaluationanswer',107,NULL,575,576),(313,NULL,'Autoevaluationanswer',108,NULL,577,578),(314,NULL,'Autoevaluation',76,NULL,579,580),(315,NULL,'Autoevaluationanswer',109,NULL,581,582),(316,NULL,'Autoevaluationanswer',110,NULL,583,584),(317,NULL,'Autoevaluation',77,NULL,585,586),(318,NULL,'Autoevaluationanswer',111,NULL,587,588),(319,NULL,'Autoevaluationanswer',112,NULL,589,590),(320,NULL,'Autoevaluation',78,NULL,591,592),(321,NULL,'Autoevaluationanswer',113,NULL,593,594),(322,NULL,'Autoevaluationanswer',114,NULL,595,596),(323,NULL,'Autoevaluation',79,NULL,597,598),(324,NULL,'Autoevaluationanswer',115,NULL,599,600),(325,NULL,'Autoevaluationanswer',116,NULL,601,602),(326,NULL,'Autoevaluation',80,NULL,603,604),(327,NULL,'Autoevaluationanswer',117,NULL,605,606),(328,NULL,'Autoevaluationanswer',118,NULL,607,608),(329,NULL,'Autoevaluation',81,NULL,609,610),(330,NULL,'Autoevaluationanswer',119,NULL,611,612),(331,NULL,'Autoevaluationanswer',120,NULL,613,614),(332,NULL,'Autoevaluation',82,NULL,615,616),(333,NULL,'Autoevaluationanswer',121,NULL,617,618),(334,NULL,'Autoevaluationanswer',122,NULL,619,620),(335,NULL,'Autoevaluation',83,NULL,621,622),(336,NULL,'Autoevaluationanswer',123,NULL,623,624),(337,NULL,'Autoevaluationanswer',124,NULL,625,626),(338,NULL,'Autoevaluation',84,NULL,627,628),(339,NULL,'Autoevaluationanswer',125,NULL,629,630),(340,NULL,'Autoevaluationanswer',126,NULL,631,632),(341,NULL,'Autoevaluation',85,NULL,633,634),(342,NULL,'Autoevaluationanswer',127,NULL,635,636),(343,NULL,'Autoevaluationanswer',128,NULL,637,638),(344,NULL,'Autoevaluation',86,NULL,639,640),(345,NULL,'Autoevaluationanswer',129,NULL,641,642),(346,NULL,'Autoevaluationanswer',130,NULL,643,644),(347,NULL,'Autoevaluation',87,NULL,645,646),(348,NULL,'Autoevaluationanswer',131,NULL,647,648),(349,NULL,'Autoevaluationanswer',132,NULL,649,650),(350,NULL,'Autoevaluation',88,NULL,651,652),(351,NULL,'Autoevaluationanswer',133,NULL,653,654),(352,NULL,'Autoevaluationanswer',134,NULL,655,656),(353,NULL,'Autoevaluation',89,NULL,657,658),(354,NULL,'Autoevaluationanswer',135,NULL,659,660),(355,NULL,'Autoevaluationanswer',136,NULL,661,662),(356,NULL,'Autoevaluation',90,NULL,663,664),(357,NULL,'Autoevaluationanswer',137,NULL,665,666),(358,NULL,'Autoevaluationanswer',138,NULL,667,668),(359,NULL,'Autoevaluation',91,NULL,669,670),(360,NULL,'Autoevaluationanswer',139,NULL,671,672),(361,NULL,'Autoevaluationanswer',140,NULL,673,674),(362,NULL,'Autoevaluation',92,NULL,675,676),(363,NULL,'Autoevaluationanswer',141,NULL,677,678),(364,NULL,'Autoevaluationanswer',142,NULL,679,680),(365,NULL,'Autoevaluation',93,NULL,681,682),(366,NULL,'Autoevaluationanswer',143,NULL,683,684),(367,NULL,'Autoevaluationanswer',144,NULL,685,686),(368,NULL,'Autoevaluation',94,NULL,687,688),(369,NULL,'Autoevaluationanswer',145,NULL,689,690),(370,NULL,'Autoevaluationanswer',146,NULL,691,692),(371,NULL,'Autoevaluation',95,NULL,693,694),(372,NULL,'Autoevaluationanswer',147,NULL,695,696),(373,NULL,'Autoevaluationanswer',148,NULL,697,698),(374,NULL,'Autoevaluation',96,NULL,699,700),(375,NULL,'Autoevaluationanswer',149,NULL,701,702),(376,NULL,'Autoevaluationanswer',150,NULL,703,704),(378,NULL,'Autoevaluationanswer',151,NULL,705,706),(379,NULL,'Autoevaluationanswer',152,NULL,707,708),(381,NULL,'Autoevaluationanswer',153,NULL,709,710),(382,NULL,'Autoevaluationanswer',154,NULL,711,712),(384,NULL,'Autoevaluationanswer',155,NULL,713,714),(385,NULL,'Autoevaluationanswer',156,NULL,715,716),(387,NULL,'Autoevaluationanswer',157,NULL,717,718),(388,NULL,'Autoevaluationanswer',158,NULL,719,720),(390,NULL,'Autoevaluationanswer',159,NULL,721,722),(391,NULL,'Autoevaluationanswer',160,NULL,723,724),(393,NULL,'Autoevaluationanswer',161,NULL,725,726),(394,NULL,'Autoevaluationanswer',162,NULL,727,728),(395,NULL,'Category',29,NULL,729,730),(397,NULL,'Autoevaluation',104,NULL,731,732),(398,NULL,'Autoevaluation',105,NULL,733,734),(399,NULL,'Autoevaluationanswer',163,NULL,735,736),(400,NULL,'Autoevaluationanswer',164,NULL,737,738),(401,NULL,'Autoevaluation',106,NULL,739,740),(402,NULL,'Autoevaluationanswer',165,NULL,741,742),(403,NULL,'Autoevaluationanswer',166,NULL,743,744),(404,NULL,'Questionnaire',10,NULL,745,746),(405,NULL,'Section',7,NULL,747,748),(406,NULL,'Section',8,NULL,749,750),(407,NULL,'Section',9,NULL,751,752),(408,NULL,'Section',10,NULL,753,754),(409,NULL,'Section',11,NULL,755,756),(410,NULL,'Question',7,NULL,757,758),(411,NULL,'Question',8,NULL,759,760),(412,NULL,'Question',9,NULL,761,762),(413,NULL,'Question',10,NULL,763,764),(414,NULL,'Question',11,NULL,765,766),(415,NULL,'Question',12,NULL,767,768),(416,NULL,'Question',13,NULL,769,770),(417,NULL,'Question',14,NULL,771,772),(418,NULL,'Question',15,NULL,773,774),(419,NULL,'Question',16,NULL,775,776),(420,NULL,'Question',17,NULL,777,778),(421,NULL,'Question',18,NULL,779,780),(422,NULL,'Question',19,NULL,781,782),(423,NULL,'Question',20,NULL,783,784),(424,NULL,'Question',21,NULL,785,786),(425,NULL,'Question',22,NULL,787,788),(426,NULL,'Question',23,NULL,789,790),(427,NULL,'Question',24,NULL,791,792),(428,NULL,'Question',25,NULL,793,794),(429,NULL,'Question',26,NULL,795,796),(430,NULL,'Question',27,NULL,797,798),(431,NULL,'Question',28,NULL,799,800),(432,NULL,'Question',29,NULL,801,802),(433,NULL,'Question',30,NULL,803,804),(434,NULL,'Question',31,NULL,805,806),(435,NULL,'Question',32,NULL,807,808),(436,NULL,'Question',33,NULL,809,810),(437,NULL,'Question',34,NULL,811,812),(438,NULL,'Question',35,NULL,813,814),(439,NULL,'Answer',4,NULL,815,816),(440,NULL,'Answer',5,NULL,817,818),(441,NULL,'Answer',6,NULL,819,820),(442,NULL,'Answer',7,NULL,821,822),(443,NULL,'Answer',8,NULL,823,824),(445,NULL,'Autoevaluationanswer',167,NULL,825,826),(446,NULL,'Autoevaluationanswer',168,NULL,827,828),(447,NULL,'Autoevaluationanswer',169,NULL,829,830),(448,NULL,'Autoevaluationanswer',170,NULL,831,832),(449,NULL,'Autoevaluationanswer',171,NULL,833,834),(450,NULL,'Autoevaluationanswer',172,NULL,835,836),(451,NULL,'Autoevaluationanswer',173,NULL,837,838),(452,NULL,'Autoevaluationanswer',174,NULL,839,840),(453,NULL,'Autoevaluationanswer',175,NULL,841,842),(454,NULL,'Autoevaluationanswer',176,NULL,843,844),(455,NULL,'Autoevaluationanswer',177,NULL,845,846),(456,NULL,'Autoevaluationanswer',178,NULL,847,848),(457,NULL,'Autoevaluationanswer',179,NULL,849,850),(458,NULL,'Autoevaluationanswer',180,NULL,851,852),(459,NULL,'Autoevaluationanswer',181,NULL,853,854),(460,NULL,'Autoevaluationanswer',182,NULL,855,856),(461,NULL,'Autoevaluationanswer',183,NULL,857,858),(462,NULL,'Autoevaluationanswer',184,NULL,859,860),(463,NULL,'Autoevaluationanswer',185,NULL,861,862),(464,NULL,'Autoevaluationanswer',186,NULL,863,864),(465,NULL,'Autoevaluationanswer',187,NULL,865,866),(466,NULL,'Autoevaluationanswer',188,NULL,867,868),(467,NULL,'Autoevaluationanswer',189,NULL,869,870),(468,NULL,'Autoevaluationanswer',190,NULL,871,872),(469,NULL,'Autoevaluationanswer',191,NULL,873,874),(470,NULL,'Autoevaluationanswer',192,NULL,875,876),(471,NULL,'Autoevaluationanswer',193,NULL,877,878),(472,NULL,'Autoevaluationanswer',194,NULL,879,880),(474,NULL,'Autoevaluationanswer',195,NULL,881,882),(475,NULL,'Autoevaluationanswer',196,NULL,883,884),(476,NULL,'Autoevaluationanswer',197,NULL,885,886),(477,NULL,'Autoevaluationanswer',198,NULL,887,888),(478,NULL,'Autoevaluationanswer',199,NULL,889,890),(479,NULL,'Autoevaluationanswer',200,NULL,891,892),(480,NULL,'Autoevaluationanswer',201,NULL,893,894),(481,NULL,'Autoevaluationanswer',202,NULL,895,896),(482,NULL,'Autoevaluationanswer',203,NULL,897,898),(483,NULL,'Autoevaluationanswer',204,NULL,899,900),(484,NULL,'Autoevaluationanswer',205,NULL,901,902),(485,NULL,'Autoevaluationanswer',206,NULL,903,904),(486,NULL,'Autoevaluationanswer',207,NULL,905,906),(487,NULL,'Autoevaluationanswer',208,NULL,907,908),(488,NULL,'Autoevaluationanswer',209,NULL,909,910),(489,NULL,'Autoevaluationanswer',210,NULL,911,912),(490,NULL,'Autoevaluationanswer',211,NULL,913,914),(491,NULL,'Autoevaluationanswer',212,NULL,915,916),(492,NULL,'Autoevaluationanswer',213,NULL,917,918),(493,NULL,'Autoevaluationanswer',214,NULL,919,920),(494,NULL,'Autoevaluationanswer',215,NULL,921,922),(495,NULL,'Autoevaluationanswer',216,NULL,923,924),(496,NULL,'Autoevaluationanswer',217,NULL,925,926),(497,NULL,'Autoevaluationanswer',218,NULL,927,928),(498,NULL,'Autoevaluationanswer',219,NULL,929,930),(499,NULL,'Autoevaluationanswer',220,NULL,931,932),(500,NULL,'Autoevaluationanswer',221,NULL,933,934),(501,NULL,'Autoevaluationanswer',222,NULL,935,936),(502,NULL,'Autoevaluationanswer',223,NULL,937,938),(504,NULL,'Autoevaluationanswer',224,NULL,939,940),(505,NULL,'Autoevaluationanswer',225,NULL,941,942),(506,NULL,'Autoevaluationanswer',226,NULL,943,944),(507,NULL,'Autoevaluationanswer',227,NULL,945,946),(508,NULL,'Autoevaluationanswer',228,NULL,947,948),(509,NULL,'Autoevaluationanswer',229,NULL,949,950),(510,NULL,'Autoevaluationanswer',230,NULL,951,952),(511,NULL,'Autoevaluationanswer',231,NULL,953,954),(512,NULL,'Autoevaluationanswer',232,NULL,955,956),(513,NULL,'Autoevaluationanswer',233,NULL,957,958),(514,NULL,'Autoevaluationanswer',234,NULL,959,960),(515,NULL,'Autoevaluationanswer',235,NULL,961,962),(516,NULL,'Autoevaluationanswer',236,NULL,963,964),(517,NULL,'Autoevaluationanswer',237,NULL,965,966),(518,NULL,'Autoevaluationanswer',238,NULL,967,968),(519,NULL,'Autoevaluationanswer',239,NULL,969,970),(520,NULL,'Autoevaluationanswer',240,NULL,971,972),(521,NULL,'Autoevaluationanswer',241,NULL,973,974),(522,NULL,'Autoevaluationanswer',242,NULL,975,976),(523,NULL,'Autoevaluationanswer',243,NULL,977,978),(524,NULL,'Autoevaluationanswer',244,NULL,979,980),(525,NULL,'Autoevaluationanswer',245,NULL,981,982),(526,NULL,'Autoevaluationanswer',246,NULL,983,984),(527,NULL,'Autoevaluationanswer',247,NULL,985,986),(528,NULL,'Autoevaluationanswer',248,NULL,987,988),(529,NULL,'Autoevaluationanswer',249,NULL,989,990),(530,NULL,'Autoevaluationanswer',250,NULL,991,992),(531,NULL,'Autoevaluationanswer',251,NULL,993,994),(532,NULL,'Autoevaluationanswer',252,NULL,995,996),(533,NULL,'Nodetype',1,NULL,997,998),(534,NULL,'Nodetype',2,NULL,999,1000),(535,NULL,'Nodetype',3,NULL,1001,1002),(536,NULL,'Nodetype',4,NULL,1003,1004),(537,NULL,'Nodetype',5,NULL,1005,1006),(538,NULL,'Nodetype',6,NULL,1007,1008),(539,NULL,'Nodetype',7,NULL,1009,1010),(540,NULL,'Nodetype',8,NULL,1011,1012),(541,NULL,'Nodetype',9,NULL,1013,1014),(542,NULL,'Nodetype',10,NULL,1015,1016),(543,NULL,'Nodetype',11,NULL,1017,1018),(544,NULL,'Nodetype',12,NULL,1019,1020),(545,NULL,'Nodetype',13,NULL,1021,1022),(546,NULL,'Nodetype',14,NULL,1023,1024),(547,NULL,'Nodetype',15,NULL,1025,1026),(548,NULL,'Category',30,NULL,1027,1028),(549,NULL,'Nodesource',1,NULL,1029,1030),(550,NULL,'Nodesource',2,NULL,1031,1032),(551,NULL,'Nodesource',3,NULL,1033,1034),(552,NULL,'Category',31,NULL,1035,1036),(554,NULL,'Node',0,NULL,1037,1038),(555,NULL,'Node',0,NULL,1039,1040),(556,NULL,'Node',0,NULL,1041,1042),(557,NULL,'Node',1,NULL,1043,1044),(558,NULL,'Node',2,NULL,1045,1046),(559,NULL,'Node',3,NULL,1047,1048),(560,NULL,'Node',4,NULL,1049,1050),(561,NULL,'Node',5,NULL,1051,1052),(564,NULL,'Node',6,NULL,1053,1054),(565,NULL,'Node',7,NULL,1055,1056),(566,NULL,'Node',8,NULL,1057,1058),(567,NULL,'Node',9,NULL,1059,1060),(568,NULL,'Node',10,NULL,1061,1062),(569,NULL,'Node',11,NULL,1063,1064),(570,NULL,'Node',12,NULL,1065,1066),(571,NULL,'Node',13,NULL,1067,1068),(572,NULL,'Node',14,NULL,1069,1070),(573,NULL,'Node',15,NULL,1071,1072),(574,NULL,'Node',16,NULL,1073,1074),(575,NULL,'Node',17,NULL,1075,1076),(576,NULL,'Node',18,NULL,1077,1078),(577,NULL,'Node',19,NULL,1079,1080),(578,NULL,'Node',20,NULL,1081,1082),(579,NULL,'Node',21,NULL,1083,1084),(580,NULL,'Node',22,NULL,1085,1086),(581,NULL,'Node',23,NULL,1087,1088),(582,NULL,'Node',24,NULL,1089,1090),(583,NULL,'Node',25,NULL,1091,1092),(584,NULL,'Node',26,NULL,1093,1094),(585,NULL,'Node',27,NULL,1095,1096),(586,NULL,'Node',28,NULL,1097,1098),(587,NULL,'Nodecompany',0,NULL,1099,1100),(588,NULL,'Node',29,NULL,1101,1102),(589,NULL,'Nodecompany',0,NULL,1103,1104),(590,NULL,'Node',30,NULL,1105,1106),(591,NULL,'Nodecompany',0,NULL,1107,1108),(592,NULL,'Node',31,NULL,1109,1110),(593,NULL,'Nodecompany',0,NULL,1111,1112),(594,NULL,'Node',32,NULL,1113,1114),(595,NULL,'Node',33,NULL,1115,1116),(596,NULL,'Nodecompany',0,NULL,1117,1118),(597,NULL,'Node',34,NULL,1119,1120),(598,NULL,'Node',35,NULL,1121,1122),(599,NULL,'Nodecompany',0,NULL,1123,1124),(600,NULL,'Node',36,NULL,1125,1126),(601,NULL,'Node',37,NULL,1127,1128),(602,NULL,'Nodecompany',0,NULL,1129,1130),(603,NULL,'Node',38,NULL,1131,1132),(604,NULL,'Nodecompany',0,NULL,1133,1134),(605,NULL,'Node',39,NULL,1135,1136),(606,NULL,'Node',40,NULL,1137,1138),(607,NULL,'Nodecompany',0,NULL,1139,1140),(608,NULL,'Node',41,NULL,1141,1142),(609,NULL,'Node',42,NULL,1143,1144),(610,NULL,'Nodecompany',0,NULL,1145,1146),(611,NULL,'Node',43,NULL,1147,1148),(612,NULL,'Node',44,NULL,1149,1150),(613,NULL,'Nodecompany',0,NULL,1151,1152),(614,NULL,'Node',45,NULL,1153,1154),(615,NULL,'Node',46,NULL,1155,1156),(616,NULL,'Nodecompany',0,NULL,1157,1158),(617,NULL,'Node',47,NULL,1159,1160),(618,NULL,'Node',48,NULL,1161,1162),(619,NULL,'Nodecompany',0,NULL,1163,1164),(620,NULL,'Node',49,NULL,1165,1166),(621,NULL,'Node',50,NULL,1167,1168),(622,NULL,'Nodecompany',0,NULL,1169,1170),(623,NULL,'Node',51,NULL,1171,1172),(624,NULL,'Node',52,NULL,1173,1174),(625,NULL,'Nodecompany',0,NULL,1175,1176),(626,NULL,'Node',53,NULL,1177,1178),(627,NULL,'Node',54,NULL,1179,1180),(628,NULL,'Nodecompany',0,NULL,1181,1182),(629,NULL,'Node',55,NULL,1183,1184),(630,NULL,'Node',56,NULL,1185,1186),(631,NULL,'Nodecompany',0,NULL,1187,1188),(632,NULL,'Node',57,NULL,1189,1190),(633,NULL,'Node',58,NULL,1191,1192),(634,NULL,'Nodecompany',0,NULL,1193,1194),(635,NULL,'Node',59,NULL,1195,1196),(636,NULL,'Node',60,NULL,1197,1198),(637,NULL,'Nodecompany',0,NULL,1199,1200),(638,NULL,'Node',61,NULL,1201,1202),(639,NULL,'Node',62,NULL,1203,1204),(640,NULL,'Nodecompany',0,NULL,1205,1206),(641,NULL,'Node',63,NULL,1207,1208),(642,NULL,'Node',64,NULL,1209,1210),(643,NULL,'Nodecompany',0,NULL,1211,1212),(644,NULL,'Node',65,NULL,1213,1214),(646,NULL,'Autoevaluationanswer',253,NULL,1215,1216),(647,NULL,'Autoevaluationanswer',254,NULL,1217,1218),(648,NULL,'Autoevaluationanswer',255,NULL,1219,1220),(649,NULL,'Autoevaluationanswer',256,NULL,1221,1222),(650,NULL,'Autoevaluationanswer',257,NULL,1223,1224),(651,NULL,'Autoevaluationanswer',258,NULL,1225,1226),(652,NULL,'Autoevaluationanswer',259,NULL,1227,1228),(653,NULL,'Autoevaluationanswer',260,NULL,1229,1230),(654,NULL,'Autoevaluationanswer',261,NULL,1231,1232),(655,NULL,'Autoevaluationanswer',262,NULL,1233,1234),(656,NULL,'Autoevaluationanswer',263,NULL,1235,1236),(657,NULL,'Autoevaluationanswer',264,NULL,1237,1238),(658,NULL,'Autoevaluationanswer',265,NULL,1239,1240),(659,NULL,'Autoevaluationanswer',266,NULL,1241,1242),(660,NULL,'Autoevaluationanswer',267,NULL,1243,1244),(661,NULL,'Autoevaluationanswer',268,NULL,1245,1246),(662,NULL,'Autoevaluationanswer',269,NULL,1247,1248),(663,NULL,'Autoevaluationanswer',270,NULL,1249,1250),(664,NULL,'Autoevaluationanswer',271,NULL,1251,1252),(665,NULL,'Autoevaluationanswer',272,NULL,1253,1254),(666,NULL,'Autoevaluationanswer',273,NULL,1255,1256),(667,NULL,'Autoevaluationanswer',274,NULL,1257,1258),(668,NULL,'Autoevaluationanswer',275,NULL,1259,1260),(669,NULL,'Autoevaluationanswer',276,NULL,1261,1262),(670,NULL,'Autoevaluationanswer',277,NULL,1263,1264),(671,NULL,'Autoevaluationanswer',278,NULL,1265,1266),(672,NULL,'Autoevaluationanswer',279,NULL,1267,1268),(673,NULL,'Autoevaluationanswer',280,NULL,1269,1270),(674,NULL,'Autoevaluationanswer',281,NULL,1271,1272),(675,NULL,'Node',66,NULL,1273,1274),(676,NULL,'Nodecompany',0,NULL,1275,1276),(677,NULL,'Node',67,NULL,1277,1278),(678,NULL,'Node',68,NULL,1279,1280),(679,NULL,'Nodecompany',0,NULL,1281,1282),(680,NULL,'Node',69,NULL,1283,1284),(681,NULL,'Node',70,NULL,1285,1286),(682,NULL,'Nodecompany',0,NULL,1287,1288),(683,NULL,'Node',71,NULL,1289,1290),(684,NULL,'Node',72,NULL,1291,1292),(685,NULL,'Nodecompany',0,NULL,1293,1294),(686,NULL,'Node',73,NULL,1295,1296),(687,NULL,'Node',74,NULL,1297,1298),(688,NULL,'Nodecompany',0,NULL,1299,1300),(689,NULL,'Node',75,NULL,1301,1302),(690,NULL,'Node',76,NULL,1303,1304),(691,NULL,'Nodecompany',0,NULL,1305,1306),(692,NULL,'Node',77,NULL,1307,1308),(693,NULL,'Node',78,NULL,1309,1310),(694,NULL,'Nodecompany',0,NULL,1311,1312),(695,NULL,'Node',79,NULL,1313,1314),(696,NULL,'Node',80,NULL,1315,1316),(697,NULL,'Nodecompany',0,NULL,1317,1318),(698,NULL,'Node',81,NULL,1319,1320),(699,NULL,'Node',82,NULL,1321,1322),(700,NULL,'Nodecompany',0,NULL,1323,1324),(701,NULL,'Node',83,NULL,1325,1326),(702,NULL,'Node',84,NULL,1327,1328),(703,NULL,'Nodecompany',0,NULL,1329,1330),(704,NULL,'Node',85,NULL,1331,1332),(705,NULL,'Node',86,NULL,1333,1334),(706,NULL,'Nodecompany',0,NULL,1335,1336),(707,NULL,'Node',87,NULL,1337,1338),(708,NULL,'Node',88,NULL,1339,1340),(709,NULL,'Node',89,NULL,1341,1342),(710,NULL,'Node',90,NULL,1343,1344),(711,NULL,'Nodecompany',0,NULL,1345,1346),(712,NULL,'Node',91,NULL,1347,1348),(713,NULL,'Node',92,NULL,1349,1350),(714,NULL,'Node',93,NULL,1351,1352),(715,NULL,'Node',94,NULL,1353,1354),(716,NULL,'Node',95,NULL,1355,1356),(717,NULL,'Node',96,NULL,1357,1358),(718,NULL,'Nodecompany',0,NULL,1359,1360),(719,NULL,'Node',97,NULL,1361,1362),(720,NULL,'Node',98,NULL,1363,1364),(721,NULL,'Nodecompany',0,NULL,1365,1366),(722,NULL,'Node',99,NULL,1367,1368),(723,NULL,'Node',101,NULL,1369,1370),(724,NULL,'Nodecompany',0,NULL,1371,1372),(725,NULL,'Node',102,NULL,1373,1374),(726,NULL,'Node',103,NULL,1375,1376),(727,NULL,'Nodecompany',0,NULL,1377,1378),(728,NULL,'Node',104,NULL,1379,1380),(729,NULL,'Node',105,NULL,1381,1382),(730,NULL,'Nodecompany',0,NULL,1383,1384),(731,NULL,'Node',106,NULL,1385,1386),(732,NULL,'Node',107,NULL,1387,1388),(733,NULL,'Nodecompany',0,NULL,1389,1390),(734,NULL,'Node',108,NULL,1391,1392),(735,NULL,'Node',1,NULL,1393,1394),(736,NULL,'Nodecompany',0,NULL,1395,1396),(737,NULL,'Node',2,NULL,1397,1398),(738,NULL,'Node',3,NULL,1399,1400),(739,NULL,'Nodecompany',0,NULL,1401,1402),(740,NULL,'Autoevaluationanswer',110,NULL,1403,1404),(741,NULL,'Autoevaluationanswer',19,NULL,1405,1406),(742,NULL,'Autoevaluationanswer',63,NULL,1407,1408),(743,NULL,'Node',4,NULL,1409,1410),(744,NULL,'Node',5,NULL,1411,1412),(745,NULL,'Nodecompany',0,NULL,1413,1414),(746,NULL,'Node',6,NULL,1415,1416),(747,NULL,'Node',7,NULL,1417,1418),(748,NULL,'Nodecompany',0,NULL,1419,1420),(749,NULL,'Node',8,NULL,1421,1422),(750,NULL,'Node',9,NULL,1423,1424),(751,NULL,'Node',10,NULL,1425,1426),(752,NULL,'Node',11,NULL,1427,1428),(754,NULL,'Autoevaluationanswer',282,NULL,1429,1430),(755,NULL,'Autoevaluationanswer',283,NULL,1431,1432),(756,NULL,'Autoevaluationanswer',284,NULL,1433,1434),(757,NULL,'Autoevaluationanswer',285,NULL,1435,1436),(758,NULL,'Autoevaluationanswer',286,NULL,1437,1438),(759,NULL,'Autoevaluationanswer',287,NULL,1439,1440),(760,NULL,'Autoevaluationanswer',288,NULL,1441,1442),(761,NULL,'Autoevaluationanswer',289,NULL,1443,1444),(762,NULL,'Autoevaluationanswer',290,NULL,1445,1446),(763,NULL,'Autoevaluationanswer',291,NULL,1447,1448),(764,NULL,'Autoevaluationanswer',292,NULL,1449,1450),(765,NULL,'Autoevaluationanswer',293,NULL,1451,1452),(766,NULL,'Autoevaluationanswer',294,NULL,1453,1454),(767,NULL,'Autoevaluationanswer',295,NULL,1455,1456),(768,NULL,'Autoevaluationanswer',296,NULL,1457,1458),(769,NULL,'Autoevaluationanswer',297,NULL,1459,1460),(770,NULL,'Autoevaluationanswer',298,NULL,1461,1462),(771,NULL,'Autoevaluationanswer',299,NULL,1463,1464),(772,NULL,'Autoevaluationanswer',300,NULL,1465,1466),(773,NULL,'Autoevaluationanswer',301,NULL,1467,1468),(774,NULL,'Autoevaluationanswer',302,NULL,1469,1470),(775,NULL,'Autoevaluationanswer',303,NULL,1471,1472),(776,NULL,'Autoevaluationanswer',304,NULL,1473,1474),(777,NULL,'Autoevaluationanswer',305,NULL,1475,1476),(778,NULL,'Autoevaluationanswer',306,NULL,1477,1478),(779,NULL,'Autoevaluationanswer',307,NULL,1479,1480),(780,NULL,'Autoevaluationanswer',308,NULL,1481,1482),(781,NULL,'Autoevaluationanswer',309,NULL,1483,1484),(782,NULL,'Autoevaluationanswer',310,NULL,1485,1486),(783,NULL,'Node',12,NULL,1487,1488),(784,NULL,'Nodecompany',0,NULL,1489,1490),(785,NULL,'Autoevaluationanswer',111,NULL,1491,1492),(786,NULL,'Autoevaluationanswer',8,NULL,1493,1494),(787,NULL,'Autoevaluationanswer',7,NULL,1495,1496),(788,NULL,'Node',13,NULL,1497,1498),(789,NULL,'Node',14,NULL,1499,1500),(790,NULL,'Node',15,NULL,1501,1502),(791,NULL,'Node',16,NULL,1503,1504),(792,NULL,'Node',17,NULL,1505,1506),(793,NULL,'Node',18,NULL,1507,1508),(794,NULL,'Node',19,NULL,1509,1510),(796,NULL,'Autoevaluationanswer',311,NULL,1511,1512),(797,NULL,'Autoevaluationanswer',312,NULL,1513,1514),(798,NULL,'Autoevaluationanswer',313,NULL,1515,1516),(799,NULL,'Autoevaluationanswer',314,NULL,1517,1518),(800,NULL,'Autoevaluationanswer',315,NULL,1519,1520),(801,NULL,'Autoevaluationanswer',316,NULL,1521,1522),(802,NULL,'Autoevaluationanswer',317,NULL,1523,1524),(803,NULL,'Autoevaluationanswer',318,NULL,1525,1526),(804,NULL,'Autoevaluationanswer',319,NULL,1527,1528),(805,NULL,'Autoevaluationanswer',320,NULL,1529,1530),(806,NULL,'Autoevaluationanswer',321,NULL,1531,1532),(807,NULL,'Autoevaluationanswer',322,NULL,1533,1534),(808,NULL,'Autoevaluationanswer',323,NULL,1535,1536),(809,NULL,'Autoevaluationanswer',324,NULL,1537,1538),(810,NULL,'Autoevaluationanswer',325,NULL,1539,1540),(811,NULL,'Autoevaluationanswer',326,NULL,1541,1542),(812,NULL,'Autoevaluationanswer',327,NULL,1543,1544),(813,NULL,'Autoevaluationanswer',328,NULL,1545,1546),(814,NULL,'Autoevaluationanswer',329,NULL,1547,1548),(815,NULL,'Autoevaluationanswer',330,NULL,1549,1550),(816,NULL,'Autoevaluationanswer',331,NULL,1551,1552),(817,NULL,'Autoevaluationanswer',332,NULL,1553,1554),(818,NULL,'Autoevaluationanswer',333,NULL,1555,1556),(819,NULL,'Autoevaluationanswer',334,NULL,1557,1558),(820,NULL,'Autoevaluationanswer',335,NULL,1559,1560),(821,NULL,'Autoevaluationanswer',336,NULL,1561,1562),(822,NULL,'Autoevaluationanswer',337,NULL,1563,1564),(823,NULL,'Autoevaluationanswer',338,NULL,1565,1566),(824,NULL,'Autoevaluationanswer',339,NULL,1567,1568),(826,NULL,'Autoevaluationanswer',340,NULL,1569,1570),(827,NULL,'Autoevaluationanswer',341,NULL,1571,1572),(828,NULL,'Autoevaluationanswer',342,NULL,1573,1574),(829,NULL,'Autoevaluationanswer',343,NULL,1575,1576),(830,NULL,'Autoevaluationanswer',344,NULL,1577,1578),(831,NULL,'Autoevaluationanswer',345,NULL,1579,1580),(832,NULL,'Autoevaluationanswer',346,NULL,1581,1582),(833,NULL,'Autoevaluationanswer',347,NULL,1583,1584),(834,NULL,'Autoevaluationanswer',348,NULL,1585,1586),(835,NULL,'Autoevaluationanswer',349,NULL,1587,1588),(836,NULL,'Autoevaluationanswer',350,NULL,1589,1590),(837,NULL,'Autoevaluationanswer',351,NULL,1591,1592),(838,NULL,'Autoevaluationanswer',352,NULL,1593,1594),(839,NULL,'Autoevaluationanswer',353,NULL,1595,1596),(840,NULL,'Autoevaluationanswer',354,NULL,1597,1598),(841,NULL,'Autoevaluationanswer',355,NULL,1599,1600),(842,NULL,'Autoevaluationanswer',356,NULL,1601,1602),(843,NULL,'Autoevaluationanswer',357,NULL,1603,1604),(844,NULL,'Autoevaluationanswer',358,NULL,1605,1606),(845,NULL,'Autoevaluationanswer',359,NULL,1607,1608),(846,NULL,'Autoevaluationanswer',360,NULL,1609,1610),(847,NULL,'Autoevaluationanswer',361,NULL,1611,1612),(848,NULL,'Autoevaluationanswer',362,NULL,1613,1614),(849,NULL,'Autoevaluationanswer',363,NULL,1615,1616),(850,NULL,'Autoevaluationanswer',364,NULL,1617,1618),(851,NULL,'Autoevaluationanswer',365,NULL,1619,1620),(852,NULL,'Autoevaluationanswer',366,NULL,1621,1622),(853,NULL,'Autoevaluationanswer',367,NULL,1623,1624),(854,NULL,'Autoevaluationanswer',368,NULL,1625,1626),(855,NULL,'Node',20,NULL,1627,1628),(856,NULL,'Nodecompany',0,NULL,1629,1630),(857,NULL,'Autoevaluationanswer',113,NULL,1631,1632),(858,NULL,'Node',21,NULL,1633,1634),(859,NULL,'Node',22,NULL,1635,1636),(860,NULL,'Node',23,NULL,1637,1638),(861,NULL,'Node',24,NULL,1639,1640),(862,NULL,'Node',25,NULL,1641,1642),(863,NULL,'Node',26,NULL,1643,1644),(864,NULL,'Node',27,NULL,1645,1646),(866,NULL,'Autoevaluationanswer',369,NULL,1647,1648),(867,NULL,'Autoevaluationanswer',370,NULL,1649,1650),(868,NULL,'Autoevaluationanswer',371,NULL,1651,1652),(869,NULL,'Autoevaluationanswer',372,NULL,1653,1654),(870,NULL,'Autoevaluationanswer',373,NULL,1655,1656),(871,NULL,'Autoevaluationanswer',374,NULL,1657,1658),(872,NULL,'Autoevaluationanswer',375,NULL,1659,1660),(873,NULL,'Autoevaluationanswer',376,NULL,1661,1662),(874,NULL,'Autoevaluationanswer',377,NULL,1663,1664),(875,NULL,'Autoevaluationanswer',378,NULL,1665,1666),(876,NULL,'Autoevaluationanswer',379,NULL,1667,1668),(877,NULL,'Autoevaluationanswer',380,NULL,1669,1670),(878,NULL,'Autoevaluationanswer',381,NULL,1671,1672),(879,NULL,'Autoevaluationanswer',382,NULL,1673,1674),(880,NULL,'Autoevaluationanswer',383,NULL,1675,1676),(881,NULL,'Autoevaluationanswer',384,NULL,1677,1678),(882,NULL,'Autoevaluationanswer',385,NULL,1679,1680),(883,NULL,'Autoevaluationanswer',386,NULL,1681,1682),(884,NULL,'Autoevaluationanswer',387,NULL,1683,1684),(885,NULL,'Autoevaluationanswer',388,NULL,1685,1686),(886,NULL,'Autoevaluationanswer',389,NULL,1687,1688),(887,NULL,'Autoevaluationanswer',390,NULL,1689,1690),(888,NULL,'Autoevaluationanswer',391,NULL,1691,1692),(889,NULL,'Autoevaluationanswer',392,NULL,1693,1694),(890,NULL,'Autoevaluationanswer',393,NULL,1695,1696),(891,NULL,'Autoevaluationanswer',394,NULL,1697,1698),(892,NULL,'Autoevaluationanswer',395,NULL,1699,1700),(893,NULL,'Autoevaluationanswer',396,NULL,1701,1702),(894,NULL,'Autoevaluationanswer',397,NULL,1703,1704),(896,NULL,'Autoevaluationanswer',398,NULL,1705,1706),(897,NULL,'Autoevaluationanswer',399,NULL,1707,1708),(898,NULL,'Autoevaluationanswer',400,NULL,1709,1710),(899,NULL,'Autoevaluationanswer',401,NULL,1711,1712),(900,NULL,'Autoevaluationanswer',402,NULL,1713,1714),(901,NULL,'Autoevaluationanswer',403,NULL,1715,1716),(902,NULL,'Autoevaluationanswer',404,NULL,1717,1718),(903,NULL,'Autoevaluationanswer',405,NULL,1719,1720),(904,NULL,'Autoevaluationanswer',406,NULL,1721,1722),(905,NULL,'Autoevaluationanswer',407,NULL,1723,1724),(906,NULL,'Autoevaluationanswer',408,NULL,1725,1726),(907,NULL,'Autoevaluationanswer',409,NULL,1727,1728),(908,NULL,'Autoevaluationanswer',410,NULL,1729,1730),(909,NULL,'Autoevaluationanswer',411,NULL,1731,1732),(910,NULL,'Node',28,NULL,1733,1734),(911,NULL,'Nodecompany',0,NULL,1735,1736),(912,NULL,'Autoevaluationanswer',115,NULL,1737,1738),(913,NULL,'Autoevaluationanswer',11,NULL,1739,1740),(914,NULL,'Autoevaluationanswer',22,NULL,1741,1742),(915,NULL,'Node',29,NULL,1743,1744),(916,NULL,'Node',30,NULL,1745,1746),(917,NULL,'Node',31,NULL,1747,1748),(918,NULL,'Node',32,NULL,1749,1750),(919,NULL,'Node',33,NULL,1751,1752),(920,NULL,'Nodecompany',0,NULL,1753,1754),(921,NULL,'Node',34,NULL,1755,1756),(922,NULL,'Node',35,NULL,1757,1758),(923,NULL,'Node',36,NULL,1759,1760),(924,NULL,'Node',37,NULL,1761,1762),(925,NULL,'Node',38,NULL,1763,1764),(926,NULL,'Nodecompany',0,NULL,1765,1766),(927,NULL,'Autoevaluationanswer',114,NULL,1767,1768),(928,NULL,'Node',39,NULL,1769,1770),(929,NULL,'Node',40,NULL,1771,1772),(930,NULL,'Node',41,NULL,1773,1774),(931,NULL,'Node',42,NULL,1775,1776),(932,NULL,'Node',43,NULL,1777,1778),(933,NULL,'Node',44,NULL,1779,1780),(934,NULL,'Node',45,NULL,1781,1782),(935,NULL,'Autoevaluation',116,NULL,1783,1784),(936,NULL,'Autoevaluationanswer',412,NULL,1785,1786),(937,NULL,'Autoevaluationanswer',413,NULL,1787,1788),(938,NULL,'Autoevaluationanswer',414,NULL,1789,1790),(939,NULL,'Autoevaluationanswer',415,NULL,1791,1792),(940,NULL,'Autoevaluationanswer',416,NULL,1793,1794),(941,NULL,'Autoevaluationanswer',417,NULL,1795,1796),(942,NULL,'Autoevaluationanswer',418,NULL,1797,1798),(943,NULL,'Autoevaluationanswer',419,NULL,1799,1800),(944,NULL,'Autoevaluationanswer',420,NULL,1801,1802),(945,NULL,'Autoevaluationanswer',421,NULL,1803,1804),(946,NULL,'Autoevaluationanswer',422,NULL,1805,1806),(947,NULL,'Autoevaluationanswer',423,NULL,1807,1808),(948,NULL,'Autoevaluationanswer',424,NULL,1809,1810),(949,NULL,'Autoevaluationanswer',425,NULL,1811,1812),(950,NULL,'Autoevaluationanswer',426,NULL,1813,1814),(951,NULL,'Autoevaluationanswer',427,NULL,1815,1816),(952,NULL,'Autoevaluationanswer',428,NULL,1817,1818),(953,NULL,'Autoevaluationanswer',429,NULL,1819,1820),(954,NULL,'Autoevaluationanswer',430,NULL,1821,1822),(955,NULL,'Autoevaluationanswer',431,NULL,1823,1824),(956,NULL,'Autoevaluationanswer',432,NULL,1825,1826),(957,NULL,'Autoevaluationanswer',433,NULL,1827,1828),(958,NULL,'Autoevaluationanswer',434,NULL,1829,1830),(959,NULL,'Autoevaluationanswer',435,NULL,1831,1832),(960,NULL,'Autoevaluationanswer',436,NULL,1833,1834),(961,NULL,'Autoevaluationanswer',437,NULL,1835,1836),(962,NULL,'Autoevaluationanswer',438,NULL,1837,1838),(963,NULL,'Autoevaluationanswer',439,NULL,1839,1840),(964,NULL,'Autoevaluationanswer',440,NULL,1841,1842),(965,NULL,'Node',46,NULL,1843,1844),(966,NULL,'Nodecompany',0,NULL,1845,1846),(967,NULL,'Autoevaluationanswer',116,NULL,1847,1848),(968,NULL,'Node',47,NULL,1849,1850),(969,NULL,'Node',48,NULL,1851,1852),(970,NULL,'Node',49,NULL,1853,1854),(971,NULL,'Node',50,NULL,1855,1856),(972,NULL,'Node',51,NULL,1857,1858),(973,NULL,'Node',52,NULL,1859,1860),(974,NULL,'Node',53,NULL,1861,1862),(975,NULL,'Company',15,NULL,1863,1864),(976,51,'User',21,NULL,100,101),(977,NULL,'Autoevaluation',117,NULL,1865,1866),(978,NULL,'Autoevaluationanswer',441,NULL,1867,1868),(979,NULL,'Autoevaluationanswer',442,NULL,1869,1870),(980,NULL,'Autoevaluationanswer',443,NULL,1871,1872),(981,NULL,'Autoevaluationanswer',444,NULL,1873,1874),(982,NULL,'Autoevaluationanswer',445,NULL,1875,1876),(983,NULL,'Autoevaluationanswer',446,NULL,1877,1878),(984,NULL,'Autoevaluationanswer',447,NULL,1879,1880),(985,NULL,'Autoevaluationanswer',448,NULL,1881,1882),(986,NULL,'Autoevaluationanswer',449,NULL,1883,1884),(987,NULL,'Autoevaluationanswer',450,NULL,1885,1886),(988,NULL,'Autoevaluationanswer',451,NULL,1887,1888),(989,NULL,'Autoevaluationanswer',452,NULL,1889,1890),(990,NULL,'Autoevaluationanswer',453,NULL,1891,1892),(991,NULL,'Autoevaluationanswer',454,NULL,1893,1894),(992,NULL,'Autoevaluationanswer',455,NULL,1895,1896),(993,NULL,'Autoevaluationanswer',456,NULL,1897,1898),(994,NULL,'Autoevaluationanswer',457,NULL,1899,1900),(995,NULL,'Autoevaluationanswer',458,NULL,1901,1902),(996,NULL,'Autoevaluationanswer',459,NULL,1903,1904),(997,NULL,'Autoevaluationanswer',460,NULL,1905,1906),(998,NULL,'Autoevaluationanswer',461,NULL,1907,1908),(999,NULL,'Autoevaluationanswer',462,NULL,1909,1910),(1000,NULL,'Autoevaluationanswer',463,NULL,1911,1912),(1001,NULL,'Autoevaluationanswer',464,NULL,1913,1914),(1002,NULL,'Autoevaluationanswer',465,NULL,1915,1916),(1003,NULL,'Autoevaluationanswer',466,NULL,1917,1918),(1004,NULL,'Autoevaluationanswer',467,NULL,1919,1920),(1005,NULL,'Autoevaluationanswer',468,NULL,1921,1922),(1006,NULL,'Autoevaluationanswer',469,NULL,1923,1924),(1008,NULL,'Autoevaluationanswer',470,NULL,1925,1926),(1009,NULL,'Autoevaluationanswer',471,NULL,1927,1928),(1010,NULL,'Autoevaluationanswer',472,NULL,1929,1930),(1011,NULL,'Autoevaluationanswer',473,NULL,1931,1932),(1012,NULL,'Autoevaluationanswer',474,NULL,1933,1934),(1013,NULL,'Autoevaluationanswer',475,NULL,1935,1936),(1014,NULL,'Autoevaluationanswer',476,NULL,1937,1938),(1015,NULL,'Autoevaluationanswer',477,NULL,1939,1940),(1016,NULL,'Autoevaluationanswer',478,NULL,1941,1942),(1017,NULL,'Autoevaluationanswer',479,NULL,1943,1944),(1018,NULL,'Autoevaluationanswer',480,NULL,1945,1946),(1019,NULL,'Autoevaluationanswer',481,NULL,1947,1948),(1020,NULL,'Autoevaluationanswer',482,NULL,1949,1950),(1021,NULL,'Autoevaluationanswer',483,NULL,1951,1952),(1022,NULL,'Autoevaluationanswer',484,NULL,1953,1954),(1023,NULL,'Autoevaluationanswer',485,NULL,1955,1956),(1024,NULL,'Autoevaluationanswer',486,NULL,1957,1958),(1025,NULL,'Autoevaluationanswer',487,NULL,1959,1960),(1026,NULL,'Autoevaluationanswer',488,NULL,1961,1962),(1027,NULL,'Autoevaluationanswer',489,NULL,1963,1964),(1028,NULL,'Autoevaluationanswer',490,NULL,1965,1966),(1029,NULL,'Autoevaluationanswer',491,NULL,1967,1968),(1030,NULL,'Autoevaluationanswer',492,NULL,1969,1970),(1031,NULL,'Autoevaluationanswer',493,NULL,1971,1972),(1032,NULL,'Autoevaluationanswer',494,NULL,1973,1974),(1033,NULL,'Autoevaluationanswer',495,NULL,1975,1976),(1034,NULL,'Autoevaluationanswer',496,NULL,1977,1978),(1035,NULL,'Autoevaluationanswer',497,NULL,1979,1980),(1036,NULL,'Autoevaluationanswer',498,NULL,1981,1982),(1037,NULL,'Node',54,NULL,1983,1984),(1038,NULL,'Nodecompany',0,NULL,1985,1986),(1039,NULL,'Autoevaluationanswer',118,NULL,1987,1988),(1040,NULL,'Node',55,NULL,1989,1990),(1041,NULL,'Node',56,NULL,1991,1992),(1042,NULL,'Node',57,NULL,1993,1994),(1043,NULL,'Node',58,NULL,1995,1996),(1044,NULL,'Node',59,NULL,1997,1998),(1045,NULL,'Node',60,NULL,1999,2000),(1046,NULL,'Node',61,NULL,2001,2002),(1047,NULL,'Node',62,NULL,2003,2004),(1048,NULL,'Node',63,NULL,2005,2006),(1052,NULL,'Node',4,NULL,2007,2008),(1053,NULL,'Node',5,NULL,2009,2010),(1054,NULL,'Node',6,NULL,2011,2012),(1055,NULL,'Node',7,NULL,2013,2014),(1056,NULL,'Nodecompany',0,NULL,2015,2016),(1058,NULL,'Node',9,NULL,2017,2018),(1059,NULL,'Nodecompany',0,NULL,2019,2020),(1061,NULL,'Node',11,NULL,2021,2022),(1062,NULL,'Node',12,NULL,2023,2024),(1063,NULL,'Nodecompany',0,NULL,2025,2026),(1065,NULL,'Node',14,NULL,2027,2028),(1066,NULL,'Nodecompany',0,NULL,2029,2030),(1067,NULL,'Node',15,NULL,2031,2032),(1068,NULL,'Nodecompany',0,NULL,2033,2034),(1069,NULL,'Node',16,NULL,2035,2036),(1070,NULL,'Nodecompany',0,NULL,2037,2038),(1072,NULL,'Node',17,NULL,2039,2040),(1073,NULL,'Nodecompany',0,NULL,2041,2042),(1075,NULL,'Node',18,NULL,2043,2044),(1076,NULL,'Nodecompany',0,NULL,2045,2046),(1078,NULL,'Node',19,NULL,2047,2048),(1079,NULL,'Nodecompany',0,NULL,2049,2050),(1080,NULL,'Node',20,NULL,2051,2052),(1081,NULL,'Nodecompany',0,NULL,2053,2054),(1083,NULL,'Nodecompany',0,NULL,2055,2056),(1085,NULL,'Nodecompany',0,NULL,2057,2058),(1087,NULL,'Nodecompany',0,NULL,2059,2060),(1089,NULL,'Nodestatus',1,NULL,2061,2062),(1090,NULL,'Nodestatus',2,NULL,2063,2064),(1091,NULL,'Nodestatus',3,NULL,2065,2066),(1093,NULL,'Autoevaluationanswer',499,NULL,2067,2068),(1094,NULL,'Autoevaluationanswer',500,NULL,2069,2070),(1095,NULL,'Autoevaluationanswer',501,NULL,2071,2072),(1096,NULL,'Autoevaluationanswer',502,NULL,2073,2074),(1097,NULL,'Autoevaluationanswer',503,NULL,2075,2076),(1098,NULL,'Autoevaluationanswer',504,NULL,2077,2078),(1099,NULL,'Autoevaluationanswer',505,NULL,2079,2080),(1100,NULL,'Autoevaluationanswer',506,NULL,2081,2082),(1101,NULL,'Autoevaluationanswer',507,NULL,2083,2084),(1102,NULL,'Autoevaluationanswer',508,NULL,2085,2086),(1103,NULL,'Autoevaluationanswer',509,NULL,2087,2088),(1104,NULL,'Autoevaluationanswer',510,NULL,2089,2090),(1105,NULL,'Autoevaluationanswer',511,NULL,2091,2092),(1106,NULL,'Autoevaluationanswer',512,NULL,2093,2094),(1108,NULL,'Nodecompany',0,NULL,2095,2096),(1109,NULL,'Autoevaluationanswer',119,NULL,2097,2098),(1112,NULL,'Node',27,NULL,2099,2100),(1115,NULL,'Nodecompany',0,NULL,2101,2102),(1117,NULL,'Nodecompany',0,NULL,2103,2104),(1119,NULL,'Nodecompany',0,NULL,2105,2106),(1120,NULL,'Autoevaluation',120,NULL,2107,2108),(1121,NULL,'Autoevaluationanswer',513,NULL,2109,2110),(1122,NULL,'Autoevaluationanswer',514,NULL,2111,2112),(1123,NULL,'Autoevaluationanswer',515,NULL,2113,2114),(1124,NULL,'Autoevaluationanswer',516,NULL,2115,2116),(1125,NULL,'Autoevaluationanswer',517,NULL,2117,2118),(1126,NULL,'Autoevaluationanswer',518,NULL,2119,2120),(1127,NULL,'Autoevaluationanswer',519,NULL,2121,2122),(1128,NULL,'Autoevaluationanswer',520,NULL,2123,2124),(1129,NULL,'Autoevaluationanswer',521,NULL,2125,2126),(1130,NULL,'Autoevaluationanswer',522,NULL,2127,2128),(1131,NULL,'Autoevaluationanswer',523,NULL,2129,2130),(1132,NULL,'Autoevaluationanswer',524,NULL,2131,2132),(1134,NULL,'Nodecompany',0,NULL,2133,2134),(1135,NULL,'Autoevaluationanswer',120,NULL,2135,2136),(1136,NULL,'Autoevaluationanswer',4,NULL,2137,2138),(1137,NULL,'Node',33,NULL,2139,2140),(1138,NULL,'Node',34,NULL,2141,2142),(1139,NULL,'Node',35,NULL,2143,2144),(1140,NULL,'Node',36,NULL,2145,2146),(1141,NULL,'Node',37,NULL,2147,2148),(1142,NULL,'Node',38,NULL,2149,2150),(1144,NULL,'Node',40,NULL,2151,2152),(1145,NULL,'Node',41,NULL,2153,2154),(1147,NULL,'Node',43,NULL,2155,2156),(1149,NULL,'Nodecompany',0,NULL,2157,2158),(1151,NULL,'Nodecompany',0,NULL,2159,2160),(1152,NULL,'Autoevaluation',121,NULL,2161,2162),(1153,NULL,'Autoevaluationanswer',525,NULL,2163,2164),(1154,NULL,'Autoevaluationanswer',526,NULL,2165,2166),(1155,NULL,'Autoevaluationanswer',527,NULL,2167,2168),(1156,NULL,'Autoevaluationanswer',528,NULL,2169,2170),(1157,NULL,'Autoevaluationanswer',529,NULL,2171,2172),(1159,NULL,'Nodecompany',0,NULL,2173,2174),(1160,NULL,'Autoevaluationanswer',121,NULL,2175,2176),(1161,NULL,'Autoevaluationanswer',2,NULL,2177,2178),(1163,NULL,'Node',48,NULL,2179,2180),(1164,NULL,'Node',49,NULL,2181,2182),(1165,NULL,'Node',50,NULL,2183,2184),(1167,NULL,'Nodecompany',0,NULL,2185,2186),(1170,NULL,'Autoevaluationanswer',530,NULL,2187,2188),(1171,NULL,'Autoevaluationanswer',531,NULL,2189,2190),(1172,NULL,'Autoevaluationanswer',532,NULL,2191,2192),(1173,NULL,'Autoevaluationanswer',533,NULL,2193,2194),(1174,NULL,'Autoevaluationanswer',534,NULL,2195,2196),(1175,NULL,'Autoevaluationanswer',535,NULL,2197,2198),(1176,NULL,'Autoevaluationanswer',536,NULL,2199,2200),(1177,NULL,'Autoevaluationanswer',537,NULL,2201,2202),(1178,NULL,'Autoevaluationanswer',538,NULL,2203,2204),(1179,NULL,'Autoevaluationanswer',539,NULL,2205,2206),(1180,NULL,'Autoevaluationanswer',540,NULL,2207,2208),(1181,NULL,'Autoevaluationanswer',541,NULL,2209,2210),(1182,NULL,'Autoevaluation',123,NULL,2211,2212),(1183,NULL,'Autoevaluationanswer',542,NULL,2213,2214),(1184,NULL,'Autoevaluationanswer',543,NULL,2215,2216),(1185,NULL,'Autoevaluationanswer',544,NULL,2217,2218),(1186,NULL,'Node',52,NULL,2219,2220),(1187,NULL,'Node',53,NULL,2221,2222),(1188,NULL,'Autoevaluation',124,NULL,2223,2224),(1189,NULL,'Autoevaluationanswer',545,NULL,2225,2226),(1190,NULL,'Autoevaluationanswer',546,NULL,2227,2228),(1191,NULL,'Node',54,NULL,2229,2230),(1192,NULL,'Autoevaluationanswer',124,NULL,2231,2232),(1193,NULL,'Node',55,NULL,2233,2234),(1194,NULL,'Autoevaluation',125,NULL,2235,2236),(1195,NULL,'Autoevaluationanswer',547,NULL,2237,2238),(1196,NULL,'Autoevaluationanswer',548,NULL,2239,2240),(1197,NULL,'Autoevaluationanswer',549,NULL,2241,2242),(1198,NULL,'Autoevaluationanswer',550,NULL,2243,2244),(1199,NULL,'Node',56,NULL,2245,2246),(1200,NULL,'Autoevaluationanswer',125,NULL,2247,2248),(1201,NULL,'Node',57,NULL,2249,2250),(1204,NULL,'Category',32,NULL,2251,2252),(1205,NULL,'Nodenode',0,NULL,2253,2254),(1206,NULL,'Nodenode',0,NULL,2255,2256),(1207,NULL,'Nodenode',0,NULL,2257,2258),(1208,NULL,'Nodenode',0,NULL,2259,2260),(1209,NULL,'Node',60,NULL,2261,2262),(1210,NULL,'Nodenode',0,NULL,2263,2264),(1211,NULL,'Nodenode',0,NULL,2265,2266),(1212,NULL,'Nodenode',0,NULL,2267,2268),(1213,NULL,'Nodenode',0,NULL,2269,2270),(1214,NULL,'Nodenode',0,NULL,2271,2272),(1216,NULL,'Nodecompany',0,NULL,2273,2274),(1217,NULL,'Nodenode',0,NULL,2275,2276),(1219,NULL,'Nodecompany',0,NULL,2277,2278),(1220,NULL,'Nodenode',0,NULL,2279,2280),(1221,NULL,'Node',63,NULL,2281,2282),(1222,NULL,'Nodecompany',0,NULL,2283,2284),(1223,NULL,'Nodenode',0,NULL,2285,2286),(1224,NULL,'Nodenode',0,NULL,2287,2288),(1225,NULL,'Nodenode',0,NULL,2289,2290),(1226,NULL,'Nodenode',0,NULL,2291,2292),(1227,NULL,'Node',64,NULL,2293,2294),(1228,NULL,'Nodecompany',0,NULL,2295,2296),(1229,NULL,'Nodenode',0,NULL,2297,2298),(1231,NULL,'Nodecompany',0,NULL,2299,2300),(1232,NULL,'Node',66,NULL,2301,2302),(1233,NULL,'Nodecompany',0,NULL,2303,2304),(1234,NULL,'Nodenode',0,NULL,2305,2306),(1235,NULL,'Node',67,NULL,2307,2308),(1236,NULL,'Nodecompany',0,NULL,2309,2310),(1237,NULL,'Nodenode',0,NULL,2311,2312),(1238,NULL,'Node',68,NULL,2313,2314),(1239,NULL,'Nodecompany',0,NULL,2315,2316),(1240,NULL,'Company',16,NULL,2317,2318),(1241,50,'User',22,NULL,94,95),(1242,NULL,'Autoevaluation',126,NULL,2319,2320),(1243,NULL,'Autoevaluationanswer',551,NULL,2321,2322),(1244,NULL,'Autoevaluationanswer',552,NULL,2323,2324),(1245,NULL,'Autoevaluationanswer',553,NULL,2325,2326),(1246,NULL,'Autoevaluationanswer',554,NULL,2327,2328),(1247,NULL,'Node',69,NULL,2329,2330),(1248,NULL,'Nodecompany',0,NULL,2331,2332),(1249,NULL,'Autoevaluationanswer',126,NULL,2333,2334),(1250,NULL,'Node',70,NULL,2335,2336),(1251,NULL,'Node',71,NULL,2337,2338),(1252,NULL,'Autoevaluation',127,NULL,2339,2340),(1253,NULL,'Autoevaluationanswer',555,NULL,2341,2342),(1254,NULL,'Autoevaluationanswer',556,NULL,2343,2344),(1255,NULL,'Autoevaluationanswer',557,NULL,2345,2346),(1256,NULL,'Autoevaluationanswer',558,NULL,2347,2348),(1257,NULL,'Autoevaluationanswer',559,NULL,2349,2350),(1258,NULL,'Autoevaluationanswer',560,NULL,2351,2352),(1259,NULL,'Node',72,NULL,2353,2354),(1260,NULL,'Nodecompany',0,NULL,2355,2356),(1261,NULL,'Node',73,NULL,2357,2358),(1262,NULL,'Node',74,NULL,2359,2360),(1263,NULL,'Node',75,NULL,2361,2362),(1265,NULL,'Autoevaluationanswer',561,NULL,2363,2364),(1266,NULL,'Autoevaluationanswer',562,NULL,2365,2366),(1267,NULL,'Autoevaluationanswer',563,NULL,2367,2368),(1268,NULL,'Autoevaluationanswer',564,NULL,2369,2370),(1269,NULL,'Autoevaluationanswer',565,NULL,2371,2372),(1270,NULL,'Autoevaluationanswer',566,NULL,2373,2374),(1271,NULL,'Autoevaluationanswer',567,NULL,2375,2376),(1272,NULL,'Autoevaluationanswer',568,NULL,2377,2378),(1273,NULL,'Autoevaluationanswer',569,NULL,2379,2380),(1274,NULL,'Autoevaluationanswer',570,NULL,2381,2382),(1275,NULL,'Autoevaluationanswer',571,NULL,2383,2384),(1276,NULL,'Autoevaluationanswer',572,NULL,2385,2386),(1277,NULL,'Autoevaluationanswer',573,NULL,2387,2388),(1278,NULL,'Node',76,NULL,2389,2390),(1279,NULL,'Nodecompany',0,NULL,2391,2392),(1280,NULL,'Autoevaluationanswer',128,NULL,2393,2394),(1281,NULL,'Node',77,NULL,2395,2396),(1282,NULL,'Node',78,NULL,2397,2398),(1283,NULL,'Node',79,NULL,2399,2400),(1284,NULL,'Node',80,NULL,2401,2402),(1285,NULL,'Node',81,NULL,2403,2404),(1286,NULL,'Node',82,NULL,2405,2406),(1287,NULL,'Nodenode',0,NULL,2407,2408),(1288,NULL,'Nodenode',0,NULL,2409,2410),(1289,NULL,'Node',83,NULL,2411,2412),(1290,NULL,'Nodecompany',0,NULL,2413,2414),(1292,NULL,'Autoevaluationanswer',574,NULL,2415,2416),(1293,NULL,'Node',84,NULL,2417,2418),(1294,NULL,'Nodecompany',0,NULL,2419,2420),(1295,NULL,'Autoevaluationanswer',129,NULL,2421,2422),(1296,NULL,'Autoevaluationanswer',3,NULL,2423,2424),(1297,NULL,'Node',85,NULL,2425,2426),(1298,NULL,'Nodecompany',0,NULL,2427,2428),(1299,NULL,'Nodenode',0,NULL,2429,2430),(1301,NULL,'Nodecompany',0,NULL,2431,2432),(1302,NULL,'Node',87,NULL,2433,2434),(1303,NULL,'Nodecompany',0,NULL,2435,2436),(1304,NULL,'Node',88,NULL,2437,2438),(1305,NULL,'Nodecompany',0,NULL,2439,2440),(1306,NULL,'Node',89,NULL,2441,2442),(1307,NULL,'Nodecompany',0,NULL,2443,2444),(1308,NULL,'Node',90,NULL,2445,2446),(1309,NULL,'Nodecompany',0,NULL,2447,2448),(1310,NULL,'Nodenode',0,NULL,2449,2450),(1311,NULL,'Nodenode',0,NULL,2451,2452),(1312,NULL,'Node',91,NULL,2453,2454),(1313,NULL,'Nodecompany',0,NULL,2455,2456),(1315,NULL,'Nodecompany',0,NULL,2457,2458),(1316,NULL,'Nodenode',0,NULL,2459,2460),(1317,NULL,'Nodenode',0,NULL,2461,2462),(1318,NULL,'Nodenode',0,NULL,2463,2464),(1319,NULL,'Nodenode',0,NULL,2465,2466),(1320,NULL,'Nodenode',0,NULL,2467,2468),(1321,NULL,'Node',93,NULL,2469,2470),(1322,NULL,'Nodecompany',0,NULL,2471,2472),(1323,NULL,'Node',94,NULL,2473,2474),(1324,NULL,'Nodepriority',1,NULL,2475,2476),(1325,NULL,'Nodepriority',2,NULL,2477,2478),(1326,NULL,'Nodepriority',3,NULL,2479,2480),(1327,NULL,'Nodepriority',4,NULL,2481,2482),(1328,NULL,'Nodepriority',5,NULL,2483,2484),(1329,NULL,'Module',21,NULL,2485,2486),(1330,NULL,'Category',33,NULL,2487,2488),(1331,NULL,'Node',95,NULL,2489,2490),(1332,NULL,'Nodecompany',0,NULL,2491,2492),(1333,NULL,'Nodepredecessor',0,NULL,2493,2494),(1334,NULL,'Nodepredecessor',0,NULL,2495,2496),(1335,NULL,'Nodepredecessor',0,NULL,2497,2498),(1336,NULL,'Nodepredecessor',0,NULL,2499,2500),(1337,NULL,'Nodepredecessor',0,NULL,2501,2502),(1338,NULL,'Nodepredecessor',0,NULL,2503,2504),(1339,NULL,'Nodepredecessor',0,NULL,2505,2506),(1340,NULL,'Nodepredecessor',0,NULL,2507,2508),(1341,NULL,'Nodepredecessor',0,NULL,2509,2510),(1342,NULL,'Group',10,NULL,2511,2514),(1343,49,'User',23,NULL,86,87),(1344,50,'User',24,NULL,96,97),(1345,51,'User',25,NULL,102,103),(1346,1342,'User',26,NULL,2512,2513),(1347,NULL,'Nodenode',0,NULL,2515,2516),(1348,NULL,'Nodepredecessor',0,NULL,2517,2518),(1349,NULL,'Nodepredecessor',0,NULL,2519,2520),(1350,NULL,'Nodepredecessor',0,NULL,2521,2522),(1351,NULL,'Node',96,NULL,2523,2524),(1352,NULL,'Nodecompany',0,NULL,2525,2526),(1353,NULL,'Nodenode',0,NULL,2527,2528),(1354,NULL,'Autoevaluation',130,NULL,2529,2530),(1355,NULL,'Autoevaluationanswer',575,NULL,2531,2532),(1356,NULL,'Autoevaluationanswer',576,NULL,2533,2534),(1357,NULL,'Autoevaluationanswer',577,NULL,2535,2536),(1358,NULL,'Autoevaluationanswer',578,NULL,2537,2538),(1359,NULL,'Autoevaluationanswer',579,NULL,2539,2540),(1360,NULL,'Autoevaluationanswer',580,NULL,2541,2542),(1361,NULL,'Autoevaluationanswer',581,NULL,2543,2544),(1362,NULL,'Autoevaluationanswer',582,NULL,2545,2546),(1363,NULL,'Autoevaluationanswer',583,NULL,2547,2548),(1364,NULL,'Node',97,NULL,2549,2550),(1365,NULL,'Autoevaluationanswer',130,NULL,2551,2552),(1366,NULL,'Node',98,NULL,2553,2554),(1367,NULL,'Node',99,NULL,2555,2556),(1368,NULL,'Nodenode',0,NULL,2557,2558),(1369,NULL,'Indicator',1,NULL,2559,2560),(1370,NULL,'Indicator',2,NULL,2561,2562),(1371,NULL,'Indicator',3,NULL,2563,2564),(1372,NULL,'Indicator',4,NULL,2565,2566),(1373,NULL,'Category',34,NULL,2567,2568),(1374,NULL,'Indicator',5,NULL,2569,2570),(1375,NULL,'Indicator',6,NULL,2571,2572),(1376,NULL,'Indicatorvalue',1,NULL,2573,2574),(1377,NULL,'Indicatorvalue',2,NULL,2575,2576),(1378,NULL,'Indicatorvalue',3,NULL,2577,2578),(1379,NULL,'Indicatorvalue',4,NULL,2579,2580),(1380,NULL,'Indicatorvalue',5,NULL,2581,2582),(1381,NULL,'Indicator',7,NULL,2583,2584),(1382,NULL,'Indicatorvalue',6,NULL,2585,2586),(1383,NULL,'Nodecompany',0,NULL,2587,2588),(1384,NULL,'Indicatornode',0,NULL,2589,2590),(1385,NULL,'Indicatornode',0,NULL,2591,2592),(1386,NULL,'Indicatornode',0,NULL,2593,2594),(1387,NULL,'Indicatornode',0,NULL,2595,2596),(1388,NULL,'Indicatornode',0,NULL,2597,2598),(1389,NULL,'Indicatornode',0,NULL,2599,2600),(1390,NULL,'Indicatorvalue',7,NULL,2601,2602),(1391,NULL,'Node',100,NULL,2603,2604),(1392,NULL,'Nodecompany',0,NULL,2605,2606),(1393,NULL,'Indicatornode',0,NULL,2607,2608),(1394,NULL,'Nodenode',0,NULL,2609,2610),(1395,NULL,'Indicatornode',0,NULL,2611,2612),(1396,NULL,'Nodenode',0,NULL,2613,2614),(1397,NULL,'Nodetype',16,NULL,2615,2616),(1398,NULL,'Node',101,NULL,2617,2618),(1399,NULL,'Nodecompany',0,NULL,2619,2620),(1400,NULL,'Node',102,NULL,2621,2622),(1401,NULL,'Nodecompany',0,NULL,2623,2624),(1402,NULL,'Node',103,NULL,2625,2626),(1403,NULL,'Nodecompany',0,NULL,2627,2628),(1404,NULL,'Node',104,NULL,2629,2630),(1405,NULL,'Nodecompany',0,NULL,2631,2632),(1406,NULL,'Node',105,NULL,2633,2634),(1407,NULL,'Nodecompany',0,NULL,2635,2636),(1408,NULL,'Node',106,NULL,2637,2638),(1409,NULL,'Nodecompany',0,NULL,2639,2640),(1410,NULL,'Nodenode',0,NULL,2641,2642),(1411,NULL,'Nodenode',0,NULL,2643,2644),(1412,NULL,'Nodenode',0,NULL,2645,2646),(1413,NULL,'Group',11,NULL,2647,2658),(1414,1413,'User',27,NULL,2648,2649),(1415,1413,'User',28,NULL,2650,2651),(1416,1413,'User',29,NULL,2652,2653),(1417,NULL,'Module',22,NULL,2659,2660),(1418,NULL,'Category',35,NULL,2661,2662),(1419,NULL,'Nodetype',17,NULL,2663,2664),(1420,NULL,'Node',107,NULL,2665,2666),(1421,NULL,'Nodecompany',0,NULL,2667,2668),(1422,NULL,'Node',108,NULL,2669,2670),(1423,NULL,'Nodecompany',0,NULL,2671,2672),(1424,NULL,'Interestgroupcall',0,NULL,2673,2674),(1425,NULL,'Interestgroupcall',0,NULL,2675,2676),(1426,NULL,'Interestgroupcall',0,NULL,2677,2678),(1427,NULL,'Interestgroupcall',0,NULL,2679,2680),(1428,1413,'User',30,NULL,2654,2655),(1429,NULL,'Node',109,NULL,2681,2682),(1430,NULL,'Nodecompany',0,NULL,2683,2684),(1431,NULL,'Interestgroupcall',0,NULL,2685,2686),(1432,NULL,'Autoevaluation',131,NULL,2687,2688),(1433,NULL,'Autoevaluationanswer',584,NULL,2689,2690),(1434,NULL,'Autoevaluationanswer',585,NULL,2691,2692),(1435,NULL,'Autoevaluationanswer',586,NULL,2693,2694),(1436,NULL,'Autoevaluationanswer',587,NULL,2695,2696),(1437,NULL,'Autoevaluationanswer',588,NULL,2697,2698),(1438,NULL,'Autoevaluationanswer',589,NULL,2699,2700),(1439,NULL,'Autoevaluationanswer',590,NULL,2701,2702),(1440,NULL,'Autoevaluationanswer',591,NULL,2703,2704),(1441,NULL,'Autoevaluationanswer',592,NULL,2705,2706),(1442,NULL,'Autoevaluationanswer',593,NULL,2707,2708),(1443,NULL,'Autoevaluationanswer',594,NULL,2709,2710),(1444,NULL,'Autoevaluationanswer',595,NULL,2711,2712),(1445,NULL,'Autoevaluationanswer',596,NULL,2713,2714),(1446,NULL,'Autoevaluationanswer',597,NULL,2715,2716),(1447,NULL,'Autoevaluationanswer',598,NULL,2717,2718),(1448,NULL,'Autoevaluationanswer',599,NULL,2719,2720),(1449,NULL,'Autoevaluationanswer',600,NULL,2721,2722),(1450,NULL,'Autoevaluationanswer',601,NULL,2723,2724),(1451,NULL,'Autoevaluationanswer',602,NULL,2725,2726),(1452,NULL,'Autoevaluationanswer',603,NULL,2727,2728),(1453,NULL,'Autoevaluationanswer',604,NULL,2729,2730),(1454,NULL,'Autoevaluationanswer',605,NULL,2731,2732),(1455,NULL,'Autoevaluationanswer',606,NULL,2733,2734),(1456,NULL,'Autoevaluationanswer',607,NULL,2735,2736),(1457,NULL,'Autoevaluationanswer',608,NULL,2737,2738),(1458,NULL,'Autoevaluationanswer',609,NULL,2739,2740),(1459,NULL,'Autoevaluationanswer',610,NULL,2741,2742),(1460,NULL,'Autoevaluationanswer',611,NULL,2743,2744),(1461,NULL,'Node',110,NULL,2745,2746),(1462,NULL,'Nodecompany',0,NULL,2747,2748),(1463,NULL,'Autoevaluationanswer',131,NULL,2749,2750),(1464,NULL,'Node',111,NULL,2751,2752),(1465,NULL,'Node',112,NULL,2753,2754),(1466,NULL,'Node',113,NULL,2755,2756),(1467,NULL,'Node',114,NULL,2757,2758),(1468,NULL,'Node',115,NULL,2759,2760),(1469,NULL,'Node',116,NULL,2761,2762),(1470,NULL,'Node',117,NULL,2763,2764),(1471,NULL,'Node',118,NULL,2765,2766),(1472,NULL,'Node',119,NULL,2767,2768),(1473,NULL,'Node',120,NULL,2769,2770),(1474,NULL,'Node',121,NULL,2771,2772),(1475,NULL,'Node',122,NULL,2773,2774),(1476,NULL,'Node',123,NULL,2775,2776),(1477,NULL,'Nodecompany',0,NULL,2777,2778),(1478,NULL,'Nodetype',18,NULL,2779,2780),(1480,NULL,'Nodecompany',0,NULL,2781,2782),(1482,NULL,'Nodecompany',0,NULL,2783,2784),(1483,NULL,'Node',126,NULL,2785,2786),(1484,NULL,'Nodecompany',0,NULL,2787,2788),(1485,NULL,'Galleryimage',0,NULL,2789,2790),(1486,NULL,'Galleryimage',0,NULL,2791,2792),(1488,NULL,'Galleryimage',0,NULL,2793,2794),(1492,NULL,'Galleryimage',0,NULL,2795,2796),(1493,NULL,'Galleryimage',0,NULL,2797,2798),(1494,NULL,'Galleryimage',2,NULL,2799,2800),(1495,NULL,'Galleryimage',3,NULL,2801,2802),(1496,NULL,'Galleryimage',4,NULL,2803,2804),(1497,NULL,'Galleryimage',5,NULL,2805,2806),(1498,NULL,'Galleryimage',6,NULL,2807,2808),(1499,NULL,'Galleryimage',7,NULL,2809,2810),(1500,NULL,'Galleryimage',8,NULL,2811,2812),(1501,NULL,'Galleryimage',9,NULL,2813,2814),(1502,NULL,'Galleryimage',10,NULL,2815,2816),(1503,NULL,'Galleryimage',11,NULL,2817,2818),(1504,NULL,'Galleryimage',12,NULL,2819,2820),(1505,NULL,'Galleryimage',13,NULL,2821,2822),(1506,NULL,'Galleryimage',14,NULL,2823,2824),(1507,NULL,'Galleryimage',15,NULL,2825,2826),(1508,NULL,'Galleryimage',16,NULL,2827,2828),(1509,NULL,'Galleryimage',17,NULL,2829,2830),(1510,NULL,'Node',127,NULL,2831,2832),(1511,NULL,'Nodecompany',0,NULL,2833,2834),(1512,NULL,'Galleryimage',18,NULL,2835,2836),(1513,NULL,'Galleryimage',19,NULL,2837,2838),(1514,NULL,'Galleryimage',20,NULL,2839,2840),(1515,NULL,'Galleryimage',21,NULL,2841,2842),(1516,NULL,'Galleryimage',22,NULL,2843,2844),(1517,NULL,'Galleryimage',23,NULL,2845,2846),(1518,NULL,'Galleryimage',24,NULL,2847,2848),(1519,NULL,'Node',128,NULL,2849,2850),(1520,NULL,'Nodecompany',0,NULL,2851,2852),(1521,NULL,'Galleryimage',25,NULL,2853,2854),(1522,NULL,'Galleryimage',26,NULL,2855,2856),(1523,NULL,'Galleryimage',27,NULL,2857,2858),(1524,NULL,'Autoevaluation',132,NULL,2859,2860),(1525,NULL,'Autoevaluationanswer',612,NULL,2861,2862),(1526,NULL,'Autoevaluationanswer',613,NULL,2863,2864),(1527,NULL,'Autoevaluationanswer',614,NULL,2865,2866),(1528,NULL,'Autoevaluationanswer',615,NULL,2867,2868),(1529,NULL,'Autoevaluationanswer',616,NULL,2869,2870),(1530,NULL,'Autoevaluationanswer',617,NULL,2871,2872),(1531,NULL,'Autoevaluationanswer',618,NULL,2873,2874),(1532,NULL,'Autoevaluationanswer',619,NULL,2875,2876),(1533,NULL,'Autoevaluationanswer',620,NULL,2877,2878),(1534,NULL,'Autoevaluationanswer',621,NULL,2879,2880),(1535,NULL,'Autoevaluationanswer',622,NULL,2881,2882),(1536,NULL,'Autoevaluationanswer',623,NULL,2883,2884),(1537,NULL,'Autoevaluationanswer',624,NULL,2885,2886),(1538,NULL,'Autoevaluationanswer',625,NULL,2887,2888),(1539,NULL,'Autoevaluationanswer',626,NULL,2889,2890),(1540,NULL,'Autoevaluationanswer',627,NULL,2891,2892),(1541,NULL,'Autoevaluationanswer',628,NULL,2893,2894),(1542,NULL,'Autoevaluationanswer',629,NULL,2895,2896),(1543,NULL,'Autoevaluationanswer',630,NULL,2897,2898),(1544,NULL,'Autoevaluationanswer',631,NULL,2899,2900),(1545,NULL,'Autoevaluationanswer',632,NULL,2901,2902),(1546,NULL,'Autoevaluationanswer',633,NULL,2903,2904),(1547,NULL,'Autoevaluationanswer',634,NULL,2905,2906),(1548,NULL,'Autoevaluationanswer',635,NULL,2907,2908),(1549,NULL,'Autoevaluationanswer',636,NULL,2909,2910),(1550,NULL,'Autoevaluationanswer',637,NULL,2911,2912),(1551,NULL,'Autoevaluationanswer',638,NULL,2913,2914),(1552,NULL,'Autoevaluationanswer',639,NULL,2915,2916),(1553,NULL,'Autoevaluationanswer',640,NULL,2917,2918),(1554,NULL,'Node',129,NULL,2919,2920),(1555,NULL,'Nodecompany',0,NULL,2921,2922),(1556,NULL,'Nodenode',0,NULL,2923,2924),(1557,NULL,'Indicatornode',0,NULL,2925,2926),(1558,NULL,'Node',130,NULL,2927,2928),(1559,NULL,'Nodecompany',0,NULL,2929,2930),(1560,NULL,'Galleryimage',28,NULL,2931,2932),(1561,NULL,'Galleryimage',29,NULL,2933,2934),(1562,NULL,'Galleryimage',30,NULL,2935,2936),(1563,NULL,'Galleryimage',31,NULL,2937,2938),(1564,NULL,'Galleryimage',32,NULL,2939,2940),(1565,NULL,'Galleryimage',33,NULL,2941,2942),(1566,NULL,'Galleryimage',34,NULL,2943,2944),(1567,NULL,'Galleryimage',35,NULL,2945,2946),(1568,NULL,'Galleryimage',36,NULL,2947,2948),(1569,NULL,'Galleryimage',37,NULL,2949,2950),(1570,NULL,'Galleryimage',38,NULL,2951,2952),(1571,NULL,'Galleryimage',39,NULL,2953,2954),(1572,NULL,'Galleryimage',40,NULL,2955,2956),(1573,NULL,'Galleryimage',41,NULL,2957,2958),(1574,NULL,'Galleryimage',42,NULL,2959,2960),(1575,NULL,'Galleryimage',43,NULL,2961,2962),(1576,NULL,'Galleryimage',44,NULL,2963,2964),(1577,NULL,'Galleryimage',45,NULL,2965,2966),(1578,NULL,'Galleryimage',46,NULL,2967,2968),(1579,NULL,'Galleryimage',47,NULL,2969,2970),(1580,NULL,'Galleryimage',48,NULL,2971,2972),(1581,NULL,'Galleryimage',49,NULL,2973,2974),(1582,NULL,'Galleryimage',50,NULL,2975,2976),(1583,NULL,'Galleryimage',51,NULL,2977,2978),(1584,NULL,'Galleryimage',52,NULL,2979,2980),(1585,NULL,'Galleryimage',53,NULL,2981,2982),(1586,NULL,'Galleryimage',54,NULL,2983,2984),(1587,NULL,'Galleryimage',55,NULL,2985,2986),(1588,NULL,'Galleryimage',56,NULL,2987,2988),(1589,NULL,'Galleryimage',57,NULL,2989,2990),(1590,NULL,'Galleryimage',58,NULL,2991,2992),(1591,NULL,'Galleryimage',59,NULL,2993,2994),(1592,NULL,'Galleryimage',60,NULL,2995,2996),(1593,NULL,'Galleryimage',61,NULL,2997,2998),(1594,NULL,'Galleryimage',62,NULL,2999,3000),(1595,NULL,'Galleryimage',63,NULL,3001,3002),(1596,NULL,'Nodetype',19,NULL,3003,3004),(1597,NULL,'Nodetype',20,NULL,3005,3006),(1598,NULL,'Nodetype',21,NULL,3007,3008),(1599,NULL,'Node',131,NULL,3009,3010),(1600,NULL,'Nodecompany',0,NULL,3011,3012),(1601,NULL,'Node',132,NULL,3013,3014),(1602,NULL,'Nodecompany',0,NULL,3015,3016),(1603,NULL,'Node',133,NULL,3017,3018),(1604,NULL,'Nodecompany',0,NULL,3019,3020),(1605,NULL,'Galleryimage',64,NULL,3021,3022),(1606,NULL,'Galleryimage',65,NULL,3023,3024),(1607,NULL,'Galleryimage',66,NULL,3025,3026),(1608,NULL,'Galleryimage',67,NULL,3027,3028),(1609,NULL,'Interestgroupcall',0,NULL,3029,3030),(1610,NULL,'Nodenode',0,NULL,3031,3032),(1611,NULL,'Indicatornode',0,NULL,3033,3034),(1612,NULL,'Indicatornode',0,NULL,3035,3036),(1613,NULL,'Nodenode',0,NULL,3037,3038),(1614,NULL,'Nodenode',0,NULL,3039,3040),(1615,NULL,'Node',134,NULL,3041,3042),(1616,NULL,'Node',135,NULL,3043,3044),(1617,NULL,'Nodecompany',0,NULL,3045,3046),(1618,NULL,'Node',136,NULL,3047,3048),(1619,NULL,'Nodecompany',0,NULL,3049,3050),(1620,NULL,'Node',137,NULL,3051,3052),(1621,NULL,'Nodecompany',0,NULL,3053,3054),(1622,NULL,'Node',138,NULL,3055,3056),(1623,NULL,'Nodecompany',0,NULL,3057,3058),(1624,NULL,'Node',139,NULL,3059,3060),(1625,NULL,'Nodecompany',0,NULL,3061,3062),(1627,NULL,'Surveyquestion',2,NULL,3063,3064),(1630,NULL,'Node',140,NULL,3065,3066),(1631,NULL,'Nodecompany',0,NULL,3067,3068),(1633,NULL,'Surveyquestion',6,NULL,3069,3070),(1634,NULL,'Surveyquestion',7,NULL,3071,3072),(1635,NULL,'Surveyquestion',8,NULL,3073,3074),(1636,NULL,'Surveyanswer',0,NULL,3075,3076),(1637,NULL,'Surveyanswer',0,NULL,3077,3078),(1638,NULL,'Surveyanswer',1,NULL,3079,3080),(1639,NULL,'Surveyanswer',2,NULL,3081,3082),(1640,NULL,'Surveyanswer',3,NULL,3083,3084),(1641,NULL,'Surveyanswer',4,NULL,3085,3086),(1642,NULL,'Surveyanswer',5,NULL,3087,3088),(1643,NULL,'Surveyanswer',6,NULL,3089,3090),(1644,NULL,'Surveyanswer',7,NULL,3091,3092),(1645,NULL,'Surveyanswer',8,NULL,3093,3094),(1646,NULL,'Autoevaluation',133,NULL,3095,3096),(1647,NULL,'Autoevaluationanswer',641,NULL,3097,3098),(1648,NULL,'Autoevaluationanswer',642,NULL,3099,3100),(1649,NULL,'Autoevaluationanswer',643,NULL,3101,3102),(1650,NULL,'Autoevaluationanswer',644,NULL,3103,3104),(1651,NULL,'Autoevaluationanswer',645,NULL,3105,3106),(1652,NULL,'Autoevaluationanswer',646,NULL,3107,3108),(1653,NULL,'Autoevaluationanswer',647,NULL,3109,3110),(1654,NULL,'Autoevaluationanswer',648,NULL,3111,3112),(1655,NULL,'Node',141,NULL,3113,3114),(1656,NULL,'Nodecompany',0,NULL,3115,3116),(1657,NULL,'Node',142,NULL,3117,3118),(1658,NULL,'Node',143,NULL,3119,3120),(1659,NULL,'Node',144,NULL,3121,3122),(1660,NULL,'Node',145,NULL,3123,3124),(1661,NULL,'Nodecompany',0,NULL,3125,3126),(1662,NULL,'Nodenode',0,NULL,3127,3128),(1663,NULL,'Indicatornode',0,NULL,3129,3130),(1664,NULL,'Indicatorvalue',8,NULL,3131,3132),(1665,1413,'User',31,NULL,2656,2657),(1666,NULL,'Nodepredecessor',0,NULL,3133,3134),(1667,NULL,'Node',146,NULL,3135,3136),(1668,NULL,'Nodecompany',0,NULL,3137,3138),(1669,NULL,'Surveyanswer',9,NULL,3139,3140),(1670,NULL,'Graphdata',1,NULL,3141,3142),(1671,NULL,'Graphdata',2,NULL,3143,3144),(1672,NULL,'Graphdata',3,NULL,3145,3146),(1673,NULL,'Graphdata',4,NULL,3147,3148),(1674,NULL,'Graphdata',5,NULL,3149,3150),(1675,NULL,'Graphdata',6,NULL,3151,3152),(1676,NULL,'Graphdata',7,NULL,3153,3154),(1677,NULL,'Graphdata',8,NULL,3155,3156),(1678,NULL,'Graphdata',9,NULL,3157,3158),(1679,NULL,'Graphdata',10,NULL,3159,3160),(1680,NULL,'Graphdata',11,NULL,3161,3162),(1681,NULL,'Graphdata',12,NULL,3163,3164),(1682,NULL,'Graphdata',13,NULL,3165,3166),(1683,NULL,'Graphdata',14,NULL,3167,3168),(1684,NULL,'Graphdata',15,NULL,3169,3170),(1685,NULL,'Graphdata',16,NULL,3171,3172),(1686,NULL,'Graphdata',17,NULL,3173,3174),(1687,NULL,'Graphdata',18,NULL,3175,3176),(1688,NULL,'Graphdata',19,NULL,3177,3178),(1689,NULL,'Graphdata',20,NULL,3179,3180),(1690,NULL,'Graphdata',21,NULL,3181,3182),(1691,NULL,'Graphdata',22,NULL,3183,3184),(1692,NULL,'Graphdata',23,NULL,3185,3186),(1693,NULL,'Graphdata',24,NULL,3187,3188),(1694,NULL,'Graphdata',25,NULL,3189,3190),(1695,NULL,'Graphdata',26,NULL,3191,3192),(1696,NULL,'Graphdata',27,NULL,3193,3194),(1697,NULL,'Graphdata',28,NULL,3195,3196),(1698,NULL,'Graphdata',29,NULL,3197,3198),(1699,NULL,'Graphdata',30,NULL,3199,3200),(1700,NULL,'Graphdata',31,NULL,3201,3202),(1701,NULL,'Graphdata',32,NULL,3203,3204),(1702,NULL,'Graphdata',33,NULL,3205,3206),(1703,NULL,'Graphdata',34,NULL,3207,3208),(1704,NULL,'Graphdata',35,NULL,3209,3210),(1705,NULL,'Graphdata',36,NULL,3211,3212),(1706,NULL,'Graphdata',37,NULL,3213,3214),(1707,NULL,'Graphdata',38,NULL,3215,3216),(1708,NULL,'Graphdata',39,NULL,3217,3218),(1709,NULL,'Graphdata',40,NULL,3219,3220),(1710,NULL,'Graphdata',41,NULL,3221,3222),(1711,NULL,'Graphdata',42,NULL,3223,3224),(1712,NULL,'Graphdata',43,NULL,3225,3226),(1713,NULL,'Graphdata',44,NULL,3227,3228),(1714,NULL,'Graphdata',45,NULL,3229,3230),(1715,NULL,'Graphdata',46,NULL,3231,3232),(1716,NULL,'Graphdata',47,NULL,3233,3234),(1717,NULL,'Graphdata',48,NULL,3235,3236),(1718,NULL,'Graphdata',49,NULL,3237,3238),(1719,NULL,'Graphdata',50,NULL,3239,3240),(1720,NULL,'Graphdata',51,NULL,3241,3242),(1721,NULL,'Graphdata',52,NULL,3243,3244),(1722,NULL,'Graphdata',53,NULL,3245,3246),(1723,NULL,'Graphdata',54,NULL,3247,3248),(1724,NULL,'Graphdata',55,NULL,3249,3250),(1725,NULL,'Graphdata',56,NULL,3251,3252),(1726,NULL,'Graphdata',57,NULL,3253,3254),(1727,NULL,'Graphdata',58,NULL,3255,3256),(1728,NULL,'Graphdata',59,NULL,3257,3258),(1729,NULL,'Graphdata',60,NULL,3259,3260),(1730,NULL,'Graphdata',61,NULL,3261,3262),(1731,NULL,'Graphdata',62,NULL,3263,3264),(1732,NULL,'Graphdata',63,NULL,3265,3266),(1733,NULL,'Graphdata',64,NULL,3267,3268),(1734,NULL,'Graphdata',65,NULL,3269,3270),(1735,NULL,'Graphdata',66,NULL,3271,3272),(1736,NULL,'Graphdata',67,NULL,3273,3274),(1737,NULL,'Graphdata',68,NULL,3275,3276),(1738,NULL,'Graphdata',69,NULL,3277,3278),(1739,NULL,'Graphdata',70,NULL,3279,3280),(1740,NULL,'Graphdata',71,NULL,3281,3282),(1741,NULL,'Graphdata',72,NULL,3283,3284),(1742,NULL,'Graphdata',73,NULL,3285,3286),(1743,NULL,'Graphdata',74,NULL,3287,3288),(1744,NULL,'Graphdata',75,NULL,3289,3290),(1745,NULL,'Graphdata',76,NULL,3291,3292),(1746,NULL,'Graphdata',77,NULL,3293,3294),(1747,NULL,'Graphdata',78,NULL,3295,3296),(1748,NULL,'Graphdata',79,NULL,3297,3298),(1749,NULL,'Graphdata',80,NULL,3299,3300),(1750,NULL,'Graphdata',81,NULL,3301,3302),(1751,NULL,'Graphdata',82,NULL,3303,3304),(1752,NULL,'Graphdata',83,NULL,3305,3306),(1753,NULL,'Graphdata',84,NULL,3307,3308),(1754,NULL,'Graphdata',85,NULL,3309,3310),(1755,NULL,'Graphdata',86,NULL,3311,3312),(1756,NULL,'Graphdata',87,NULL,3313,3314),(1757,NULL,'Graphdata',88,NULL,3315,3316),(1758,NULL,'Graphdata',89,NULL,3317,3318),(1759,NULL,'Node',147,NULL,3319,3320),(1760,NULL,'Nodecompany',0,NULL,3321,3322),(1761,NULL,'Graphdata',90,NULL,3323,3324),(1762,NULL,'Node',148,NULL,3325,3326),(1763,NULL,'Nodecompany',0,NULL,3327,3328),(1764,NULL,'Graphdata',91,NULL,3329,3330),(1765,NULL,'Graphdata',92,NULL,3331,3332),(1766,NULL,'Graphdata',93,NULL,3333,3334),(1767,NULL,'Node',149,NULL,3335,3336),(1768,NULL,'Node',150,NULL,3337,3338),(1769,NULL,'Node',151,NULL,3339,3340),(1770,NULL,'Node',152,NULL,3341,3342),(1771,NULL,'Node',153,NULL,3343,3344),(1772,NULL,'Node',154,NULL,3345,3346),(1773,NULL,'Node',155,NULL,3347,3348),(1774,NULL,'Node',156,NULL,3349,3350),(1775,NULL,'Node',157,NULL,3351,3352),(1776,NULL,'Node',158,NULL,3353,3354),(1777,NULL,'Node',159,NULL,3355,3356),(1778,NULL,'Graphdata',94,NULL,3357,3358),(1779,NULL,'Indicatornode',0,NULL,3359,3360),(1780,NULL,'Node',160,NULL,3361,3362),(1781,NULL,'Node',161,NULL,3363,3364),(1782,NULL,'Node',162,NULL,3365,3366),(1783,NULL,'Node',163,NULL,3367,3368),(1784,NULL,'Node',164,NULL,3369,3370),(1785,NULL,'Node',165,NULL,3371,3372),(1786,NULL,'Node',166,NULL,3373,3374),(1787,NULL,'Node',167,NULL,3375,3376),(1788,NULL,'Node',168,NULL,3377,3378),(1789,NULL,'Node',169,NULL,3379,3380),(1790,NULL,'Node',170,NULL,3381,3382),(1791,NULL,'Node',171,NULL,3383,3384),(1792,NULL,'Node',172,NULL,3385,3386),(1793,NULL,'Node',173,NULL,3387,3388),(1794,NULL,'Node',174,NULL,3389,3390),(1795,NULL,'Node',175,NULL,3391,3392),(1796,NULL,'Node',176,NULL,3393,3394),(1797,NULL,'Node',177,NULL,3395,3396),(1798,NULL,'Node',178,NULL,3397,3398),(1799,NULL,'Node',179,NULL,3399,3400),(1800,NULL,'Node',180,NULL,3401,3402),(1801,NULL,'Node',181,NULL,3403,3404),(1802,NULL,'Node',182,NULL,3405,3406),(1803,NULL,'Node',183,NULL,3407,3408),(1804,NULL,'Node',184,NULL,3409,3410),(1805,NULL,'Nodenode',0,NULL,3411,3412),(1806,NULL,'Nodenode',0,NULL,3413,3414),(1807,NULL,'Nodenode',0,NULL,3415,3416),(1808,NULL,'Nodenode',0,NULL,3417,3418),(1809,NULL,'Nodenode',0,NULL,3419,3420),(1810,NULL,'Nodenode',0,NULL,3421,3422),(1811,NULL,'Nodenode',0,NULL,3423,3424),(1812,NULL,'Indicatornode',0,NULL,3425,3426),(1813,NULL,'Node',185,NULL,3427,3428),(1814,NULL,'Nodenode',0,NULL,3429,3430),(1815,NULL,'Nodenode',0,NULL,3431,3432),(1816,NULL,'Nodenode',0,NULL,3433,3434),(1817,NULL,'Nodenode',0,NULL,3435,3436),(1818,NULL,'Nodenode',0,NULL,3437,3438),(1819,NULL,'Nodenode',0,NULL,3439,3440),(1820,NULL,'Indicatornode',0,NULL,3441,3442),(1821,NULL,'Node',186,NULL,3443,3444),(1822,NULL,'Node',187,NULL,3445,3446),(1823,NULL,'Nodecompany',0,NULL,3447,3448),(1824,NULL,'Node',188,NULL,3449,3450),(1825,NULL,'Node',189,NULL,3451,3452),(1826,NULL,'Nodecompany',0,NULL,3453,3454),(1827,NULL,'Node',190,NULL,3455,3456),(1828,NULL,'Nodecompany',0,NULL,3457,3458),(1829,NULL,'Node',191,NULL,3459,3460),(1830,NULL,'Nodecompany',0,NULL,3461,3462),(1831,NULL,'Nodenode',0,NULL,3463,3464),(1832,NULL,'Indicatornode',0,NULL,3465,3466),(1833,NULL,'Node',192,NULL,3467,3468),(1834,NULL,'Nodecompany',0,NULL,3469,3470),(1835,NULL,'Node',193,NULL,3471,3472),(1836,NULL,'Nodecompany',0,NULL,3473,3474),(1837,NULL,'Node',194,NULL,3475,3476),(1838,NULL,'Nodecompany',0,NULL,3477,3478),(1839,NULL,'Node',195,NULL,3479,3480),(1840,NULL,'Node',196,NULL,3481,3482),(1841,NULL,'Nodecompany',0,NULL,3483,3484),(1842,NULL,'Node',197,NULL,3485,3486),(1843,NULL,'Nodecompany',0,NULL,3487,3488),(1844,NULL,'Nodenode',0,NULL,3489,3490),(1845,NULL,'Nodenode',0,NULL,3491,3492),(1846,NULL,'Nodenode',0,NULL,3493,3494),(1847,NULL,'Indicatornode',0,NULL,3495,3496),(1848,NULL,'Category',36,NULL,3497,3498),(1849,NULL,'Node',198,NULL,3499,3500),(1850,NULL,'Nodecompany',0,NULL,3501,3502),(1851,NULL,'Indicatornode',0,NULL,3503,3504),(1852,NULL,'Node',199,NULL,3505,3506),(1853,NULL,'Nodecompany',0,NULL,3507,3508),(1854,NULL,'Node',200,NULL,3509,3510),(1855,NULL,'Nodecompany',0,NULL,3511,3512),(1856,NULL,'Node',201,NULL,3513,3514),(1857,NULL,'Nodecompany',0,NULL,3515,3516),(1858,NULL,'Nodenode',0,NULL,3517,3518),(1859,NULL,'Nodenode',0,NULL,3519,3520),(1860,NULL,'Nodenode',0,NULL,3521,3522),(1861,NULL,'Nodenode',0,NULL,3523,3524),(1862,NULL,'Indicatornode',0,NULL,3525,3526),(1863,NULL,'Indicator',8,NULL,3527,3528),(1864,NULL,'Indicatornode',0,NULL,3529,3530),(1865,NULL,'Indicatornode',0,NULL,3531,3532),(1866,NULL,'Category',37,NULL,3533,3534),(1867,NULL,'Indicatorvalue',9,NULL,3535,3536),(1868,NULL,'Indicatorvalue',10,NULL,3537,3538),(1869,NULL,'Indicatorvalue',11,NULL,3539,3540),(1870,NULL,'Autoevaluation',134,NULL,3541,3542),(1871,NULL,'Nodenode',0,NULL,3543,3544),(1872,NULL,'Graphdata',95,NULL,3545,3546),(1873,NULL,'Autoevaluation',135,NULL,3547,3548),(1874,NULL,'Autoevaluationanswer',649,NULL,3549,3550),(1875,NULL,'Autoevaluationanswer',650,NULL,3551,3552),(1876,NULL,'Autoevaluationanswer',651,NULL,3553,3554),(1877,NULL,'Autoevaluationanswer',652,NULL,3555,3556),(1878,NULL,'Autoevaluationanswer',653,NULL,3557,3558),(1879,NULL,'Autoevaluationanswer',654,NULL,3559,3560),(1880,NULL,'Autoevaluationanswer',655,NULL,3561,3562),(1881,NULL,'Autoevaluationanswer',656,NULL,3563,3564),(1882,NULL,'Autoevaluationanswer',657,NULL,3565,3566),(1883,NULL,'Autoevaluationanswer',658,NULL,3567,3568),(1884,NULL,'Autoevaluationanswer',659,NULL,3569,3570),(1885,NULL,'Autoevaluationanswer',660,NULL,3571,3572),(1886,NULL,'Autoevaluationanswer',661,NULL,3573,3574),(1887,NULL,'Autoevaluationanswer',662,NULL,3575,3576),(1888,NULL,'Node',202,NULL,3577,3578),(1889,NULL,'Nodecompany',0,NULL,3579,3580),(1890,NULL,'Autoevaluationanswer',135,NULL,3581,3582),(1891,NULL,'Node',203,NULL,3583,3584),(1892,NULL,'Node',204,NULL,3585,3586),(1893,NULL,'Node',205,NULL,3587,3588),(1894,NULL,'Node',206,NULL,3589,3590),(1895,NULL,'Nodecompany',0,NULL,3591,3592),(1896,NULL,'Nodenode',0,NULL,3593,3594),(1897,NULL,'Nodenode',0,NULL,3595,3596),(1898,NULL,'Nodenode',0,NULL,3597,3598),(1899,NULL,'Nodenode',0,NULL,3599,3600),(1900,NULL,'Indicatornode',0,NULL,3601,3602),(1901,NULL,'Indicatorvalue',12,NULL,3603,3604),(1902,NULL,'Galleryimage',68,NULL,3605,3606),(1903,NULL,'Galleryimage',69,NULL,3607,3608),(1904,NULL,'Galleryimage',70,NULL,3609,3610),(1905,NULL,'Galleryimage',71,NULL,3611,3612),(1906,NULL,'Galleryimage',72,NULL,3613,3614),(1907,NULL,'Galleryimage',73,NULL,3615,3616),(1908,NULL,'Galleryimage',74,NULL,3617,3618),(1909,NULL,'Galleryimage',75,NULL,3619,3620),(1910,NULL,'Node',207,NULL,3621,3622),(1911,NULL,'Nodecompany',0,NULL,3623,3624),(1912,NULL,'Indicatornode',0,NULL,3625,3626),(1913,NULL,'Graphdata',96,NULL,3627,3628),(1914,NULL,'Graphdata',97,NULL,3629,3630),(1915,NULL,'Surveyanswer',10,NULL,3631,3632),(1916,NULL,'Autoevaluation',136,NULL,3633,3634),(1917,NULL,'Autoevaluationanswer',663,NULL,3635,3636),(1918,NULL,'Autoevaluationanswer',664,NULL,3637,3638),(1919,NULL,'Autoevaluationanswer',665,NULL,3639,3640),(1920,NULL,'Autoevaluationanswer',666,NULL,3641,3642),(1921,NULL,'Autoevaluationanswer',667,NULL,3643,3644),(1922,NULL,'Autoevaluationanswer',668,NULL,3645,3646),(1923,NULL,'Autoevaluationanswer',669,NULL,3647,3648),(1924,NULL,'Node',208,NULL,3649,3650),(1925,NULL,'Nodecompany',0,NULL,3651,3652),(1926,NULL,'Autoevaluationanswer',136,NULL,3653,3654),(1927,NULL,'Node',209,NULL,3655,3656),(1928,NULL,'Node',210,NULL,3657,3658),(1929,NULL,'Nodecompany',0,NULL,3659,3660),(1930,NULL,'Nodenode',0,NULL,3661,3662),(1931,NULL,'Nodenode',0,NULL,3663,3664),(1932,NULL,'Nodenode',0,NULL,3665,3666),(1933,NULL,'Nodenode',0,NULL,3667,3668),(1934,NULL,'Indicatornode',0,NULL,3669,3670),(1935,NULL,'Indicatorvalue',13,NULL,3671,3672),(1936,NULL,'Interestgroupcall',0,NULL,3673,3674),(1937,NULL,'Galleryimage',76,NULL,3675,3676),(1938,NULL,'Galleryimage',77,NULL,3677,3678),(1939,NULL,'Node',211,NULL,3679,3680),(1940,NULL,'Nodecompany',0,NULL,3681,3682),(1941,NULL,'Graphdata',98,NULL,3683,3684),(1942,NULL,'Graphdata',99,NULL,3685,3686),(1943,NULL,'Surveyanswer',11,NULL,3687,3688),(1944,NULL,'Autoevaluation',137,NULL,3689,3690),(1945,NULL,'Autoevaluationanswer',670,NULL,3691,3692),(1946,NULL,'Autoevaluationanswer',671,NULL,3693,3694),(1947,NULL,'Autoevaluationanswer',672,NULL,3695,3696),(1948,NULL,'Autoevaluationanswer',673,NULL,3697,3698),(1949,NULL,'Autoevaluationanswer',674,NULL,3699,3700),(1950,NULL,'Autoevaluationanswer',675,NULL,3701,3702),(1951,NULL,'Autoevaluationanswer',676,NULL,3703,3704),(1952,NULL,'Autoevaluationanswer',677,NULL,3705,3706),(1953,NULL,'Autoevaluationanswer',678,NULL,3707,3708),(1954,NULL,'Autoevaluationanswer',679,NULL,3709,3710),(1955,NULL,'Autoevaluationanswer',680,NULL,3711,3712),(1956,NULL,'Autoevaluationanswer',681,NULL,3713,3714),(1957,NULL,'Autoevaluationanswer',682,NULL,3715,3716),(1958,NULL,'Autoevaluationanswer',683,NULL,3717,3718),(1959,NULL,'Autoevaluationanswer',684,NULL,3719,3720),(1960,NULL,'Autoevaluationanswer',685,NULL,3721,3722),(1961,NULL,'Autoevaluationanswer',686,NULL,3723,3724),(1962,NULL,'Autoevaluationanswer',687,NULL,3725,3726),(1963,NULL,'Autoevaluationanswer',688,NULL,3727,3728),(1964,NULL,'Autoevaluationanswer',689,NULL,3729,3730),(1965,NULL,'Autoevaluationanswer',690,NULL,3731,3732),(1966,NULL,'Autoevaluationanswer',691,NULL,3733,3734),(1967,NULL,'Autoevaluationanswer',692,NULL,3735,3736),(1968,NULL,'Autoevaluationanswer',693,NULL,3737,3738),(1969,NULL,'Node',212,NULL,3739,3740),(1970,NULL,'Nodecompany',0,NULL,3741,3742),(1971,NULL,'Node',213,NULL,3743,3744),(1972,NULL,'Node',214,NULL,3745,3746),(1973,NULL,'Nodecompany',0,NULL,3747,3748),(1974,NULL,'Nodenode',0,NULL,3749,3750),(1975,NULL,'Nodenode',0,NULL,3751,3752),(1976,NULL,'Indicatornode',0,NULL,3753,3754),(1977,NULL,'Indicatorvalue',14,NULL,3755,3756),(1978,NULL,'Indicatornode',0,NULL,3757,3758),(1979,NULL,'Galleryimage',78,NULL,3759,3760),(1980,NULL,'Galleryimage',79,NULL,3761,3762),(1981,NULL,'Node',215,NULL,3763,3764),(1982,NULL,'Nodecompany',0,NULL,3765,3766),(1983,NULL,'Graphdata',100,NULL,3767,3768),(1984,NULL,'Surveyanswer',12,NULL,3769,3770);
/*!40000 ALTER TABLE `aros` ENABLE KEYS */;
UNLOCK TABLES;

--
-- Table structure for table `aros_acos`
--

DROP TABLE IF EXISTS `aros_acos`;
/*!40101 SET @saved_cs_client     = @@character_set_client */;
/*!40101 SET character_set_client = utf8 */;
CREATE TABLE `aros_acos` (
  `id` int(10) NOT NULL AUTO_INCREMENT,
  `aro_id` int(10) NOT NULL,
  `aco_id` int(10) NOT NULL,
  `_create` varchar(2) NOT NULL DEFAULT '0',
  `_read` varchar(2) NOT NULL DEFAULT '0',
  `_update` varchar(2) NOT NULL DEFAULT '0',
  `_delete` varchar(2) NOT NULL DEFAULT '0',
  PRIMARY KEY (`id`),
  UNIQUE KEY `ARO_ACO_KEY` (`aro_id`,`aco_id`),
  KEY `aco_id` (`aco_id`),
  CONSTRAINT `aros_acos_ibfk_1` FOREIGN KEY (`aro_id`) REFERENCES `aros` (`id`),
  CONSTRAINT `aros_acos_ibfk_2` FOREIGN KEY (`aco_id`) REFERENCES `acos` (`id`)
) ENGINE=InnoDB AUTO_INCREMENT=1902 DEFAULT CHARSET=latin1;
/*!40101 SET character_set_client = @saved_cs_client */;

--
-- Dumping data for table `aros_acos`
--

LOCK TABLES `aros_acos` WRITE;
/*!40000 ALTER TABLE `aros_acos` DISABLE KEYS */;
INSERT INTO `aros_acos` VALUES (1,2,1,'1','1','1','1'),(2,1,1,'1','1','1','1'),(3,17,126,'1','1','1','1'),(4,17,159,'-1','-1','-1','-1'),(5,22,142,'1','1','1','1'),(6,22,143,'1','1','1','1'),(7,22,144,'1','1','1','1'),(8,22,145,'1','1','1','1'),(9,22,146,'1','1','1','1'),(10,22,147,'1','1','1','1'),(11,22,148,'1','1','1','1'),(12,22,149,'1','1','1','1'),(13,22,150,'1','1','1','1'),(14,22,151,'1','1','1','1'),(15,22,152,'1','1','1','1'),(16,22,153,'1','1','1','1'),(17,22,154,'1','1','1','1'),(18,17,190,'-1','-1','-1','-1'),(19,17,191,'-1','-1','-1','-1'),(20,17,192,'-1','-1','-1','-1'),(21,17,193,'-1','-1','-1','-1'),(22,17,194,'-1','-1','-1','-1'),(23,17,195,'-1','-1','-1','-1'),(24,17,196,'-1','-1','-1','-1'),(25,17,197,'-1','-1','-1','-1'),(26,17,198,'-1','-1','-1','-1'),(27,17,199,'-1','-1','-1','-1'),(28,17,200,'-1','-1','-1','-1'),(29,17,201,'-1','-1','-1','-1'),(30,17,202,'-1','-1','-1','-1'),(31,17,203,'-1','-1','-1','-1'),(32,17,204,'-1','-1','-1','-1'),(33,17,205,'-1','-1','-1','-1'),(34,17,206,'-1','-1','-1','-1'),(35,17,207,'-1','-1','-1','-1'),(36,17,208,'-1','-1','-1','-1'),(37,17,209,'-1','-1','-1','-1'),(38,17,210,'-1','-1','-1','-1'),(39,17,211,'-1','-1','-1','-1'),(40,17,212,'-1','-1','-1','-1'),(41,32,126,'1','1','1','1'),(42,32,127,'1','1','1','1'),(43,32,128,'1','1','1','1'),(44,32,129,'1','1','1','1'),(45,32,130,'1','1','1','1'),(46,32,131,'1','1','1','1'),(47,32,132,'1','1','1','1'),(48,32,133,'1','1','1','1'),(49,32,134,'1','1','1','1'),(50,32,135,'1','1','1','1'),(51,32,136,'1','1','1','1'),(52,32,137,'1','1','1','1'),(53,32,138,'1','1','1','1'),(54,32,139,'1','1','1','1'),(55,32,140,'1','1','1','1'),(56,32,141,'1','1','1','1'),(57,32,142,'1','1','1','1'),(58,32,143,'1','1','1','1'),(59,32,144,'1','1','1','1'),(60,32,145,'1','1','1','1'),(61,32,146,'1','1','1','1'),(62,32,147,'1','1','1','1'),(63,32,148,'1','1','1','1'),(64,32,149,'1','1','1','1'),(65,32,150,'1','1','1','1'),(66,32,151,'1','1','1','1'),(67,32,152,'1','1','1','1'),(68,32,153,'1','1','1','1'),(69,32,154,'1','1','1','1'),(70,32,155,'1','1','1','1'),(71,32,156,'1','1','1','1'),(72,32,157,'1','1','1','1'),(73,32,158,'1','1','1','1'),(75,32,159,'1','1','1','1'),(76,32,160,'1','1','1','1'),(77,32,161,'1','1','1','1'),(78,32,162,'1','1','1','1'),(79,32,163,'1','1','1','1'),(80,32,164,'1','1','1','1'),(81,32,165,'1','1','1','1'),(82,32,166,'1','1','1','1'),(83,32,167,'1','1','1','1'),(84,32,168,'1','1','1','1'),(85,32,169,'1','1','1','1'),(86,32,170,'1','1','1','1'),(87,32,171,'1','1','1','1'),(88,32,172,'1','1','1','1'),(89,32,173,'1','1','1','1'),(90,32,174,'1','1','1','1'),(91,32,175,'1','1','1','1'),(92,32,176,'1','1','1','1'),(93,32,177,'1','1','1','1'),(94,32,178,'1','1','1','1'),(95,32,179,'1','1','1','1'),(96,32,180,'1','1','1','1'),(97,32,181,'1','1','1','1'),(98,32,190,'1','1','1','1'),(99,32,191,'1','1','1','1'),(100,32,192,'1','1','1','1'),(101,32,193,'1','1','1','1'),(102,32,194,'1','1','1','1'),(103,32,195,'1','1','1','1'),(104,32,196,'1','1','1','1'),(105,32,197,'1','1','1','1'),(106,32,198,'1','1','1','1'),(107,32,199,'1','1','1','1'),(108,32,200,'1','1','1','1'),(109,32,202,'1','1','1','1'),(110,32,201,'1','1','1','1'),(111,32,203,'1','1','1','1'),(112,32,204,'1','1','1','1'),(113,32,205,'1','1','1','1'),(114,32,206,'1','1','1','1'),(115,32,207,'1','1','1','1'),(116,32,208,'1','1','1','1'),(117,32,209,'1','1','1','1'),(118,32,210,'1','1','1','1'),(119,32,211,'1','1','1','1'),(120,32,212,'1','1','1','1'),(123,17,213,'1','1','1','1'),(124,22,213,'1','1','1','1'),(125,32,213,'1','1','1','1'),(126,32,214,'1','1','1','1'),(127,22,214,'1','1','1','1'),(128,17,214,'1','1','1','1'),(129,17,215,'1','1','1','1'),(130,22,215,'1','1','1','1'),(131,32,215,'1','1','1','1'),(132,32,216,'1','1','1','1'),(133,22,216,'1','1','1','1'),(134,17,216,'1','1','1','1'),(135,17,217,'1','1','1','1'),(136,22,217,'1','1','1','1'),(137,32,217,'1','1','1','1'),(138,32,218,'1','1','1','1'),(139,22,218,'1','1','1','1'),(140,17,218,'1','1','1','1'),(141,17,219,'1','1','1','1'),(142,22,219,'1','1','1','1'),(143,32,219,'1','1','1','1'),(144,32,220,'1','1','1','1'),(145,22,220,'1','1','1','1'),(146,17,220,'1','1','1','1'),(147,17,221,'1','1','1','1'),(148,22,221,'1','1','1','1'),(149,32,221,'1','1','1','1'),(150,32,222,'1','1','1','1'),(151,22,222,'1','1','1','1'),(152,17,222,'1','1','1','1'),(153,17,223,'1','1','1','1'),(154,22,223,'1','1','1','1'),(155,32,223,'1','1','1','1'),(156,32,224,'1','1','1','1'),(157,22,224,'1','1','1','1'),(158,17,224,'1','1','1','1'),(159,17,225,'1','1','1','1'),(160,22,225,'1','1','1','1'),(161,32,225,'1','1','1','1'),(162,17,160,'-1','-1','-1','-1'),(163,17,161,'-1','-1','-1','-1'),(164,17,162,'-1','-1','-1','-1'),(165,17,163,'-1','-1','-1','-1'),(166,17,164,'-1','-1','-1','-1'),(167,17,165,'-1','-1','-1','-1'),(168,17,166,'-1','-1','-1','-1'),(169,17,167,'-1','-1','-1','-1'),(170,17,168,'-1','-1','-1','-1'),(171,17,169,'-1','-1','-1','-1'),(172,17,170,'-1','-1','-1','-1'),(173,17,171,'-1','-1','-1','-1'),(174,17,172,'-1','-1','-1','-1'),(175,17,173,'-1','-1','-1','-1'),(176,17,175,'-1','-1','-1','-1'),(177,17,176,'-1','-1','-1','-1'),(178,17,174,'-1','-1','-1','-1'),(179,17,177,'-1','-1','-1','-1'),(180,17,178,'-1','-1','-1','-1'),(181,17,179,'-1','-1','-1','-1'),(182,17,180,'-1','-1','-1','-1'),(183,17,181,'-1','-1','-1','-1'),(184,22,140,'1','1','1','1'),(185,22,141,'1','1','1','1'),(186,48,1,'1','1','1','1'),(187,48,2,'1','1','1','1'),(188,48,3,'1','1','1','1'),(189,48,4,'1','1','1','1'),(190,48,5,'1','1','1','1'),(191,48,6,'1','1','1','1'),(192,48,7,'1','1','1','1'),(193,48,8,'1','1','1','1'),(194,48,9,'1','1','1','1'),(195,48,10,'1','1','1','1'),(196,48,11,'1','1','1','1'),(197,48,12,'1','1','1','1'),(198,48,13,'1','1','1','1'),(199,48,14,'1','1','1','1'),(200,48,15,'1','1','1','1'),(201,48,16,'1','1','1','1'),(202,48,17,'1','1','1','1'),(203,48,18,'1','1','1','1'),(204,48,19,'1','1','1','1'),(205,48,20,'1','1','1','1'),(206,48,21,'1','1','1','1'),(207,48,22,'1','1','1','1'),(208,48,23,'1','1','1','1'),(209,48,24,'1','1','1','1'),(210,48,25,'1','1','1','1'),(211,48,26,'1','1','1','1'),(212,48,27,'1','1','1','1'),(213,48,28,'1','1','1','1'),(214,48,29,'1','1','1','1'),(215,48,30,'1','1','1','1'),(216,48,31,'1','1','1','1'),(217,48,32,'1','1','1','1'),(218,48,33,'1','1','1','1'),(219,48,34,'1','1','1','1'),(220,48,35,'1','1','1','1'),(221,48,36,'1','1','1','1'),(222,48,37,'1','1','1','1'),(223,48,38,'1','1','1','1'),(224,48,39,'1','1','1','1'),(225,48,40,'1','1','1','1'),(226,48,41,'1','1','1','1'),(227,48,42,'1','1','1','1'),(228,48,43,'1','1','1','1'),(229,48,44,'1','1','1','1'),(230,48,45,'1','1','1','1'),(231,48,46,'1','1','1','1'),(232,48,47,'1','1','1','1'),(233,48,48,'1','1','1','1'),(234,48,49,'1','1','1','1'),(235,48,50,'1','1','1','1'),(236,48,51,'1','1','1','1'),(237,48,52,'1','1','1','1'),(238,48,53,'1','1','1','1'),(239,48,54,'1','1','1','1'),(240,48,55,'1','1','1','1'),(241,48,56,'1','1','1','1'),(242,48,57,'1','1','1','1'),(243,48,58,'1','1','1','1'),(244,48,59,'1','1','1','1'),(245,48,60,'1','1','1','1'),(246,48,61,'1','1','1','1'),(247,48,62,'1','1','1','1'),(248,48,63,'1','1','1','1'),(249,48,64,'1','1','1','1'),(250,48,65,'1','1','1','1'),(251,48,66,'1','1','1','1'),(252,48,67,'1','1','1','1'),(253,48,68,'1','1','1','1'),(254,48,69,'1','1','1','1'),(255,48,70,'1','1','1','1'),(256,48,71,'1','1','1','1'),(257,48,72,'1','1','1','1'),(258,48,73,'1','1','1','1'),(259,48,74,'1','1','1','1'),(260,48,75,'1','1','1','1'),(261,48,76,'1','1','1','1'),(262,48,77,'1','1','1','1'),(263,48,78,'1','1','1','1'),(264,48,79,'1','1','1','1'),(265,48,80,'1','1','1','1'),(266,48,81,'1','1','1','1'),(267,48,82,'1','1','1','1'),(268,48,83,'1','1','1','1'),(269,48,84,'1','1','1','1'),(270,48,85,'1','1','1','1'),(271,48,86,'1','1','1','1'),(272,48,87,'1','1','1','1'),(273,48,88,'1','1','1','1'),(274,48,89,'1','1','1','1'),(275,48,90,'1','1','1','1'),(276,48,91,'1','1','1','1'),(277,48,92,'1','1','1','1'),(280,48,93,'1','1','1','1'),(281,48,94,'1','1','1','1'),(282,48,95,'1','1','1','1'),(283,48,96,'1','1','1','1'),(284,48,97,'1','1','1','1'),(285,48,98,'1','1','1','1'),(286,48,99,'1','1','1','1'),(287,48,100,'1','1','1','1'),(288,48,101,'1','1','1','1'),(289,48,102,'1','1','1','1'),(290,48,103,'1','1','1','1'),(291,48,104,'1','1','1','1'),(292,48,105,'1','1','1','1'),(293,48,106,'1','1','1','1'),(294,48,107,'1','1','1','1'),(295,48,108,'1','1','1','1'),(296,48,109,'1','1','1','1'),(297,48,110,'1','1','1','1'),(298,48,111,'1','1','1','1'),(299,48,112,'1','1','1','1'),(300,48,113,'1','1','1','1'),(301,48,114,'1','1','1','1'),(302,48,115,'1','1','1','1'),(303,48,116,'1','1','1','1'),(304,48,117,'1','1','1','1'),(305,48,118,'1','1','1','1'),(306,48,119,'1','1','1','1'),(307,48,120,'1','1','1','1'),(308,48,121,'1','1','1','1'),(309,48,122,'1','1','1','1'),(310,48,123,'1','1','1','1'),(311,48,124,'1','1','1','1'),(312,48,125,'1','1','1','1'),(313,48,126,'1','1','1','1'),(314,48,127,'1','1','1','1'),(315,48,128,'1','1','1','1'),(316,48,129,'1','1','1','1'),(317,48,130,'1','1','1','1'),(318,48,131,'1','1','1','1'),(319,48,132,'1','1','1','1'),(320,48,133,'1','1','1','1'),(321,48,134,'1','1','1','1'),(322,48,135,'1','1','1','1'),(323,48,136,'1','1','1','1'),(324,48,137,'1','1','1','1'),(325,48,138,'1','1','1','1'),(326,48,139,'1','1','1','1'),(327,48,140,'1','1','1','1'),(328,48,141,'1','1','1','1'),(329,48,142,'1','1','1','1'),(330,48,143,'1','1','1','1'),(331,48,144,'1','1','1','1'),(332,48,145,'1','1','1','1'),(333,48,146,'1','1','1','1'),(334,48,147,'1','1','1','1'),(335,48,148,'1','1','1','1'),(336,48,149,'1','1','1','1'),(337,48,150,'1','1','1','1'),(338,48,151,'1','1','1','1'),(339,48,152,'1','1','1','1'),(340,48,153,'1','1','1','1'),(341,48,154,'1','1','1','1'),(342,48,155,'1','1','1','1'),(343,48,156,'1','1','1','1'),(344,48,157,'1','1','1','1'),(345,48,158,'1','1','1','1'),(346,48,159,'1','1','1','1'),(347,48,160,'1','1','1','1'),(348,48,161,'1','1','1','1'),(349,48,162,'1','1','1','1'),(350,48,163,'1','1','1','1'),(351,48,164,'1','1','1','1'),(352,48,165,'1','1','1','1'),(353,48,166,'1','1','1','1'),(354,48,167,'1','1','1','1'),(355,48,168,'1','1','1','1'),(356,48,169,'1','1','1','1'),(357,48,170,'1','1','1','1'),(358,48,171,'1','1','1','1'),(359,48,172,'1','1','1','1'),(360,48,173,'1','1','1','1'),(361,48,174,'1','1','1','1'),(362,48,175,'1','1','1','1'),(363,48,176,'1','1','1','1'),(364,48,177,'1','1','1','1'),(365,48,178,'1','1','1','1'),(366,48,179,'1','1','1','1'),(367,48,180,'1','1','1','1'),(368,48,181,'1','1','1','1'),(369,48,190,'1','1','1','1'),(370,48,191,'1','1','1','1'),(371,48,192,'1','1','1','1'),(372,48,193,'1','1','1','1'),(373,48,194,'1','1','1','1'),(374,48,195,'1','1','1','1'),(375,48,196,'1','1','1','1'),(376,48,197,'1','1','1','1'),(377,48,198,'1','1','1','1'),(378,48,199,'1','1','1','1'),(379,48,200,'1','1','1','1'),(380,48,201,'1','1','1','1'),(381,48,202,'1','1','1','1'),(382,48,203,'1','1','1','1'),(383,48,204,'1','1','1','1'),(384,48,205,'1','1','1','1'),(385,48,206,'1','1','1','1'),(386,48,207,'1','1','1','1'),(387,48,208,'1','1','1','1'),(388,48,209,'1','1','1','1'),(389,48,210,'1','1','1','1'),(390,48,211,'1','1','1','1'),(391,48,212,'1','1','1','1'),(392,48,213,'1','1','1','1'),(393,48,214,'1','1','1','1'),(394,48,215,'1','1','1','1'),(395,48,216,'1','1','1','1'),(396,48,217,'1','1','1','1'),(397,48,218,'1','1','1','1'),(398,48,219,'1','1','1','1'),(399,48,220,'1','1','1','1'),(400,48,221,'1','1','1','1'),(401,48,222,'1','1','1','1'),(402,48,223,'1','1','1','1'),(403,48,224,'1','1','1','1'),(404,48,225,'1','1','1','1'),(405,49,213,'1','1','1','1'),(406,50,213,'1','1','1','1'),(407,51,213,'1','1','1','1'),(408,51,214,'1','1','1','1'),(409,50,214,'1','1','1','1'),(410,49,214,'1','1','1','1'),(411,49,215,'1','1','1','1'),(412,50,215,'1','1','1','1'),(413,51,215,'1','1','1','1'),(414,51,216,'1','1','1','1'),(415,50,216,'1','1','1','1'),(416,49,216,'1','1','1','1'),(417,49,217,'1','1','1','1'),(418,50,217,'1','1','1','1'),(419,51,217,'1','1','1','1'),(420,51,218,'1','1','1','1'),(421,50,218,'1','1','1','1'),(422,49,218,'1','1','1','1'),(423,49,219,'1','1','1','1'),(424,50,219,'1','1','1','1'),(425,51,219,'1','1','1','1'),(426,49,225,'1','1','1','1'),(427,50,225,'1','1','1','1'),(428,51,225,'1','1','1','1'),(429,51,224,'1','1','1','1'),(430,50,224,'1','1','1','1'),(431,49,224,'1','1','1','1'),(432,49,223,'1','1','1','1'),(433,50,223,'1','1','1','1'),(434,51,222,'1','1','1','1'),(435,50,222,'1','1','1','1'),(436,49,222,'1','1','1','1'),(437,49,221,'1','1','1','1'),(438,49,220,'1','1','1','1'),(439,51,220,'1','1','1','1'),(440,50,220,'1','1','1','1'),(441,51,221,'1','1','1','1'),(442,50,221,'1','1','1','1'),(443,51,223,'1','1','1','1'),(444,49,141,'1','1','1','1'),(445,50,141,'1','1','1','1'),(446,51,141,'1','1','1','1'),(447,51,140,'1','1','1','1'),(448,50,140,'1','1','1','1'),(449,49,140,'1','1','1','1'),(450,49,142,'1','1','1','1'),(451,50,142,'1','1','1','1'),(452,51,142,'1','1','1','1'),(453,49,143,'1','1','1','1'),(454,50,143,'1','1','1','1'),(455,51,143,'1','1','1','1'),(456,50,144,'1','1','1','1'),(457,51,144,'1','1','1','1'),(458,49,144,'1','1','1','1'),(459,49,145,'1','1','1','1'),(460,50,145,'1','1','1','1'),(461,51,146,'1','1','1','1'),(462,51,145,'1','1','1','1'),(463,50,146,'1','1','1','1'),(464,49,146,'1','1','1','1'),(465,79,126,'1','1','1','1'),(466,79,127,'1','1','1','1'),(467,79,128,'1','1','1','1'),(468,79,129,'1','1','1','1'),(469,79,130,'1','1','1','1'),(470,79,131,'1','1','1','1'),(471,79,132,'1','1','1','1'),(472,79,133,'1','1','1','1'),(473,79,134,'1','1','1','1'),(474,79,135,'1','1','1','1'),(475,79,136,'1','1','1','1'),(476,79,137,'1','1','1','1'),(477,79,138,'1','1','1','1'),(478,79,139,'1','1','1','1'),(479,79,140,'1','1','1','1'),(480,79,141,'1','1','1','1'),(481,79,142,'1','1','1','1'),(482,79,143,'1','1','1','1'),(483,79,144,'1','1','1','1'),(484,79,145,'1','1','1','1'),(485,79,146,'1','1','1','1'),(486,79,147,'1','1','1','1'),(487,79,148,'1','1','1','1'),(488,79,149,'1','1','1','1'),(489,79,150,'1','1','1','1'),(490,79,151,'1','1','1','1'),(491,79,152,'1','1','1','1'),(492,79,153,'1','1','1','1'),(493,79,154,'1','1','1','1'),(494,79,155,'1','1','1','1'),(495,79,156,'1','1','1','1'),(496,79,157,'1','1','1','1'),(497,79,159,'1','1','1','1'),(498,79,181,'1','1','1','1'),(499,79,190,'1','1','1','1'),(500,79,212,'1','1','1','1'),(501,79,211,'1','1','1','1'),(502,79,210,'1','1','1','1'),(503,79,209,'1','1','1','1'),(504,79,208,'1','1','1','1'),(505,79,207,'1','1','1','1'),(506,79,206,'1','1','1','1'),(507,79,205,'1','1','1','1'),(508,79,160,'1','1','1','1'),(509,79,161,'1','1','1','1'),(510,79,162,'1','1','1','1'),(511,79,163,'1','1','1','1'),(512,79,164,'1','1','1','1'),(513,79,165,'1','1','1','1'),(514,79,166,'1','1','1','1'),(515,79,167,'1','1','1','1'),(516,79,168,'1','1','1','1'),(517,79,169,'1','1','1','1'),(518,79,170,'1','1','1','1'),(519,79,171,'1','1','1','1'),(520,79,172,'1','1','1','1'),(521,79,173,'1','1','1','1'),(522,79,174,'1','1','1','1'),(523,79,175,'1','1','1','1'),(524,79,176,'1','1','1','1'),(525,79,177,'1','1','1','1'),(526,79,178,'1','1','1','1'),(527,79,179,'1','1','1','1'),(528,79,180,'1','1','1','1'),(529,79,204,'1','1','1','1'),(530,79,203,'1','1','1','1'),(531,79,202,'1','1','1','1'),(532,79,201,'1','1','1','1'),(533,79,200,'1','1','1','1'),(534,79,199,'1','1','1','1'),(535,79,198,'1','1','1','1'),(536,79,197,'1','1','1','1'),(537,79,196,'1','1','1','1'),(538,79,195,'1','1','1','1'),(539,79,194,'1','1','1','1'),(540,79,193,'1','1','1','1'),(541,79,192,'1','1','1','1'),(542,79,191,'1','1','1','1'),(543,79,266,'1','1','1','1'),(544,79,267,'1','1','1','1'),(545,79,268,'1','1','1','1'),(546,79,269,'1','1','1','1'),(547,79,270,'1','1','1','1'),(548,79,271,'1','1','1','1'),(549,79,272,'1','1','1','1'),(550,79,273,'1','1','1','1'),(551,79,274,'1','1','1','1'),(552,79,275,'1','1','1','1'),(553,79,276,'1','1','1','1'),(554,79,277,'1','1','1','1'),(555,79,278,'1','1','1','1'),(556,79,279,'1','1','1','1'),(557,79,280,'1','1','1','1'),(558,79,281,'1','1','1','1'),(559,79,282,'1','1','1','1'),(560,79,283,'1','1','1','1'),(561,79,284,'1','1','1','1'),(562,79,285,'1','1','1','1'),(563,79,286,'1','1','1','1'),(564,79,287,'1','1','1','1'),(565,79,288,'1','1','1','1'),(566,79,289,'1','1','1','1'),(567,79,290,'1','1','1','1'),(568,79,291,'1','1','1','1'),(569,79,292,'1','1','1','1'),(570,79,347,'1','1','1','1'),(571,79,373,'1','1','1','1'),(572,79,372,'1','1','1','1'),(573,79,371,'1','1','1','1'),(574,79,370,'1','1','1','1'),(575,79,369,'1','1','1','1'),(576,79,368,'1','1','1','1'),(577,79,367,'1','1','1','1'),(578,79,366,'1','1','1','1'),(579,79,365,'1','1','1','1'),(580,79,364,'1','1','1','1'),(581,79,363,'1','1','1','1'),(582,79,362,'1','1','1','1'),(583,79,361,'1','1','1','1'),(584,79,360,'1','1','1','1'),(585,79,359,'1','1','1','1'),(586,79,358,'1','1','1','1'),(587,79,357,'1','1','1','1'),(588,79,356,'1','1','1','1'),(589,79,355,'1','1','1','1'),(590,79,354,'1','1','1','1'),(591,79,353,'1','1','1','1'),(592,79,352,'1','1','1','1'),(593,79,351,'1','1','1','1'),(594,79,350,'1','1','1','1'),(595,79,349,'1','1','1','1'),(596,79,348,'1','1','1','1'),(597,79,374,'1','1','1','1'),(598,79,375,'1','1','1','1'),(599,79,376,'1','1','1','1'),(600,79,377,'1','1','1','1'),(601,79,378,'1','1','1','1'),(602,79,379,'1','1','1','1'),(603,79,380,'1','1','1','1'),(604,79,381,'1','1','1','1'),(605,79,382,'1','1','1','1'),(606,79,383,'1','1','1','1'),(607,79,384,'1','1','1','1'),(608,79,385,'1','1','1','1'),(609,79,386,'1','1','1','1'),(610,79,387,'1','1','1','1'),(611,79,388,'1','1','1','1'),(612,79,389,'1','1','1','1'),(613,79,390,'1','1','1','1'),(614,79,391,'1','1','1','1'),(615,79,392,'1','1','1','1'),(616,79,393,'1','1','1','1'),(617,79,394,'1','1','1','1'),(618,79,395,'1','1','1','1'),(619,79,396,'1','1','1','1'),(620,79,397,'1','1','1','1'),(621,79,398,'1','1','1','1'),(622,79,399,'1','1','1','1'),(623,79,400,'1','1','1','1'),(624,79,320,'1','1','1','1'),(625,79,321,'1','1','1','1'),(626,79,346,'1','1','1','1'),(627,79,345,'1','1','1','1'),(628,79,344,'1','1','1','1'),(629,79,343,'1','1','1','1'),(630,79,342,'1','1','1','1'),(631,79,341,'1','1','1','1'),(632,79,340,'1','1','1','1'),(633,79,338,'1','1','1','1'),(634,79,339,'1','1','1','1'),(635,79,337,'1','1','1','1'),(636,79,336,'1','1','1','1'),(637,79,335,'1','1','1','1'),(638,79,334,'1','1','1','1'),(639,79,333,'1','1','1','1'),(640,79,332,'1','1','1','1'),(641,79,331,'1','1','1','1'),(642,79,330,'1','1','1','1'),(643,79,329,'1','1','1','1'),(644,79,328,'1','1','1','1'),(645,79,327,'1','1','1','1'),(646,79,323,'1','1','1','1'),(647,79,325,'1','1','1','1'),(648,79,326,'1','1','1','1'),(649,79,324,'1','1','1','1'),(650,79,322,'1','1','1','1'),(651,79,401,'1','1','1','1'),(652,79,402,'1','1','1','1'),(653,79,403,'1','1','1','1'),(654,79,404,'1','1','1','1'),(655,79,405,'1','1','1','1'),(656,79,406,'1','1','1','1'),(657,79,407,'1','1','1','1'),(658,79,408,'1','1','1','1'),(659,79,409,'1','1','1','1'),(660,79,410,'1','1','1','1'),(661,79,411,'1','1','1','1'),(662,79,412,'1','1','1','1'),(663,79,413,'1','1','1','1'),(664,79,414,'1','1','1','1'),(665,79,415,'1','1','1','1'),(666,79,416,'1','1','1','1'),(667,79,417,'1','1','1','1'),(668,79,418,'1','1','1','1'),(669,79,419,'1','1','1','1'),(670,79,420,'1','1','1','1'),(671,79,421,'1','1','1','1'),(672,79,422,'1','1','1','1'),(673,79,423,'1','1','1','1'),(674,49,424,'1','1','1','1'),(675,50,424,'1','1','1','1'),(676,51,424,'1','1','1','1'),(677,51,425,'1','1','1','1'),(678,50,425,'1','1','1','1'),(679,49,425,'1','1','1','1'),(680,49,426,'1','1','1','1'),(681,50,426,'1','1','1','1'),(682,51,426,'1','1','1','1'),(683,51,427,'1','1','1','1'),(684,50,427,'1','1','1','1'),(685,49,427,'1','1','1','1'),(686,49,428,'1','1','1','1'),(687,50,428,'1','1','1','1'),(688,51,428,'1','1','1','1'),(689,51,429,'1','1','1','1'),(690,50,429,'1','1','1','1'),(691,49,430,'1','1','1','1'),(692,50,430,'1','1','1','1'),(693,51,430,'1','1','1','1'),(694,49,429,'1','1','1','1'),(695,49,431,'1','1','1','1'),(696,50,431,'1','1','1','1'),(697,51,431,'1','1','1','1'),(698,51,432,'1','1','1','1'),(699,50,432,'1','1','1','1'),(700,49,432,'1','1','1','1'),(701,49,433,'1','1','1','1'),(702,49,434,'1','1','1','1'),(703,49,435,'1','1','1','1'),(704,49,436,'1','1','1','1'),(705,49,437,'1','1','1','1'),(706,50,437,'1','1','1','1'),(707,50,436,'1','1','1','1'),(708,50,435,'1','1','1','1'),(709,50,434,'1','1','1','1'),(710,50,433,'1','1','1','1'),(711,51,433,'1','1','1','1'),(712,51,434,'1','1','1','1'),(713,51,435,'1','1','1','1'),(714,51,436,'1','1','1','1'),(715,51,437,'1','1','1','1'),(716,51,438,'1','1','1','1'),(717,50,438,'1','1','1','1'),(718,49,438,'1','1','1','1'),(719,49,439,'1','1','1','1'),(720,49,440,'1','1','1','1'),(721,49,441,'1','1','1','1'),(722,49,442,'1','1','1','1'),(723,49,443,'1','1','1','1'),(724,50,443,'1','1','1','1'),(725,50,442,'1','1','1','1'),(726,50,441,'1','1','1','1'),(727,50,440,'1','1','1','1'),(728,50,439,'1','1','1','1'),(729,51,439,'1','1','1','1'),(730,51,440,'1','1','1','1'),(731,51,441,'1','1','1','1'),(732,51,442,'1','1','1','1'),(733,51,443,'1','1','1','1'),(734,49,444,'1','1','1','1'),(735,50,444,'1','1','1','1'),(736,51,444,'1','1','1','1'),(737,51,445,'1','1','1','1'),(738,51,446,'1','1','1','1'),(739,51,447,'1','1','1','1'),(740,51,448,'1','1','1','1'),(741,51,449,'1','1','1','1'),(742,51,450,'1','1','1','1'),(743,50,450,'1','1','1','1'),(744,49,450,'1','1','1','1'),(745,49,449,'1','1','1','1'),(746,49,448,'1','1','1','1'),(747,49,447,'1','1','1','1'),(748,49,446,'1','1','1','1'),(749,49,445,'1','1','1','1'),(750,50,445,'1','1','1','1'),(751,50,446,'1','1','1','1'),(752,50,447,'1','1','1','1'),(753,50,448,'1','1','1','1'),(754,50,449,'1','1','1','1'),(755,79,462,'1','1','1','1'),(756,79,463,'1','1','1','1'),(757,79,464,'1','1','1','1'),(758,79,465,'1','1','1','1'),(759,79,466,'1','1','1','1'),(760,79,467,'1','1','1','1'),(761,79,468,'1','1','1','1'),(762,79,469,'1','1','1','1'),(763,79,470,'1','1','1','1'),(764,79,471,'1','1','1','1'),(765,79,472,'1','1','1','1'),(766,79,473,'1','1','1','1'),(767,79,474,'1','1','1','1'),(768,79,475,'1','1','1','1'),(769,79,477,'1','1','1','1'),(770,79,478,'1','1','1','1'),(771,79,476,'1','1','1','1'),(772,79,479,'1','1','1','1'),(773,79,480,'1','1','1','1'),(774,79,481,'1','1','1','1'),(775,79,482,'1','1','1','1'),(776,79,489,'1','1','1','1'),(777,79,488,'1','1','1','1'),(778,79,487,'1','1','1','1'),(779,79,486,'1','1','1','1'),(780,79,485,'1','1','1','1'),(781,79,484,'1','1','1','1'),(782,79,483,'1','1','1','1'),(840,49,652,'1','1','1','1'),(841,50,652,'1','1','1','1'),(842,51,652,'1','1','1','1'),(843,51,651,'1','1','1','1'),(844,50,651,'1','1','1','1'),(845,49,651,'1','1','1','1'),(846,49,650,'1','1','1','1'),(847,50,650,'1','1','1','1'),(848,51,650,'1','1','1','1'),(849,51,649,'1','1','1','1'),(850,50,649,'1','1','1','1'),(851,49,649,'1','1','1','1'),(852,49,648,'1','1','1','1'),(855,50,648,'1','1','1','1'),(856,51,648,'1','1','1','1'),(857,51,647,'1','1','1','1'),(858,49,647,'1','1','1','1'),(859,50,647,'1','1','1','1'),(860,50,625,'1','1','1','1'),(861,49,625,'1','1','1','1'),(862,50,626,'1','1','1','1'),(863,51,626,'1','1','1','1'),(864,51,625,'1','1','1','1'),(865,49,626,'1','1','1','1'),(866,50,628,'1','1','1','1'),(867,50,627,'1','1','1','1'),(868,51,627,'1','1','1','1'),(869,50,629,'1','1','1','1'),(870,49,628,'1','1','1','1'),(871,51,629,'1','1','1','1'),(872,51,628,'1','1','1','1'),(873,50,630,'1','1','1','1'),(874,49,627,'1','1','1','1'),(875,49,630,'1','1','1','1'),(876,51,630,'1','1','1','1'),(877,49,631,'1','1','1','1'),(878,49,629,'1','1','1','1'),(879,50,631,'1','1','1','1'),(880,51,631,'1','1','1','1'),(881,50,632,'1','1','1','1'),(882,51,632,'1','1','1','1'),(883,49,632,'1','1','1','1'),(884,49,633,'1','1','1','1'),(885,50,633,'1','1','1','1'),(886,51,633,'1','1','1','1'),(887,51,634,'1','1','1','1'),(888,50,634,'1','1','1','1'),(889,49,634,'1','1','1','1'),(890,51,635,'1','1','1','1'),(891,50,635,'1','1','1','1'),(892,49,635,'1','1','1','1'),(893,49,636,'1','1','1','1'),(894,50,636,'1','1','1','1'),(895,51,636,'1','1','1','1'),(896,51,637,'1','1','1','1'),(897,50,637,'1','1','1','1'),(898,49,637,'1','1','1','1'),(899,49,638,'1','1','1','1'),(900,50,638,'1','1','1','1'),(901,51,638,'1','1','1','1'),(902,51,639,'1','1','1','1'),(903,50,639,'1','1','1','1'),(904,49,639,'1','1','1','1'),(905,49,640,'1','1','1','1'),(906,50,640,'1','1','1','1'),(907,51,640,'1','1','1','1'),(908,51,641,'1','1','1','1'),(909,50,641,'1','1','1','1'),(910,49,641,'1','1','1','1'),(911,49,642,'1','1','1','1'),(912,50,642,'1','1','1','1'),(913,51,642,'1','1','1','1'),(914,49,643,'1','1','1','1'),(915,51,644,'1','1','1','1'),(916,50,644,'1','1','1','1'),(917,51,645,'1','1','1','1'),(918,49,644,'1','1','1','1'),(919,51,646,'1','1','1','1'),(920,50,646,'1','1','1','1'),(921,50,643,'1','1','1','1'),(922,50,645,'1','1','1','1'),(923,49,646,'1','1','1','1'),(924,49,645,'1','1','1','1'),(925,51,643,'1','1','1','1'),(926,49,665,'1','1','1','1'),(927,50,665,'1','1','1','1'),(928,51,665,'1','1','1','1'),(929,49,692,'1','1','1','1'),(930,50,692,'1','1','1','1'),(931,51,692,'1','1','1','1'),(932,49,693,'1','1','1','1'),(933,51,693,'1','1','1','1'),(934,50,694,'1','1','1','1'),(935,50,693,'1','1','1','1'),(936,49,694,'1','1','1','1'),(937,49,695,'1','1','1','1'),(938,49,696,'1','1','1','1'),(939,49,697,'1','1','1','1'),(940,49,698,'1','1','1','1'),(941,49,700,'1','1','1','1'),(942,50,700,'1','1','1','1'),(943,51,700,'1','1','1','1'),(944,51,698,'1','1','1','1'),(945,50,698,'1','1','1','1'),(946,50,697,'1','1','1','1'),(947,50,696,'1','1','1','1'),(948,50,695,'1','1','1','1'),(949,51,694,'1','1','1','1'),(950,51,695,'1','1','1','1'),(951,51,696,'1','1','1','1'),(952,51,697,'1','1','1','1'),(953,49,666,'1','1','1','1'),(954,50,666,'1','1','1','1'),(955,51,667,'1','1','1','1'),(956,50,667,'1','1','1','1'),(957,51,666,'1','1','1','1'),(958,49,667,'1','1','1','1'),(959,49,668,'1','1','1','1'),(960,50,668,'1','1','1','1'),(961,51,668,'1','1','1','1'),(962,51,669,'1','1','1','1'),(963,50,669,'1','1','1','1'),(964,49,669,'1','1','1','1'),(965,49,670,'1','1','1','1'),(966,49,671,'1','1','1','1'),(967,50,671,'1','1','1','1'),(968,51,671,'1','1','1','1'),(969,51,670,'1','1','1','1'),(970,50,670,'1','1','1','1'),(971,51,672,'1','1','1','1'),(972,50,672,'1','1','1','1'),(973,49,672,'1','1','1','1'),(974,49,673,'1','1','1','1'),(975,49,674,'1','1','1','1'),(976,50,673,'1','1','1','1'),(977,51,673,'1','1','1','1'),(978,51,674,'1','1','1','1'),(979,50,674,'1','1','1','1'),(980,50,675,'1','1','1','1'),(981,49,675,'1','1','1','1'),(982,51,675,'1','1','1','1'),(983,51,676,'1','1','1','1'),(984,50,676,'1','1','1','1'),(985,49,676,'1','1','1','1'),(986,49,677,'1','1','1','1'),(987,49,678,'1','1','1','1'),(988,50,678,'1','1','1','1'),(989,50,677,'1','1','1','1'),(990,51,677,'1','1','1','1'),(991,51,678,'1','1','1','1'),(992,51,679,'1','1','1','1'),(993,50,679,'1','1','1','1'),(994,49,679,'1','1','1','1'),(995,49,680,'1','1','1','1'),(996,49,681,'1','1','1','1'),(997,49,682,'1','1','1','1'),(998,50,682,'1','1','1','1'),(999,51,682,'1','1','1','1'),(1000,51,681,'1','1','1','1'),(1001,50,681,'1','1','1','1'),(1002,50,680,'1','1','1','1'),(1003,51,680,'1','1','1','1'),(1004,51,683,'1','1','1','1'),(1005,50,683,'1','1','1','1'),(1006,49,683,'1','1','1','1'),(1007,49,684,'1','1','1','1'),(1008,50,684,'1','1','1','1'),(1009,51,684,'1','1','1','1'),(1010,51,685,'1','1','1','1'),(1011,50,685,'1','1','1','1'),(1012,49,685,'1','1','1','1'),(1013,49,686,'1','1','1','1'),(1014,50,686,'1','1','1','1'),(1015,51,686,'1','1','1','1'),(1016,51,687,'1','1','1','1'),(1017,50,687,'1','1','1','1'),(1018,49,687,'1','1','1','1'),(1019,49,688,'1','1','1','1'),(1020,50,688,'1','1','1','1'),(1021,51,688,'1','1','1','1'),(1022,51,689,'1','1','1','1'),(1023,50,689,'1','1','1','1'),(1024,49,689,'1','1','1','1'),(1025,49,690,'1','1','1','1'),(1026,50,690,'1','1','1','1'),(1027,51,690,'1','1','1','1'),(1028,51,691,'1','1','1','1'),(1029,50,691,'1','1','1','1'),(1030,49,691,'1','1','1','1'),(1031,49,488,'1','1','1','1'),(1032,51,488,'1','1','1','1'),(1033,50,488,'1','1','1','1'),(1034,50,487,'1','1','1','1'),(1035,51,487,'1','1','1','1'),(1036,49,487,'1','1','1','1'),(1037,49,486,'1','1','1','1'),(1038,50,486,'1','1','1','1'),(1039,51,486,'1','1','1','1'),(1040,51,485,'1','1','1','1'),(1041,50,485,'1','1','1','1'),(1042,49,485,'1','1','1','1'),(1043,49,484,'1','1','1','1'),(1044,50,484,'1','1','1','1'),(1045,51,484,'1','1','1','1'),(1046,51,483,'1','1','1','1'),(1047,50,483,'1','1','1','1'),(1048,49,482,'1','1','1','1'),(1049,49,483,'1','1','1','1'),(1050,50,482,'1','1','1','1'),(1051,51,482,'1','1','1','1'),(1052,50,481,'1','1','1','1'),(1053,49,481,'1','1','1','1'),(1054,49,480,'1','1','1','1'),(1055,50,480,'1','1','1','1'),(1056,51,480,'1','1','1','1'),(1057,51,481,'1','1','1','1'),(1058,51,479,'1','1','1','1'),(1059,50,479,'1','1','1','1'),(1060,49,479,'1','1','1','1'),(1061,49,478,'1','1','1','1'),(1062,50,478,'1','1','1','1'),(1063,51,478,'1','1','1','1'),(1064,49,477,'1','1','1','1'),(1065,50,477,'1','1','1','1'),(1066,51,477,'1','1','1','1'),(1067,51,476,'1','1','1','1'),(1068,50,476,'1','1','1','1'),(1069,49,476,'1','1','1','1'),(1070,49,475,'1','1','1','1'),(1071,50,475,'1','1','1','1'),(1072,51,475,'1','1','1','1'),(1073,51,474,'1','1','1','1'),(1074,50,474,'1','1','1','1'),(1075,49,474,'1','1','1','1'),(1076,49,473,'1','1','1','1'),(1077,50,473,'1','1','1','1'),(1078,51,473,'1','1','1','1'),(1079,49,465,'1','1','1','1'),(1080,50,465,'1','1','1','1'),(1081,51,464,'1','1','1','1'),(1082,50,464,'1','1','1','1'),(1083,51,465,'1','1','1','1'),(1084,49,464,'1','1','1','1'),(1085,49,463,'1','1','1','1'),(1086,50,463,'1','1','1','1'),(1087,51,463,'1','1','1','1'),(1088,51,462,'1','1','1','1'),(1089,49,462,'1','1','1','1'),(1090,50,462,'1','1','1','1'),(1091,49,755,'1','1','1','1'),(1092,51,755,'1','1','1','1'),(1093,50,755,'1','1','1','1'),(1094,49,788,'1','1','1','1'),(1095,51,787,'1','1','1','1'),(1096,49,786,'1','1','1','1'),(1097,50,787,'1','1','1','1'),(1098,50,788,'1','1','1','1'),(1099,51,786,'1','1','1','1'),(1100,49,787,'1','1','1','1'),(1101,50,786,'1','1','1','1'),(1102,51,788,'1','1','1','1'),(1103,51,785,'1','1','1','1'),(1104,51,784,'1','1','1','1'),(1105,51,782,'1','1','1','1'),(1106,51,783,'1','1','1','1'),(1107,50,783,'1','1','1','1'),(1108,50,784,'1','1','1','1'),(1109,50,785,'1','1','1','1'),(1110,49,785,'1','1','1','1'),(1111,49,784,'1','1','1','1'),(1112,49,783,'1','1','1','1'),(1113,49,782,'1','1','1','1'),(1114,50,782,'1','1','1','1'),(1115,50,781,'1','1','1','1'),(1116,51,781,'1','1','1','1'),(1117,51,780,'1','1','1','1'),(1118,50,780,'1','1','1','1'),(1119,49,780,'1','1','1','1'),(1120,49,781,'1','1','1','1'),(1121,49,779,'1','1','1','1'),(1122,49,778,'1','1','1','1'),(1123,49,777,'1','1','1','1'),(1124,49,776,'1','1','1','1'),(1125,49,775,'1','1','1','1'),(1126,49,774,'1','1','1','1'),(1127,49,773,'1','1','1','1'),(1128,49,772,'1','1','1','1'),(1129,49,771,'1','1','1','1'),(1130,49,770,'1','1','1','1'),(1131,51,770,'1','1','1','1'),(1132,50,770,'1','1','1','1'),(1133,50,771,'1','1','1','1'),(1134,51,771,'1','1','1','1'),(1135,51,772,'1','1','1','1'),(1136,50,772,'1','1','1','1'),(1137,50,773,'1','1','1','1'),(1138,51,773,'1','1','1','1'),(1139,51,774,'1','1','1','1'),(1140,50,774,'1','1','1','1'),(1141,51,775,'1','1','1','1'),(1142,50,775,'1','1','1','1'),(1143,50,776,'1','1','1','1'),(1144,51,776,'1','1','1','1'),(1145,51,777,'1','1','1','1'),(1146,50,778,'1','1','1','1'),(1147,51,778,'1','1','1','1'),(1148,51,779,'1','1','1','1'),(1149,50,779,'1','1','1','1'),(1150,50,777,'1','1','1','1'),(1151,51,769,'1','1','1','1'),(1152,51,768,'1','1','1','1'),(1153,51,767,'1','1','1','1'),(1154,51,766,'1','1','1','1'),(1155,51,765,'1','1','1','1'),(1156,51,764,'1','1','1','1'),(1157,51,762,'1','1','1','1'),(1158,51,761,'1','1','1','1'),(1159,51,763,'1','1','1','1'),(1160,51,760,'1','1','1','1'),(1161,51,759,'1','1','1','1'),(1162,50,759,'1','1','1','1'),(1163,49,759,'1','1','1','1'),(1164,49,760,'1','1','1','1'),(1165,49,761,'1','1','1','1'),(1166,49,762,'1','1','1','1'),(1167,49,763,'1','1','1','1'),(1168,49,764,'1','1','1','1'),(1169,49,765,'1','1','1','1'),(1170,49,766,'1','1','1','1'),(1171,49,767,'1','1','1','1'),(1172,49,768,'1','1','1','1'),(1173,49,769,'1','1','1','1'),(1174,50,769,'1','1','1','1'),(1175,50,768,'1','1','1','1'),(1176,50,767,'1','1','1','1'),(1177,50,766,'1','1','1','1'),(1178,50,765,'1','1','1','1'),(1179,50,763,'1','1','1','1'),(1180,50,761,'1','1','1','1'),(1181,50,760,'1','1','1','1'),(1182,50,762,'1','1','1','1'),(1183,50,764,'1','1','1','1'),(1184,49,756,'1','1','1','1'),(1185,50,756,'1','1','1','1'),(1186,51,757,'1','1','1','1'),(1187,50,757,'1','1','1','1'),(1188,49,757,'1','1','1','1'),(1189,49,758,'1','1','1','1'),(1190,50,758,'1','1','1','1'),(1191,51,758,'1','1','1','1'),(1192,51,756,'1','1','1','1'),(1193,50,825,'1','1','1','1'),(1194,51,825,'1','1','1','1'),(1195,49,825,'1','1','1','1'),(1196,49,824,'1','1','1','1'),(1197,50,824,'1','1','1','1'),(1198,51,824,'1','1','1','1'),(1199,51,823,'1','1','1','1'),(1200,50,823,'1','1','1','1'),(1201,49,823,'1','1','1','1'),(1202,49,822,'1','1','1','1'),(1203,50,822,'1','1','1','1'),(1204,51,822,'1','1','1','1'),(1205,51,821,'1','1','1','1'),(1206,50,821,'1','1','1','1'),(1207,49,821,'1','1','1','1'),(1208,49,820,'1','1','1','1'),(1209,50,820,'1','1','1','1'),(1210,51,820,'1','1','1','1'),(1211,51,819,'1','1','1','1'),(1212,50,819,'1','1','1','1'),(1213,49,819,'1','1','1','1'),(1214,49,818,'1','1','1','1'),(1215,50,818,'1','1','1','1'),(1216,51,818,'1','1','1','1'),(1217,49,817,'1','1','1','1'),(1218,50,817,'1','1','1','1'),(1219,51,816,'1','1','1','1'),(1220,51,817,'1','1','1','1'),(1221,50,816,'1','1','1','1'),(1222,49,816,'1','1','1','1'),(1223,49,815,'1','1','1','1'),(1224,50,815,'1','1','1','1'),(1225,51,815,'1','1','1','1'),(1226,51,814,'1','1','1','1'),(1227,50,814,'1','1','1','1'),(1228,49,814,'1','1','1','1'),(1229,51,813,'1','1','1','1'),(1230,51,812,'1','1','1','1'),(1231,51,811,'1','1','1','1'),(1232,51,810,'1','1','1','1'),(1233,51,809,'1','1','1','1'),(1234,51,808,'1','1','1','1'),(1235,51,807,'1','1','1','1'),(1236,51,806,'1','1','1','1'),(1237,51,805,'1','1','1','1'),(1238,51,804,'1','1','1','1'),(1239,51,803,'1','1','1','1'),(1240,51,802,'1','1','1','1'),(1241,51,801,'1','1','1','1'),(1242,51,800,'1','1','1','1'),(1243,50,800,'1','1','1','1'),(1244,49,800,'1','1','1','1'),(1245,49,801,'1','1','1','1'),(1246,50,801,'1','1','1','1'),(1247,50,802,'1','1','1','1'),(1248,49,802,'1','1','1','1'),(1249,49,803,'1','1','1','1'),(1250,50,803,'1','1','1','1'),(1251,50,804,'1','1','1','1'),(1252,49,804,'1','1','1','1'),(1253,49,805,'1','1','1','1'),(1254,50,805,'1','1','1','1'),(1255,50,806,'1','1','1','1'),(1256,49,806,'1','1','1','1'),(1257,49,807,'1','1','1','1'),(1258,50,807,'1','1','1','1'),(1259,50,808,'1','1','1','1'),(1260,49,808,'1','1','1','1'),(1261,49,809,'1','1','1','1'),(1262,50,809,'1','1','1','1'),(1263,50,810,'1','1','1','1'),(1264,50,811,'1','1','1','1'),(1265,50,812,'1','1','1','1'),(1266,50,813,'1','1','1','1'),(1267,49,813,'1','1','1','1'),(1268,49,812,'1','1','1','1'),(1269,49,811,'1','1','1','1'),(1270,49,810,'1','1','1','1'),(1271,49,797,'1','1','1','1'),(1272,50,797,'1','1','1','1'),(1273,51,798,'1','1','1','1'),(1274,50,798,'1','1','1','1'),(1275,51,797,'1','1','1','1'),(1276,51,799,'1','1','1','1'),(1277,50,799,'1','1','1','1'),(1278,49,799,'1','1','1','1'),(1279,49,798,'1','1','1','1'),(1280,1342,140,'1','1','1','1'),(1281,1342,141,'1','1','1','1'),(1282,1342,142,'1','1','1','1'),(1283,1342,143,'1','1','1','1'),(1284,1342,144,'1','1','1','1'),(1285,1342,145,'1','1','1','1'),(1286,1342,146,'1','1','1','1'),(1287,1342,213,'1','1','1','1'),(1288,1342,214,'1','1','1','1'),(1289,1342,215,'1','1','1','1'),(1290,1342,217,'1','1','1','1'),(1291,1342,216,'1','1','1','1'),(1292,1342,218,'1','1','1','1'),(1293,1342,219,'1','1','1','1'),(1294,1342,220,'1','1','1','1'),(1295,1342,221,'1','1','1','1'),(1296,1342,222,'1','1','1','1'),(1297,1342,223,'1','1','1','1'),(1298,1342,224,'1','1','1','1'),(1299,1342,225,'1','1','1','1'),(1300,1342,262,'1','1','1','1'),(1301,1342,263,'1','1','1','1'),(1302,1342,264,'1','1','1','1'),(1303,1342,265,'1','1','1','1'),(1304,1342,424,'1','1','1','1'),(1305,1342,425,'1','1','1','1'),(1306,1342,426,'1','1','1','1'),(1307,1342,427,'1','1','1','1'),(1308,1342,428,'1','1','1','1'),(1309,1342,429,'1','1','1','1'),(1310,1342,430,'1','1','1','1'),(1311,1342,431,'1','1','1','1'),(1312,1342,432,'1','1','1','1'),(1313,1342,433,'1','1','1','1'),(1314,1342,434,'1','1','1','1'),(1315,1342,435,'1','1','1','1'),(1316,1342,436,'1','1','1','1'),(1317,1342,437,'1','1','1','1'),(1318,1342,438,'1','1','1','1'),(1319,1342,439,'1','1','1','1'),(1320,1342,440,'1','1','1','1'),(1321,1342,441,'1','1','1','1'),(1322,1342,442,'1','1','1','1'),(1323,1342,443,'1','1','1','1'),(1324,1342,444,'1','1','1','1'),(1325,1342,445,'1','1','1','1'),(1326,1342,446,'1','1','1','1'),(1327,1342,447,'1','1','1','1'),(1328,1342,448,'1','1','1','1'),(1329,1342,449,'1','1','1','1'),(1330,1342,451,'1','1','1','1'),(1331,1342,450,'1','1','1','1'),(1332,1342,454,'1','1','1','1'),(1333,1342,462,'1','1','1','1'),(1334,1342,463,'1','1','1','1'),(1335,1342,464,'1','1','1','1'),(1336,1342,465,'1','1','1','1'),(1337,1342,466,'1','1','1','1'),(1338,1342,467,'1','1','1','1'),(1339,1342,468,'1','1','1','1'),(1340,1342,469,'1','1','1','1'),(1341,1342,470,'1','1','1','1'),(1342,1342,471,'1','1','1','1'),(1343,1342,472,'1','1','1','1'),(1344,1342,473,'1','1','1','1'),(1345,1342,474,'1','1','1','1'),(1346,1342,475,'1','1','1','1'),(1347,1342,476,'1','1','1','1'),(1348,1342,477,'1','1','1','1'),(1349,1342,478,'1','1','1','1'),(1350,1342,479,'1','1','1','1'),(1351,1342,480,'1','1','1','1'),(1352,1342,481,'1','1','1','1'),(1353,1342,482,'1','1','1','1'),(1354,1342,483,'1','1','1','1'),(1355,1342,484,'1','1','1','1'),(1356,1342,485,'1','1','1','1'),(1357,1342,486,'1','1','1','1'),(1358,1342,488,'1','1','1','1'),(1359,1342,487,'1','1','1','1'),(1360,1342,494,'1','1','1','1'),(1361,1342,625,'1','1','1','1'),(1362,1342,626,'1','1','1','1'),(1363,1342,628,'1','1','1','1'),(1364,1342,627,'1','1','1','1'),(1365,1342,629,'1','1','1','1'),(1366,1342,630,'1','1','1','1'),(1367,1342,631,'1','1','1','1'),(1368,1342,632,'1','1','1','1'),(1369,1342,633,'1','1','1','1'),(1370,1342,634,'1','1','1','1'),(1371,1342,635,'1','1','1','1'),(1372,1342,636,'1','1','1','1'),(1373,1342,637,'1','1','1','1'),(1374,1342,638,'1','1','1','1'),(1375,1342,639,'1','1','1','1'),(1376,1342,641,'1','1','1','1'),(1377,1342,640,'1','1','1','1'),(1378,1342,642,'1','1','1','1'),(1379,1342,643,'1','1','1','1'),(1380,1342,644,'1','1','1','1'),(1381,1342,645,'1','1','1','1'),(1382,1342,646,'1','1','1','1'),(1383,1342,647,'1','1','1','1'),(1384,1342,648,'1','1','1','1'),(1385,1342,649,'1','1','1','1'),(1386,1342,650,'1','1','1','1'),(1387,1342,651,'1','1','1','1'),(1388,1342,652,'1','1','1','1'),(1389,1342,655,'1','1','1','1'),(1390,1342,663,'1','1','1','1'),(1391,1342,665,'1','1','1','1'),(1392,1342,666,'1','1','1','1'),(1393,1342,667,'1','1','1','1'),(1394,1342,668,'1','1','1','1'),(1395,1342,669,'1','1','1','1'),(1396,1342,670,'1','1','1','1'),(1397,1342,671,'1','1','1','1'),(1398,1342,672,'1','1','1','1'),(1399,1342,673,'1','1','1','1'),(1400,1342,674,'1','1','1','1'),(1401,1342,675,'1','1','1','1'),(1402,1342,676,'1','1','1','1'),(1403,1342,677,'1','1','1','1'),(1404,1342,678,'1','1','1','1'),(1405,1342,679,'1','1','1','1'),(1406,1342,680,'1','1','1','1'),(1407,1342,681,'1','1','1','1'),(1408,1342,682,'1','1','1','1'),(1409,1342,683,'1','1','1','1'),(1410,1342,684,'1','1','1','1'),(1411,1342,685,'1','1','1','1'),(1412,1342,686,'1','1','1','1'),(1413,1342,687,'1','1','1','1'),(1414,1342,689,'1','1','1','1'),(1415,1342,688,'1','1','1','1'),(1416,1342,690,'1','1','1','1'),(1417,1342,691,'1','1','1','1'),(1418,1342,692,'1','1','1','1'),(1419,1342,693,'1','1','1','1'),(1420,1342,694,'1','1','1','1'),(1421,1342,695,'1','1','1','1'),(1422,1342,696,'1','1','1','1'),(1423,1342,697,'1','1','1','1'),(1424,1342,698,'1','1','1','1'),(1425,1342,700,'1','1','1','1'),(1426,1342,701,'1','1','1','1'),(1427,1342,704,'1','1','1','1'),(1428,1342,712,'1','1','1','1'),(1429,1342,714,'1','1','1','1'),(1430,1342,715,'1','1','1','1'),(1431,49,713,'1','1','1','1'),(1432,50,713,'1','1','1','1'),(1433,51,713,'1','1','1','1'),(1434,1342,713,'1','1','1','1'),(1435,1342,724,'1','1','1','1'),(1436,1342,748,'1','1','1','1'),(1437,1342,755,'1','1','1','1'),(1438,1342,756,'1','1','1','1'),(1439,1342,757,'1','1','1','1'),(1440,1342,758,'1','1','1','1'),(1441,1342,759,'1','1','1','1'),(1442,1342,760,'1','1','1','1'),(1443,1342,761,'1','1','1','1'),(1444,1342,762,'1','1','1','1'),(1445,1342,763,'1','1','1','1'),(1446,1342,764,'1','1','1','1'),(1447,1342,765,'1','1','1','1'),(1448,1342,766,'1','1','1','1'),(1449,1342,767,'1','1','1','1'),(1450,1342,768,'1','1','1','1'),(1451,1342,769,'1','1','1','1'),(1452,1342,770,'1','1','1','1'),(1453,1342,771,'1','1','1','1'),(1454,1342,772,'1','1','1','1'),(1455,1342,773,'1','1','1','1'),(1456,1342,774,'1','1','1','1'),(1457,1342,775,'1','1','1','1'),(1458,1342,776,'1','1','1','1'),(1459,1342,777,'1','1','1','1'),(1460,1342,778,'1','1','1','1'),(1461,1342,779,'1','1','1','1'),(1462,1342,780,'1','1','1','1'),(1463,1342,781,'1','1','1','1'),(1464,1342,782,'1','1','1','1'),(1465,1342,783,'1','1','1','1'),(1466,1342,784,'1','1','1','1'),(1467,1342,785,'1','1','1','1'),(1468,1342,786,'1','1','1','1'),(1469,1342,787,'1','1','1','1'),(1470,1342,788,'1','1','1','1'),(1471,1342,789,'1','1','1','1'),(1472,1342,790,'1','1','1','1'),(1473,1342,791,'1','1','1','1'),(1474,1342,792,'1','1','1','1'),(1475,1342,793,'1','1','1','1'),(1476,1342,794,'1','1','1','1'),(1477,1342,795,'1','1','1','1'),(1478,1342,796,'1','1','1','1'),(1479,1342,797,'1','1','1','1'),(1480,1342,798,'1','1','1','1'),(1481,1342,799,'1','1','1','1'),(1482,1342,800,'1','1','1','1'),(1483,1342,801,'1','1','1','1'),(1484,1342,802,'1','1','1','1'),(1485,1342,803,'1','1','1','1'),(1486,1342,804,'1','1','1','1'),(1487,1342,805,'1','1','1','1'),(1488,1342,806,'1','1','1','1'),(1489,1342,807,'1','1','1','1'),(1490,1342,808,'1','1','1','1'),(1491,1342,809,'1','1','1','1'),(1492,1342,810,'1','1','1','1'),(1493,1342,811,'1','1','1','1'),(1494,1342,812,'1','1','1','1'),(1495,1342,813,'1','1','1','1'),(1496,1342,814,'1','1','1','1'),(1497,1342,815,'1','1','1','1'),(1498,1342,816,'1','1','1','1'),(1499,1342,817,'1','1','1','1'),(1500,1342,818,'1','1','1','1'),(1501,1342,819,'1','1','1','1'),(1502,1342,820,'1','1','1','1'),(1503,1342,821,'1','1','1','1'),(1504,1342,822,'1','1','1','1'),(1505,1342,823,'1','1','1','1'),(1506,1342,824,'1','1','1','1'),(1507,1342,825,'1','1','1','1'),(1508,1342,826,'1','1','1','1'),(1509,49,827,'1','1','1','1'),(1510,50,827,'1','1','1','1'),(1511,50,828,'1','1','1','1'),(1512,49,828,'1','1','1','1'),(1513,49,829,'1','1','1','1'),(1514,50,829,'1','1','1','1'),(1515,50,830,'1','1','1','1'),(1516,49,830,'1','1','1','1'),(1517,49,831,'1','1','1','1'),(1518,50,831,'1','1','1','1'),(1519,50,832,'1','1','1','1'),(1520,49,832,'1','1','1','1'),(1521,49,833,'1','1','1','1'),(1522,50,833,'1','1','1','1'),(1523,49,834,'1','1','1','1'),(1524,50,834,'1','1','1','1'),(1525,49,835,'1','1','1','1'),(1526,50,835,'1','1','1','1'),(1527,50,836,'1','1','1','1'),(1528,49,836,'1','1','1','1'),(1529,49,837,'1','1','1','1'),(1530,50,837,'1','1','1','1'),(1531,50,838,'1','1','1','1'),(1532,49,838,'1','1','1','1'),(1533,49,839,'1','1','1','1'),(1534,50,839,'1','1','1','1'),(1535,49,840,'1','1','1','1'),(1536,50,840,'1','1','1','1'),(1537,49,841,'1','1','1','1'),(1538,50,841,'1','1','1','1'),(1539,50,842,'1','1','1','1'),(1540,49,842,'1','1','1','1'),(1541,49,843,'1','1','1','1'),(1542,50,843,'1','1','1','1'),(1543,50,844,'1','1','1','1'),(1544,49,844,'1','1','1','1'),(1545,49,845,'1','1','1','1'),(1546,50,845,'1','1','1','1'),(1547,49,846,'1','1','1','1'),(1548,50,846,'1','1','1','1'),(1549,50,847,'1','1','1','1'),(1550,49,847,'1','1','1','1'),(1551,49,848,'1','1','1','1'),(1552,50,848,'1','1','1','1'),(1553,50,849,'1','1','1','1'),(1554,49,849,'1','1','1','1'),(1555,49,850,'1','1','1','1'),(1556,50,850,'1','1','1','1'),(1557,50,851,'1','1','1','1'),(1558,49,851,'1','1','1','1'),(1559,49,852,'1','1','1','1'),(1560,50,852,'1','1','1','1'),(1561,50,853,'1','1','1','1'),(1562,49,853,'1','1','1','1'),(1563,49,854,'1','1','1','1'),(1564,50,854,'1','1','1','1'),(1565,50,855,'1','1','1','1'),(1566,49,855,'1','1','1','1'),(1567,49,856,'1','1','1','1'),(1568,50,856,'1','1','1','1'),(1569,51,827,'1','1','1','1'),(1570,1342,827,'1','1','1','1'),(1571,51,828,'1','1','1','1'),(1572,1342,828,'1','1','1','1'),(1573,51,829,'1','1','1','1'),(1574,1342,829,'1','1','1','1'),(1575,51,830,'1','1','1','1'),(1576,1342,830,'1','1','1','1'),(1577,51,831,'1','1','1','1'),(1578,1342,831,'1','1','1','1'),(1579,51,832,'1','1','1','1'),(1580,1342,832,'1','1','1','1'),(1581,51,833,'1','1','1','1'),(1582,1342,833,'1','1','1','1'),(1583,51,834,'1','1','1','1'),(1584,1342,834,'1','1','1','1'),(1585,51,835,'1','1','1','1'),(1586,1342,835,'1','1','1','1'),(1587,51,836,'1','1','1','1'),(1588,1342,836,'1','1','1','1'),(1589,1342,837,'1','1','1','1'),(1590,51,837,'1','1','1','1'),(1591,51,838,'1','1','1','1'),(1592,1342,838,'1','1','1','1'),(1593,1342,839,'1','1','1','1'),(1594,51,839,'1','1','1','1'),(1595,51,840,'1','1','1','1'),(1596,1342,840,'1','1','1','1'),(1597,1342,841,'1','1','1','1'),(1598,51,841,'1','1','1','1'),(1599,51,842,'1','1','1','1'),(1600,1342,842,'1','1','1','1'),(1601,1342,843,'1','1','1','1'),(1602,51,843,'1','1','1','1'),(1603,51,844,'1','1','1','1'),(1604,1342,844,'1','1','1','1'),(1605,1342,845,'1','1','1','1'),(1606,51,845,'1','1','1','1'),(1607,51,846,'1','1','1','1'),(1608,1342,846,'1','1','1','1'),(1609,1342,847,'1','1','1','1'),(1610,51,847,'1','1','1','1'),(1611,51,848,'1','1','1','1'),(1612,1342,848,'1','1','1','1'),(1613,51,849,'1','1','1','1'),(1614,51,850,'1','1','1','1'),(1615,51,851,'1','1','1','1'),(1616,1342,851,'1','1','1','1'),(1617,1342,850,'1','1','1','1'),(1618,1342,849,'1','1','1','1'),(1619,1342,852,'1','1','1','1'),(1620,1342,853,'1','1','1','1'),(1621,1342,854,'1','1','1','1'),(1622,1342,855,'1','1','1','1'),(1623,1342,856,'1','1','1','1'),(1624,51,856,'1','1','1','1'),(1625,51,855,'1','1','1','1'),(1626,51,854,'1','1','1','1'),(1627,51,853,'1','1','1','1'),(1628,51,852,'1','1','1','1'),(1629,49,860,'1','1','1','1'),(1630,50,860,'1','1','1','1'),(1631,51,860,'1','1','1','1'),(1632,1342,860,'1','1','1','1'),(1633,49,861,'1','1','1','1'),(1634,50,861,'1','1','1','1'),(1635,51,861,'1','1','1','1'),(1636,1342,861,'1','1','1','1'),(1637,49,862,'1','1','1','1'),(1638,50,862,'1','1','1','1'),(1639,51,862,'1','1','1','1'),(1640,1342,862,'1','1','1','1'),(1641,1342,863,'1','1','1','1'),(1642,51,863,'1','1','1','1'),(1643,50,863,'1','1','1','1'),(1644,49,863,'1','1','1','1'),(1645,49,864,'1','1','1','1'),(1646,50,864,'1','1','1','1'),(1647,51,864,'1','1','1','1'),(1648,1342,864,'1','1','1','1'),(1649,1342,865,'1','1','1','1'),(1650,51,865,'1','1','1','1'),(1651,50,865,'1','1','1','1'),(1652,49,865,'1','1','1','1'),(1653,49,866,'1','1','1','1'),(1654,50,866,'1','1','1','1'),(1655,51,866,'1','1','1','1'),(1656,1342,866,'1','1','1','1'),(1657,1342,867,'1','1','1','1'),(1658,51,867,'1','1','1','1'),(1659,50,867,'1','1','1','1'),(1660,49,867,'1','1','1','1'),(1661,49,868,'1','1','1','1'),(1662,50,868,'1','1','1','1'),(1663,51,868,'1','1','1','1'),(1664,1342,868,'1','1','1','1'),(1665,1342,869,'1','1','1','1'),(1666,51,869,'1','1','1','1'),(1667,50,869,'1','1','1','1'),(1668,49,869,'1','1','1','1'),(1669,49,870,'1','1','1','1'),(1670,50,870,'1','1','1','1'),(1671,51,870,'1','1','1','1'),(1672,1342,870,'1','1','1','1'),(1673,49,871,'1','1','1','1'),(1674,50,871,'1','1','1','1'),(1675,1342,871,'1','1','1','1'),(1676,51,871,'1','1','1','1'),(1677,1342,872,'1','1','1','1'),(1678,1342,873,'1','1','1','1'),(1679,1342,874,'1','1','1','1'),(1680,1342,875,'1','1','1','1'),(1681,1342,876,'1','1','1','1'),(1682,1342,877,'1','1','1','1'),(1683,1342,878,'1','1','1','1'),(1684,1342,879,'1','1','1','1'),(1685,1342,880,'1','1','1','1'),(1686,1342,881,'1','1','1','1'),(1687,1342,882,'1','1','1','1'),(1688,1342,883,'1','1','1','1'),(1689,1342,884,'1','1','1','1'),(1690,1342,885,'1','1','1','1'),(1691,1342,886,'1','1','1','1'),(1692,1342,887,'1','1','1','1'),(1693,1342,888,'1','1','1','1'),(1694,1342,889,'1','1','1','1'),(1695,51,889,'1','1','1','1'),(1696,51,888,'1','1','1','1'),(1697,51,887,'1','1','1','1'),(1698,51,886,'1','1','1','1'),(1699,51,885,'1','1','1','1'),(1700,51,884,'1','1','1','1'),(1701,51,883,'1','1','1','1'),(1702,51,882,'1','1','1','1'),(1703,51,881,'1','1','1','1'),(1704,51,880,'1','1','1','1'),(1705,51,879,'1','1','1','1'),(1706,51,878,'1','1','1','1'),(1707,51,877,'1','1','1','1'),(1708,51,876,'1','1','1','1'),(1709,51,875,'1','1','1','1'),(1710,51,874,'1','1','1','1'),(1711,51,873,'1','1','1','1'),(1712,51,872,'1','1','1','1'),(1713,50,872,'1','1','1','1'),(1714,49,872,'1','1','1','1'),(1715,49,873,'1','1','1','1'),(1716,50,873,'1','1','1','1'),(1717,50,874,'1','1','1','1'),(1718,49,875,'1','1','1','1'),(1719,49,874,'1','1','1','1'),(1720,50,875,'1','1','1','1'),(1721,50,876,'1','1','1','1'),(1722,49,876,'1','1','1','1'),(1723,49,877,'1','1','1','1'),(1724,50,877,'1','1','1','1'),(1725,49,878,'1','1','1','1'),(1726,50,878,'1','1','1','1'),(1727,50,879,'1','1','1','1'),(1728,50,880,'1','1','1','1'),(1729,49,889,'1','1','1','1'),(1730,49,879,'1','1','1','1'),(1731,50,889,'1','1','1','1'),(1732,49,880,'1','1','1','1'),(1733,50,888,'1','1','1','1'),(1734,50,881,'1','1','1','1'),(1735,49,881,'1','1','1','1'),(1736,50,887,'1','1','1','1'),(1737,49,882,'1','1','1','1'),(1738,50,882,'1','1','1','1'),(1739,49,888,'1','1','1','1'),(1740,49,887,'1','1','1','1'),(1741,50,883,'1','1','1','1'),(1742,49,886,'1','1','1','1'),(1743,49,883,'1','1','1','1'),(1744,50,886,'1','1','1','1'),(1745,50,884,'1','1','1','1'),(1746,49,885,'1','1','1','1'),(1747,49,884,'1','1','1','1'),(1748,50,885,'1','1','1','1'),(1749,49,126,'1','1','1','1'),(1750,50,126,'1','1','1','1'),(1751,51,126,'1','1','1','1'),(1752,1342,126,'1','1','1','1'),(1753,1342,127,'1','1','1','1'),(1754,51,127,'1','1','1','1'),(1755,49,127,'1','1','1','1'),(1756,49,158,'1','1','1','1'),(1757,50,158,'1','1','1','1'),(1758,51,158,'1','1','1','1'),(1759,79,158,'1','1','1','1'),(1760,1342,158,'1','1','1','1'),(1761,1342,157,'1','1','1','1'),(1762,1342,156,'1','1','1','1'),(1763,1342,155,'1','1','1','1'),(1764,1342,154,'1','1','1','1'),(1765,50,127,'1','1','1','1'),(1766,49,128,'1','1','1','1'),(1767,51,128,'1','1','1','1'),(1768,50,128,'1','1','1','1'),(1769,1342,128,'1','1','1','1'),(1770,1342,129,'1','1','1','1'),(1771,51,129,'1','1','1','1'),(1772,50,129,'1','1','1','1'),(1773,49,129,'1','1','1','1'),(1774,49,130,'1','1','1','1'),(1775,50,130,'1','1','1','1'),(1776,51,130,'1','1','1','1'),(1777,1342,130,'1','1','1','1'),(1778,1342,131,'1','1','1','1'),(1779,51,131,'1','1','1','1'),(1780,50,131,'1','1','1','1'),(1781,49,131,'1','1','1','1'),(1782,49,132,'1','1','1','1'),(1783,50,132,'1','1','1','1'),(1784,51,132,'1','1','1','1'),(1785,1342,132,'1','1','1','1'),(1786,49,157,'1','1','1','1'),(1787,51,157,'1','1','1','1'),(1788,51,156,'1','1','1','1'),(1789,50,157,'1','1','1','1'),(1790,50,156,'1','1','1','1'),(1791,49,156,'1','1','1','1'),(1792,49,155,'1','1','1','1'),(1793,50,155,'1','1','1','1'),(1794,51,155,'1','1','1','1'),(1795,51,154,'1','1','1','1'),(1796,49,154,'1','1','1','1'),(1797,50,154,'1','1','1','1'),(1798,51,153,'1','1','1','1'),(1799,1342,153,'1','1','1','1'),(1800,50,153,'1','1','1','1'),(1801,49,153,'1','1','1','1'),(1802,1342,147,'1','1','1','1'),(1803,1342,148,'1','1','1','1'),(1804,1342,149,'1','1','1','1'),(1805,1342,150,'1','1','1','1'),(1806,1342,151,'1','1','1','1'),(1807,1342,152,'1','1','1','1'),(1808,51,152,'1','1','1','1'),(1809,51,151,'1','1','1','1'),(1810,51,150,'1','1','1','1'),(1811,51,149,'1','1','1','1'),(1812,51,148,'1','1','1','1'),(1813,51,147,'1','1','1','1'),(1814,50,147,'1','1','1','1'),(1815,49,147,'1','1','1','1'),(1816,49,148,'1','1','1','1'),(1817,50,148,'1','1','1','1'),(1818,50,149,'1','1','1','1'),(1819,50,150,'1','1','1','1'),(1820,50,151,'1','1','1','1'),(1821,50,152,'1','1','1','1'),(1822,49,152,'1','1','1','1'),(1823,49,151,'1','1','1','1'),(1824,49,150,'1','1','1','1'),(1825,49,149,'1','1','1','1'),(1826,1413,213,'1','1','1','1'),(1827,1413,214,'1','1','1','1'),(1828,1413,215,'1','1','1','1'),(1829,1413,216,'1','1','1','1'),(1830,1413,140,'1','1','1','1'),(1831,1413,141,'1','1','1','1'),(1832,1413,146,'1','1','1','1'),(1833,1413,145,'1','1','1','1'),(1834,1413,144,'1','1','1','1'),(1835,1413,143,'1','1','1','1'),(1836,1413,142,'1','1','1','1'),(1837,49,896,'1','1','1','1'),(1838,50,896,'1','1','1','1'),(1839,51,896,'1','1','1','1'),(1840,79,896,'1','1','1','1'),(1841,1342,896,'1','1','1','1'),(1842,1413,896,'1','1','1','1'),(1843,79,897,'-1','-1','-1','-1'),(1845,49,489,'1','1','1','1'),(1846,50,489,'1','1','1','1'),(1847,51,489,'1','1','1','1'),(1848,1413,489,'1','1','1','1'),(1850,49,490,'1','1','1','1'),(1851,51,490,'1','1','1','1'),(1852,50,490,'1','1','1','1'),(1853,1342,490,'1','1','1','1'),(1854,1342,491,'1','1','1','1'),(1855,1342,492,'1','1','1','1'),(1856,51,491,'1','1','1','1'),(1857,51,492,'1','1','1','1'),(1858,50,492,'1','1','1','1'),(1859,50,491,'1','1','1','1'),(1860,49,491,'1','1','1','1'),(1861,49,492,'1','1','1','1'),(1862,49,495,'1','1','1','1'),(1863,50,495,'1','1','1','1'),(1864,51,495,'1','1','1','1'),(1865,1342,495,'1','1','1','1'),(1866,49,496,'1','1','1','1'),(1867,50,496,'1','1','1','1'),(1868,51,496,'1','1','1','1'),(1869,1342,496,'1','1','1','1'),(1870,49,497,'1','1','1','1'),(1871,50,497,'1','1','1','1'),(1872,51,497,'1','1','1','1'),(1873,1342,497,'1','1','1','1'),(1874,1342,498,'1','1','1','1'),(1875,51,498,'1','1','1','1'),(1876,50,498,'1','1','1','1'),(1877,49,498,'1','1','1','1'),(1878,49,499,'1','1','1','1'),(1879,50,499,'1','1','1','1'),(1880,51,499,'1','1','1','1'),(1881,1342,499,'1','1','1','1'),(1882,49,500,'1','1','1','1'),(1883,50,500,'1','1','1','1'),(1884,51,500,'1','1','1','1'),(1885,1342,500,'1','1','1','1'),(1886,49,501,'1','1','1','1'),(1887,50,501,'1','1','1','1'),(1888,51,501,'1','1','1','1'),(1889,1342,501,'1','1','1','1'),(1890,49,728,'1','1','1','1'),(1891,50,728,'1','1','1','1'),(1892,51,728,'1','1','1','1'),(1893,1342,728,'1','1','1','1'),(1894,49,931,'1','1','1','1'),(1895,50,931,'1','1','1','1'),(1896,51,931,'1','1','1','1'),(1897,1342,931,'1','1','1','1'),(1898,49,965,'1','1','1','1'),(1899,50,965,'1','1','1','1'),(1900,51,965,'1','1','1','1'),(1901,1342,965,'1','1','1','1');
/*!40000 ALTER TABLE `aros_acos` ENABLE KEYS */;
UNLOCK TABLES;

--
-- Table structure for table `autoevaluationanswers`
--

DROP TABLE IF EXISTS `autoevaluationanswers`;
/*!40101 SET @saved_cs_client     = @@character_set_client */;
/*!40101 SET character_set_client = utf8 */;
CREATE TABLE `autoevaluationanswers` (
  `id` int(11) NOT NULL AUTO_INCREMENT,
  `autoevaluation_id` int(11) NOT NULL,
  `question_id` int(11) NOT NULL,
  `answer_id` int(11) NOT NULL,
  `saved` int(11) NOT NULL DEFAULT '0',
  PRIMARY KEY (`id`,`question_id`),
  KEY `fk_table1_AutoEvaluacion1_idx` (`id`),
  KEY `fk_table1_Pregunta1_idx` (`question_id`),
  KEY `fk_table1_Respuesta1_idx` (`answer_id`),
  KEY `question_id` (`question_id`),
  KEY `answer_id` (`answer_id`),
  KEY `autoevaluation_id` (`autoevaluation_id`)
) ENGINE=MyISAM AUTO_INCREMENT=694 DEFAULT CHARSET=utf8 COLLATE=utf8_unicode_ci;
/*!40101 SET character_set_client = @saved_cs_client */;

--
-- Dumping data for table `autoevaluationanswers`
--

LOCK TABLES `autoevaluationanswers` WRITE;
/*!40000 ALTER TABLE `autoevaluationanswers` DISABLE KEYS */;
INSERT INTO `autoevaluationanswers` VALUES (252,109,35,141,0),(251,109,34,136,0),(250,109,33,131,0),(249,109,32,126,0),(248,109,31,122,1),(247,109,30,116,0),(246,109,29,111,0),(245,109,28,106,0),(244,109,27,102,1),(243,109,26,96,0),(242,109,25,91,0),(241,109,24,88,1),(240,109,23,81,0),(239,109,22,76,0),(238,109,21,71,0),(237,109,20,69,1),(236,109,19,63,1),(235,109,18,56,0),(234,109,17,51,0),(233,109,16,46,0),(232,109,15,44,1),(231,109,14,36,0),(230,109,13,32,1),(229,109,12,26,0),(228,109,11,21,0),(227,109,10,16,0),(226,109,9,11,0),(225,109,8,7,0),(224,109,7,1,0),(223,108,35,141,0),(222,108,34,136,0),(221,108,33,131,0),(220,108,32,126,0),(219,108,31,122,0),(218,108,30,116,0),(217,108,29,111,0),(216,108,28,106,0),(215,108,27,102,0),(214,108,26,96,0),(213,108,25,91,0),(212,108,24,88,0),(211,108,23,81,0),(210,108,22,76,0),(209,108,21,71,0),(208,108,20,69,0),(207,108,19,63,0),(206,108,18,56,0),(205,108,17,51,0),(204,108,16,46,0),(203,108,15,44,0),(202,108,14,36,0),(201,108,13,32,0),(200,108,12,26,0),(199,108,11,21,0),(198,108,10,16,0),(197,108,9,11,0),(196,108,8,7,0),(195,108,7,1,0),(194,107,35,141,0),(193,107,34,136,0),(192,107,33,132,0),(191,107,32,126,0),(190,107,31,122,0),(189,107,30,120,0),(188,107,29,114,0),(187,107,28,108,0),(186,107,27,102,0),(185,107,26,96,0),(184,107,24,88,0),(183,107,23,82,0),(182,107,22,76,0),(181,107,21,75,0),(180,107,20,69,0),(179,107,19,63,0),(178,107,18,57,0),(177,107,17,51,0),(176,107,16,50,0),(175,107,15,44,0),(174,107,14,38,0),(173,107,13,32,0),(172,107,12,26,0),(171,107,11,25,0),(170,107,10,19,0),(169,107,9,13,0),(168,107,8,7,0),(167,107,7,1,0),(253,110,7,1,0),(254,110,8,7,1),(255,110,9,11,0),(256,110,10,16,0),(257,110,11,21,0),(258,110,12,26,0),(259,110,13,32,1),(260,110,14,36,0),(261,110,15,44,1),(262,110,16,46,0),(263,110,17,51,0),(264,110,18,56,0),(265,110,19,63,1),(266,110,20,69,1),(267,110,21,71,0),(268,110,22,76,0),(269,110,23,81,0),(270,110,24,88,1),(271,110,25,91,0),(272,110,26,96,0),(273,110,27,102,1),(274,110,28,106,0),(275,110,29,111,0),(276,110,30,116,0),(277,110,31,122,1),(278,110,32,126,0),(279,110,33,131,0),(280,110,34,136,0),(281,110,35,141,0),(110,0,0,0,0),(19,0,10,0,0),(63,0,19,0,0),(20,0,0,0,0),(69,0,20,0,0),(24,0,11,0,0),(88,0,24,0,0),(27,0,12,0,0),(102,0,27,0,0),(31,0,0,0,0),(122,0,31,0,0),(282,111,7,1,0),(283,111,8,7,1),(284,111,9,11,0),(285,111,10,16,0),(286,111,11,21,0),(287,111,12,26,0),(288,111,13,32,1),(289,111,14,36,0),(290,111,15,44,1),(291,111,16,46,0),(292,111,17,51,0),(293,111,18,56,0),(294,111,19,63,1),(295,111,20,69,1),(296,111,21,71,0),(297,111,22,76,0),(298,111,23,81,0),(299,111,24,88,1),(300,111,25,91,0),(301,111,26,96,0),(302,111,27,102,1),(303,111,28,106,0),(304,111,29,111,0),(305,111,30,116,0),(306,111,31,122,1),(307,111,32,126,0),(308,111,33,131,0),(309,111,34,136,0),(310,111,35,141,0),(111,0,0,0,0),(8,0,8,0,0),(7,0,8,0,0),(13,0,9,0,0),(32,0,13,0,0),(15,0,0,0,0),(44,0,15,0,0),(311,112,7,1,0),(312,112,8,7,0),(313,112,9,11,0),(314,112,10,16,0),(315,112,11,21,0),(316,112,12,26,0),(317,112,13,32,0),(318,112,14,36,0),(319,112,15,44,0),(320,112,16,46,0),(321,112,17,51,0),(322,112,18,56,0),(323,112,19,63,0),(324,112,20,69,0),(325,112,21,71,0),(326,112,22,76,0),(327,112,23,81,0),(328,112,24,88,0),(329,112,25,91,0),(330,112,26,96,0),(331,112,27,102,0),(332,112,28,106,0),(333,112,29,111,0),(334,112,30,116,0),(335,112,31,122,0),(336,112,32,126,0),(337,112,33,131,0),(338,112,34,136,0),(339,112,35,141,0),(340,113,7,1,0),(341,113,8,7,1),(342,113,9,11,0),(343,113,10,16,0),(344,113,11,21,0),(345,113,12,26,0),(346,113,13,32,1),(347,113,14,36,0),(348,113,15,44,1),(349,113,16,46,0),(350,113,17,51,0),(351,113,18,56,0),(352,113,19,63,1),(353,113,20,69,1),(354,113,21,71,0),(355,113,22,76,0),(356,113,23,81,0),(357,113,24,88,1),(358,113,25,91,0),(359,113,26,96,0),(360,113,27,102,1),(361,113,28,106,0),(362,113,29,111,0),(363,113,30,116,0),(364,113,31,122,1),(365,113,32,126,0),(366,113,33,131,0),(367,113,34,136,0),(368,113,35,141,0),(113,0,0,0,0),(369,114,7,1,0),(370,114,8,7,1),(371,114,9,11,0),(372,114,10,16,0),(373,114,11,21,0),(374,114,12,26,0),(375,114,13,32,1),(376,114,14,36,0),(377,114,15,44,1),(378,114,16,46,0),(379,114,17,51,0),(380,114,18,56,0),(381,114,19,63,1),(382,114,20,69,1),(383,114,21,71,0),(384,114,22,76,0),(385,114,23,81,0),(386,114,24,88,1),(387,114,25,91,0),(388,114,26,96,0),(389,114,27,102,1),(390,114,28,106,0),(391,114,29,111,0),(392,114,30,116,0),(393,114,31,122,1),(394,114,32,126,0),(395,114,33,131,0),(396,114,34,136,0),(397,114,35,141,0),(398,115,7,1,0),(399,115,8,6,0),(400,115,9,11,0),(401,115,10,16,0),(402,115,11,22,1),(403,115,12,28,1),(404,115,13,31,0),(405,115,14,36,0),(406,115,15,42,1),(407,115,16,48,1),(408,115,17,54,1),(409,115,21,71,0),(410,115,23,81,0),(411,115,26,96,0),(115,0,0,0,0),(11,0,0,0,0),(22,0,11,0,0),(12,0,9,0,0),(28,0,12,0,0),(42,0,15,0,0),(16,0,0,0,0),(48,0,16,0,0),(17,0,10,0,0),(54,0,17,0,0),(114,0,0,0,0),(412,116,7,1,0),(413,116,8,7,1),(414,116,9,11,0),(415,116,10,16,0),(416,116,11,21,0),(417,116,12,26,0),(418,116,13,32,1),(419,116,14,36,0),(420,116,15,44,1),(421,116,16,46,0),(422,116,17,51,0),(423,116,18,56,0),(424,116,19,63,1),(425,116,20,69,1),(426,116,21,71,0),(427,116,22,76,0),(428,116,23,81,0),(429,116,24,88,1),(430,116,25,91,0),(431,116,26,96,0),(432,116,27,102,1),(433,116,28,106,0),(434,116,29,111,0),(435,116,30,116,0),(436,116,31,122,1),(437,116,32,126,0),(438,116,33,131,0),(439,116,34,136,0),(440,116,35,141,0),(116,0,0,0,0),(441,117,7,1,0),(442,117,8,6,0),(443,117,9,11,0),(444,117,10,16,0),(445,117,11,21,0),(446,117,12,26,0),(447,117,13,32,0),(448,117,14,38,0),(449,117,15,41,0),(450,117,16,46,0),(451,117,17,52,0),(452,117,18,58,0),(453,117,19,61,0),(454,117,20,67,0),(455,117,21,71,0),(456,117,22,76,0),(457,117,23,81,0),(458,117,24,87,0),(459,117,25,91,0),(460,117,26,96,0),(461,117,27,101,0),(462,117,28,106,0),(463,117,29,111,0),(464,117,30,116,0),(465,117,31,121,0),(466,117,32,126,0),(467,117,33,131,0),(468,117,34,136,0),(469,117,35,141,0),(470,118,7,1,0),(471,118,8,6,0),(472,118,9,11,0),(473,118,10,16,0),(474,118,11,21,0),(475,118,12,26,0),(476,118,13,32,1),(477,118,14,38,1),(478,118,15,41,0),(479,118,16,46,0),(480,118,17,52,1),(481,118,18,58,1),(482,118,19,61,0),(483,118,20,67,1),(484,118,21,71,0),(485,118,22,76,0),(486,118,23,81,0),(487,118,24,87,1),(488,118,25,91,0),(489,118,26,96,0),(490,118,27,101,0),(491,118,28,106,0),(492,118,29,111,0),(493,118,30,116,0),(494,118,31,121,0),(495,118,32,126,0),(496,118,33,131,0),(497,118,34,136,0),(498,118,35,141,0),(118,0,0,0,0),(14,0,0,0,0),(38,0,14,0,0),(52,0,17,0,0),(18,0,10,0,0),(58,0,18,0,0),(67,0,20,0,0),(87,0,24,0,0),(499,119,7,1,0),(500,119,8,6,0),(501,119,9,11,0),(502,119,10,16,0),(503,119,11,22,1),(504,119,12,28,1),(505,119,13,31,0),(506,119,14,36,0),(507,119,15,42,1),(508,119,16,48,1),(509,119,17,54,1),(510,119,21,71,0),(511,119,23,81,0),(512,119,26,96,0),(119,0,0,0,0),(513,120,7,4,1),(514,120,8,7,1),(515,120,9,13,1),(516,120,10,19,1),(517,120,11,23,1),(518,120,12,28,1),(519,120,13,32,1),(520,120,14,38,1),(521,120,31,123,1),(522,120,32,127,1),(523,120,33,133,1),(524,120,34,137,1),(120,0,0,0,0),(4,0,7,0,0),(9,0,0,0,0),(10,0,0,0,0),(23,0,11,0,0),(123,0,31,0,0),(127,0,32,0,0),(33,0,13,0,0),(133,0,33,0,0),(34,0,0,0,0),(137,0,34,0,0),(525,121,7,2,1),(526,121,8,7,1),(527,121,9,13,1),(528,121,10,18,1),(529,121,11,22,1),(121,0,0,0,0),(2,0,7,0,0),(530,122,7,1,0),(531,122,8,6,0),(532,122,9,11,0),(533,122,10,16,0),(534,122,11,21,0),(535,122,12,26,0),(536,122,13,31,0),(537,122,14,37,0),(538,122,15,43,0),(539,122,16,46,0),(540,122,17,51,0),(541,122,21,72,0),(542,123,7,1,0),(543,123,8,7,1),(544,123,9,13,1),(545,124,7,2,1),(546,124,8,8,1),(124,0,0,0,0),(547,125,7,2,1),(548,125,8,8,1),(549,125,9,13,1),(550,125,10,17,1),(125,0,0,0,0),(551,126,7,1,0),(552,126,8,7,1),(553,126,9,13,1),(554,126,12,28,1),(126,0,0,0,0),(555,127,7,2,1),(556,127,8,6,0),(557,127,9,13,1),(558,127,12,27,1),(559,127,13,31,0),(560,127,14,38,1),(561,128,7,2,1),(562,128,8,8,1),(563,128,9,11,0),(564,128,12,28,1),(565,128,14,36,0),(566,128,15,41,0),(567,128,16,46,0),(568,128,17,51,0),(569,128,18,57,1),(570,128,19,61,0),(571,128,20,67,1),(572,128,21,73,1),(573,128,22,77,1),(128,0,0,0,0),(57,0,18,0,0),(21,0,0,0,0),(73,0,21,0,0),(77,0,22,0,0),(574,129,7,3,1),(129,0,0,0,0),(3,0,7,0,0),(575,130,7,1,0),(576,130,8,6,0),(577,130,9,11,0),(578,130,10,17,1),(579,130,11,23,1),(580,130,12,26,0),(581,130,13,31,0),(582,130,14,36,0),(583,130,15,42,1),(130,0,0,0,0),(584,131,7,1,0),(585,131,8,6,0),(586,131,9,11,0),(587,131,10,18,1),(588,131,11,23,1),(589,131,12,28,1),(590,131,13,33,1),(591,131,14,38,1),(592,131,15,43,1),(593,131,16,48,1),(594,131,17,53,1),(595,131,18,58,1),(596,131,19,61,0),(597,131,20,66,0),(598,131,21,72,1),(599,131,22,76,0),(600,131,23,84,1),(601,131,24,86,0),(602,131,25,91,0),(603,131,26,96,0),(604,131,27,101,0),(605,131,28,106,0),(606,131,29,111,0),(607,131,30,116,0),(608,131,31,123,1),(609,131,32,127,1),(610,131,34,136,0),(611,131,35,141,0),(131,0,0,0,0),(43,0,15,0,0),(53,0,17,0,0),(72,0,21,0,0),(84,0,23,0,0),(612,132,7,1,0),(613,132,8,6,0),(614,132,9,11,0),(615,132,10,16,0),(616,132,11,21,0),(617,132,12,26,0),(618,132,13,31,0),(619,132,14,36,0),(620,132,15,41,0),(621,132,16,46,0),(622,132,17,51,0),(623,132,18,56,0),(624,132,19,61,0),(625,132,20,66,0),(626,132,21,71,0),(627,132,22,76,0),(628,132,23,81,0),(629,132,24,86,0),(630,132,25,91,0),(631,132,26,96,0),(632,132,27,101,0),(633,132,28,106,0),(634,132,29,111,0),(635,132,30,116,0),(636,132,31,121,0),(637,132,32,126,0),(638,132,33,131,0),(639,132,34,136,0),(640,132,35,141,0),(641,133,7,1,0),(642,133,8,7,1),(643,133,9,11,0),(644,133,10,16,0),(645,133,11,22,1),(646,133,12,28,1),(647,133,13,32,1),(648,133,35,141,0),(649,135,7,1,0),(650,135,8,6,0),(651,135,9,12,1),(652,135,10,18,1),(653,135,11,23,0),(654,135,12,27,1),(655,135,13,32,1),(656,135,16,46,0),(657,135,17,51,0),(658,135,18,56,0),(659,135,19,61,0),(660,135,20,66,0),(661,135,21,71,0),(662,135,26,96,0),(135,0,0,0,0),(663,136,7,1,0),(664,136,8,6,0),(665,136,9,12,0),(666,136,10,18,0),(667,136,11,24,1),(668,136,12,27,1),(669,136,14,36,0),(136,0,0,0,0),(670,137,7,1,0),(671,137,8,6,0),(672,137,9,11,0),(673,137,10,17,0),(674,137,11,23,0),(675,137,12,26,0),(676,137,13,32,0),(677,137,14,36,0),(678,137,15,41,0),(679,137,16,47,0),(680,137,17,51,0),(681,137,18,56,0),(682,137,19,61,0),(683,137,20,67,1),(684,137,21,71,0),(685,137,22,76,0),(686,137,23,81,0),(687,137,24,86,0),(688,137,25,92,1),(689,137,26,98,0),(690,137,27,101,0),(691,137,28,106,0),(692,137,29,111,0),(693,137,30,116,0),(25,0,0,0,0),(92,0,25,0,0);
/*!40000 ALTER TABLE `autoevaluationanswers` ENABLE KEYS */;
UNLOCK TABLES;

--
-- Table structure for table `autoevaluations`
--

DROP TABLE IF EXISTS `autoevaluations`;
/*!40101 SET @saved_cs_client     = @@character_set_client */;
/*!40101 SET character_set_client = utf8 */;
CREATE TABLE `autoevaluations` (
  `id` int(11) NOT NULL AUTO_INCREMENT,
  `date_time` timestamp NULL DEFAULT CURRENT_TIMESTAMP,
  `user_id` int(11) NOT NULL,
  `questionnaire_id` int(11) NOT NULL,
  `total_points` int(11) DEFAULT NULL,
  `company_id` int(11) DEFAULT '0',
  `corporation_id` int(11) DEFAULT '0',
  PRIMARY KEY (`id`,`questionnaire_id`),
  KEY `fk_AutoEvaluacion_Usuario1_idx` (`user_id`),
  KEY `fk_AutoEvaluacion_Cuestionario1_idx` (`questionnaire_id`)
) ENGINE=MyISAM AUTO_INCREMENT=138 DEFAULT CHARSET=utf8 COLLATE=utf8_unicode_ci;
/*!40101 SET character_set_client = @saved_cs_client */;

--
-- Dumping data for table `autoevaluations`
--

LOCK TABLES `autoevaluations` WRITE;
/*!40000 ALTER TABLE `autoevaluations` DISABLE KEYS */;
INSERT INTO `autoevaluations` VALUES (133,'2015-11-11 01:07:11',23,10,11,16,7),(116,'2014-10-21 17:36:46',17,10,46,11,7),(117,'2015-10-23 21:51:51',21,10,50,15,NULL),(132,'2015-11-06 17:39:52',23,10,58,16,7),(120,'2013-10-25 03:12:17',18,10,4,11,7),(121,'2013-10-25 03:48:26',18,10,3,11,7),(131,'2015-11-04 05:47:08',23,10,32,16,7),(123,'2015-10-27 01:17:56',17,10,3,0,0),(124,'2015-10-27 01:31:16',17,10,1,0,0),(125,'2015-10-27 02:43:24',17,10,2,0,0),(126,'2015-10-27 19:39:07',22,10,3,0,0),(127,'2015-10-27 19:48:26',22,10,6,16,0),(134,'2015-11-20 22:24:15',23,10,0,16,7),(135,'2015-11-24 03:22:33',23,10,21,16,7),(130,'2015-10-29 01:07:30',17,10,14,0,7),(136,'2015-11-24 03:53:27',23,10,8,16,7),(137,'2015-11-24 18:50:23',23,10,39,16,7);
/*!40000 ALTER TABLE `autoevaluations` ENABLE KEYS */;
UNLOCK TABLES;

--
-- Table structure for table `categories`
--

DROP TABLE IF EXISTS `categories`;
/*!40101 SET @saved_cs_client     = @@character_set_client */;
/*!40101 SET character_set_client = utf8 */;
CREATE TABLE `categories` (
  `id` int(11) NOT NULL AUTO_INCREMENT,
  `name` varchar(255) NOT NULL,
  `order` int(2) NOT NULL,
  `module_id` int(11) NOT NULL,
  `created` datetime NOT NULL,
  `modified` datetime NOT NULL,
  PRIMARY KEY (`id`),
  KEY `fk_categories_modules_idx` (`module_id`),
  CONSTRAINT `fk_categories_modules` FOREIGN KEY (`module_id`) REFERENCES `modules` (`id`) ON DELETE NO ACTION ON UPDATE NO ACTION
) ENGINE=InnoDB AUTO_INCREMENT=38 DEFAULT CHARSET=latin1;
/*!40101 SET character_set_client = @saved_cs_client */;

--
-- Dumping data for table `categories`
--

LOCK TABLES `categories` WRITE;
/*!40000 ALTER TABLE `categories` DISABLE KEYS */;
INSERT INTO `categories` VALUES (10,'Corporaciones',0,13,'2015-10-14 15:48:38','2015-10-17 11:04:31'),(11,'Empresas',1,13,'2015-10-14 15:48:51','2015-10-17 11:04:42'),(12,'Usuarios',2,13,'2015-10-14 15:49:02','2015-10-17 11:04:51'),(14,'Grupos',0,11,'2015-10-14 15:49:53','2015-10-14 15:49:53'),(15,'Modulos',1,11,'2015-10-14 15:50:07','2015-10-14 15:50:07'),(16,'Categorias',2,11,'2015-10-14 15:50:31','2015-10-14 15:50:31'),(17,'Funciones',3,11,'2015-10-14 15:50:48','2015-10-14 15:50:48'),(18,'Permisos',5,11,'2015-10-14 15:51:07','2015-10-14 15:51:07'),(19,'Cuestionarios',0,15,'2015-10-16 11:08:38','2015-10-17 11:05:02'),(23,'Asignar Cuestionarios a Empresas',1,15,'2015-10-17 15:31:04','2015-10-17 15:31:04'),(24,'Escritorio',0,16,'2015-10-19 10:27:42','2015-10-26 22:02:07'),(25,'GestiÃ³n Operativa',0,18,'2015-10-19 10:28:18','2015-10-19 10:28:18'),(26,'Memoria y Cuenta',0,19,'2015-10-19 10:28:35','2015-10-19 10:28:35'),(27,'PlanificaciÃ³n TÃ¡ctica',0,17,'2015-10-19 10:28:50','2015-10-19 10:28:50'),(28,'Instrumentos',0,20,'2015-10-19 10:42:26','2015-10-19 10:42:26'),(29,'Realizar una autoevaluaciÃ³n',0,20,'2015-10-19 23:26:41','2015-10-19 23:26:41'),(30,'Tipos de nodo',10,21,'2015-10-20 18:46:51','2015-10-28 15:36:18'),(31,'Fuentes de Nodos',20,21,'2015-10-20 18:57:43','2015-10-28 15:36:33'),(32,'GestiÃ³n EstratÃ©gica',0,16,'2015-10-26 22:02:34','2015-10-26 22:02:34'),(33,'Prioridades',0,21,'2015-10-28 15:39:20','2015-10-28 15:39:20'),(34,'Indicadores de GestiÃ³n',0,20,'2015-10-29 19:38:55','2015-10-29 19:38:55'),(35,'Bienvenid@',1,22,'2015-10-31 18:21:20','2015-10-31 18:21:20'),(36,'Aistente de GestiÃ³n EstratÃ©gica',0,16,'2015-11-15 14:11:50','2015-11-15 14:11:50'),(37,'Balance ScoreCard',4,16,'2015-11-19 19:40:17','2015-11-19 19:40:17');
/*!40000 ALTER TABLE `categories` ENABLE KEYS */;
UNLOCK TABLES;

--
-- Table structure for table `companies`
--

DROP TABLE IF EXISTS `companies`;
/*!40101 SET @saved_cs_client     = @@character_set_client */;
/*!40101 SET character_set_client = utf8 */;
CREATE TABLE `companies` (
  `id` int(11) NOT NULL AUTO_INCREMENT,
  `name` varchar(255) NOT NULL,
  `logo` varchar(255) DEFAULT NULL,
  `description` text,
  `phone` varchar(255) DEFAULT NULL,
  `address` text,
  `modified` datetime DEFAULT NULL,
  `created` datetime DEFAULT NULL,
  `corporation_id` int(11) DEFAULT NULL,
  `active` int(11) NOT NULL,
  `slug` varchar(100) NOT NULL,
  `url` varchar(120) DEFAULT NULL,
  `fb` varchar(120) DEFAULT NULL,
  `t` varchar(120) DEFAULT NULL,
  `ln` varchar(120) DEFAULT NULL,
  `y` varchar(120) DEFAULT NULL,
  PRIMARY KEY (`id`),
  UNIQUE KEY `slug` (`slug`),
  KEY `corporation_id` (`corporation_id`)
) ENGINE=InnoDB AUTO_INCREMENT=17 DEFAULT CHARSET=latin1;
/*!40101 SET character_set_client = @saved_cs_client */;

--
-- Dumping data for table `companies`
--

LOCK TABLES `companies` WRITE;
/*!40000 ALTER TABLE `companies` DISABLE KEYS */;
INSERT INTO `companies` VALUES (11,'Musmanni','files/logos/172554405ca27e59a8c042ce0fdc804ba1a830.png','PanaderÃ­a y pastelerÃ­a','66665555','La direcciÃ³n','2015-11-03 18:48:42','2015-10-14 19:38:08',7,1,'musmanni','musmanni.com','musmanni','musmanni','musmanni','musmanni'),(15,'Florida Bebidas','files/logos/162919c82a9c2726863b49e6e851f7dd0016bf.png','asdf','111122222','asdf','2015-10-23 16:29:19','2015-10-23 16:29:19',7,1,'florida','','','','',''),(16,'Kerns','files/logos/1437108d4a494af92c909eb34323b22f7ffce6.png','1','12333333','2','2015-10-27 14:37:10','2015-10-27 14:37:10',7,1,'kerns','','','','','');
/*!40000 ALTER TABLE `companies` ENABLE KEYS */;
UNLOCK TABLES;

--
-- Table structure for table `companyquestionnaires`
--

DROP TABLE IF EXISTS `companyquestionnaires`;
/*!40101 SET @saved_cs_client     = @@character_set_client */;
/*!40101 SET character_set_client = utf8 */;
CREATE TABLE `companyquestionnaires` (
  `id` int(11) NOT NULL AUTO_INCREMENT,
  `company_id` int(11) NOT NULL,
  `questionnaire_id` int(11) NOT NULL,
  `created` datetime NOT NULL,
  `modified` datetime NOT NULL,
  PRIMARY KEY (`id`),
  KEY `company_id` (`company_id`),
  KEY `questionnaire_id` (`questionnaire_id`)
) ENGINE=MyISAM AUTO_INCREMENT=9 DEFAULT CHARSET=utf8 COLLATE=utf8_unicode_ci;
/*!40101 SET character_set_client = @saved_cs_client */;

--
-- Dumping data for table `companyquestionnaires`
--

LOCK TABLES `companyquestionnaires` WRITE;
/*!40000 ALTER TABLE `companyquestionnaires` DISABLE KEYS */;
INSERT INTO `companyquestionnaires` VALUES (7,15,10,'2015-10-23 16:35:20','2015-10-23 16:35:20'),(6,14,10,'2015-10-20 11:05:54','2015-10-20 11:05:54'),(5,11,10,'2015-10-20 11:05:50','2015-10-20 11:05:50'),(8,16,10,'2015-10-27 14:38:32','2015-10-27 14:38:32');
/*!40000 ALTER TABLE `companyquestionnaires` ENABLE KEYS */;
UNLOCK TABLES;

--
-- Table structure for table `corporations`
--

DROP TABLE IF EXISTS `corporations`;
/*!40101 SET @saved_cs_client     = @@character_set_client */;
/*!40101 SET character_set_client = utf8 */;
CREATE TABLE `corporations` (
  `id` int(11) NOT NULL AUTO_INCREMENT,
  `name` varchar(255) NOT NULL,
  `logo` varchar(255) DEFAULT NULL,
  `description` text,
  `phone` varchar(255) DEFAULT NULL,
  `address` text,
  `modified` datetime DEFAULT NULL,
  `created` datetime DEFAULT NULL,
  `active` int(11) DEFAULT NULL,
  PRIMARY KEY (`id`)
) ENGINE=InnoDB AUTO_INCREMENT=10 DEFAULT CHARSET=latin1;
/*!40101 SET character_set_client = @saved_cs_client */;

--
-- Dumping data for table `corporations`
--

LOCK TABLES `corporations` WRITE;
/*!40000 ALTER TABLE `corporations` DISABLE KEYS */;
INSERT INTO `corporations` VALUES (7,'Florida Ice & Farm Company','files/logos/172724c9c2bce82b74978a3e87079f2ce6e52b.png','Es una empresa de bebidas y alimentos','22224444','San JosÃ©','2015-10-17 17:27:24','2015-10-14 19:08:23',1),(9,'asdf',NULL,'','','','2015-10-16 22:03:01','2015-10-16 22:03:01',0);
/*!40000 ALTER TABLE `corporations` ENABLE KEYS */;
UNLOCK TABLES;

--
-- Table structure for table `galleryimages`
--

DROP TABLE IF EXISTS `galleryimages`;
/*!40101 SET @saved_cs_client     = @@character_set_client */;
/*!40101 SET character_set_client = utf8 */;
CREATE TABLE `galleryimages` (
  `id` int(11) NOT NULL AUTO_INCREMENT,
  `imgname` varchar(250) COLLATE utf8_unicode_ci NOT NULL,
  `name` text COLLATE utf8_unicode_ci NOT NULL,
  PRIMARY KEY (`id`)
) ENGINE=MyISAM AUTO_INCREMENT=80 DEFAULT CHARSET=utf8 COLLATE=utf8_unicode_ci;
/*!40101 SET character_set_client = @saved_cs_client */;

--
-- Dumping data for table `galleryimages`
--

LOCK TABLES `galleryimages` WRITE;
/*!40000 ALTER TABLE `galleryimages` DISABLE KEYS */;
INSERT INTO `galleryimages` VALUES (71,'/uploads/16/126/1448336163-demofoot2.jpg','asdf'),(20,'/uploads/16/124/1446773810-dance2.jpg','4444444444'),(6,'/uploads/16/124/Array','2'),(8,'/uploads/16/124/1446773811-dance6.jpg','2222222222222'),(21,'/uploads/16/124/1446780250-dance13.jpg','wer'),(73,'/uploads/16/126/1448336165-fondo.jpg','erty'),(61,'/uploads/16/128/1446782141-02.jpg','foto 3'),(65,'/uploads/16/128/1446782140-01.jpg','foto 1111'),(62,'/uploads/16/128/1446782140-04.jpg','foto 2'),(28,'/uploads/16/130/1446868070-dance8.jpg','Picture 7'),(29,'/uploads/16/130/1446868069-dance4.jpg','Picture 5'),(30,'/uploads/16/130/1446868069-dance7.jpg','Picture 6'),(34,'/uploads/16/130/1446868066-dance3.jpg','Picture 3'),(45,'/uploads/16/130/1446868066-dance2.jpg','Picture 2'),(44,'/uploads/16/130/1446868064-dance1.jpg','Picture 1'),(67,'/uploads/16/128/1446907982-03.jpg','foto 4'),(69,'/uploads/16/126/1448336163-demofoot1.jpg','espaÃ±ol'),(77,'/uploads/16/126/1448337997-fondo.png','adsafdfa'),(79,'/uploads/16/126/1448391830-fondo.jpg','una playa');
/*!40000 ALTER TABLE `galleryimages` ENABLE KEYS */;
UNLOCK TABLES;

--
-- Table structure for table `graphdata`
--

DROP TABLE IF EXISTS `graphdata`;
/*!40101 SET @saved_cs_client     = @@character_set_client */;
/*!40101 SET character_set_client = utf8 */;
CREATE TABLE `graphdata` (
  `id` int(11) NOT NULL AUTO_INCREMENT,
  `name` varchar(120) COLLATE utf8_unicode_ci NOT NULL,
  `node_id` int(11) NOT NULL,
  `data` text COLLATE utf8_unicode_ci NOT NULL,
  `type` int(11) DEFAULT NULL,
  PRIMARY KEY (`id`)
) ENGINE=MyISAM AUTO_INCREMENT=101 DEFAULT CHARSET=utf8 COLLATE=utf8_unicode_ci;
/*!40101 SET character_set_client = @saved_cs_client */;

--
-- Dumping data for table `graphdata`
--

LOCK TABLES `graphdata` WRITE;
/*!40000 ALTER TABLE `graphdata` DISABLE KEYS */;
INSERT INTO `graphdata` VALUES (100,'Titulo 1',133,'a:5:{i:0;a:4:{s:11:\"serie_name1\";s:9:\"Serie uno\";s:15:\"serie_name1_eng\";s:9:\"Serie one\";s:11:\"serie_name2\";s:9:\"Serie dos\";s:15:\"serie_name2_eng\";s:9:\"Serie two\";}s:3:\"esp\";a:5:{i:0;s:10:\"Etiqueta 1\";i:1;s:10:\"Etiqueta 2\";i:2;s:10:\"Etiqueta 3\";i:3;s:10:\"Etiqueta 4\";i:4;s:10:\"Etiqueta 5\";}s:3:\"eng\";a:5:{i:0;s:7:\"Label 1\";i:1;s:7:\"Label 2\";i:2;s:7:\"Label 3\";i:3;s:7:\"Label 4\";i:4;s:7:\"Label 5\";}s:4:\"data\";a:5:{i:0;s:3:\"150\";i:1;s:3:\"600\";i:2;s:3:\"350\";i:3;s:2:\"50\";i:4;s:3:\"250\";}s:5:\"data2\";a:5:{i:0;s:2:\"10\";i:1;s:2:\"90\";i:2;s:3:\"520\";i:3;s:3:\"290\";i:4;s:3:\"800\";}}',2),(90,'asdf',147,'a:5:{i:0;a:4:{s:11:\"serie_name1\";s:7:\"Serie 1\";s:15:\"serie_name1_eng\";s:0:\"\";s:11:\"serie_name2\";s:0:\"\";s:15:\"serie_name2_eng\";s:0:\"\";}s:3:\"esp\";a:6:{i:0;s:4:\"2010\";i:1;s:4:\"2011\";i:2;s:4:\"2012\";i:3;s:4:\"2013\";i:4;s:4:\"2014\";i:5;s:4:\"2015\";}s:3:\"eng\";a:6:{i:0;s:4:\"2010\";i:1;s:4:\"2011\";i:2;s:4:\"2012\";i:3;s:4:\"2013\";i:4;s:4:\"2014\";i:5;s:4:\"2015\";}s:4:\"data\";a:6:{i:0;s:4:\"1590\";i:1;s:4:\"2519\";i:2;s:4:\"3150\";i:3;s:4:\"2890\";i:4;s:4:\"3700\";i:5;s:4:\"2150\";}s:5:\"data2\";a:1:{i:0;s:0:\"\";}}',7),(94,'asdf',148,'a:5:{i:0;a:4:{s:11:\"serie_name1\";s:7:\"serie 1\";s:15:\"serie_name1_eng\";s:9:\"serie one\";s:11:\"serie_name2\";s:7:\"serie 2\";s:15:\"serie_name2_eng\";s:9:\"serie two\";}s:3:\"esp\";a:3:{i:0;s:1:\"1\";i:1;s:1:\"4\";i:2;s:1:\"7\";}s:3:\"eng\";a:3:{i:0;s:1:\"2\";i:1;s:1:\"5\";i:2;s:1:\"8\";}s:4:\"data\";a:3:{i:0;s:6:\"333333\";i:1;s:6:\"666666\";i:2;s:6:\"999999\";}s:5:\"data2\";a:3:{i:0;s:6:\"951236\";i:1;s:6:\"661652\";i:2;s:6:\"781258\";}}',12);
/*!40000 ALTER TABLE `graphdata` ENABLE KEYS */;
UNLOCK TABLES;

--
-- Table structure for table `groupactions`
--

DROP TABLE IF EXISTS `groupactions`;
/*!40101 SET @saved_cs_client     = @@character_set_client */;
/*!40101 SET character_set_client = utf8 */;
CREATE TABLE `groupactions` (
  `id` int(11) NOT NULL AUTO_INCREMENT,
  `group_id` int(11) NOT NULL,
  `action_id` int(11) NOT NULL,
  `created` datetime NOT NULL,
  `modified` datetime NOT NULL,
  PRIMARY KEY (`id`),
  UNIQUE KEY `uk_group_action` (`group_id`,`action_id`),
  KEY `fk_groupactions_groups1_idx` (`group_id`),
  KEY `fk_groupactions_actions1_idx` (`action_id`),
  CONSTRAINT `fk_groupactions_actions1` FOREIGN KEY (`action_id`) REFERENCES `actions` (`id`) ON DELETE NO ACTION ON UPDATE NO ACTION,
  CONSTRAINT `fk_groupactions_groups1` FOREIGN KEY (`group_id`) REFERENCES `groups` (`id`) ON DELETE NO ACTION ON UPDATE NO ACTION
) ENGINE=InnoDB AUTO_INCREMENT=175 DEFAULT CHARSET=latin1;
/*!40101 SET character_set_client = @saved_cs_client */;

--
-- Dumping data for table `groupactions`
--

LOCK TABLES `groupactions` WRITE;
/*!40000 ALTER TABLE `groupactions` DISABLE KEYS */;
INSERT INTO `groupactions` VALUES (19,5,30,'2015-10-14 15:57:08','2015-10-14 15:57:08'),(20,5,31,'2015-10-14 15:57:13','2015-10-14 15:57:13'),(21,5,32,'2015-10-14 15:57:27','2015-10-14 15:57:27'),(22,5,33,'2015-10-14 15:57:33','2015-10-14 15:57:33'),(23,5,34,'2015-10-14 15:57:39','2015-10-14 15:57:39'),(24,5,35,'2015-10-14 15:57:50','2015-10-14 15:57:50'),(25,5,36,'2015-10-14 15:57:55','2015-10-14 15:57:55'),(26,5,37,'2015-10-14 15:58:01','2015-10-14 15:58:01'),(27,5,38,'2015-10-14 15:58:09','2015-10-14 15:58:09'),(28,5,39,'2015-10-14 15:58:15','2015-10-14 15:58:15'),(35,9,31,'2015-10-15 21:50:35','2015-10-15 21:50:35'),(36,9,32,'2015-10-15 21:50:41','2015-10-15 21:50:41'),(37,9,38,'2015-10-15 21:50:54','2015-10-15 21:50:54'),(38,5,40,'2015-10-16 11:09:59','2015-10-16 11:09:59'),(39,9,40,'2015-10-16 11:10:06','2015-10-16 11:10:06'),(40,5,41,'2015-10-16 14:00:17','2015-10-16 14:00:17'),(41,9,41,'2015-10-16 14:00:24','2015-10-16 14:00:24'),(42,5,42,'2015-10-16 19:44:50','2015-10-16 19:44:50'),(43,9,42,'2015-10-16 19:44:56','2015-10-16 19:44:56'),(44,5,43,'2015-10-16 21:03:22','2015-10-16 21:03:22'),(45,9,43,'2015-10-16 21:03:28','2015-10-16 21:03:28'),(49,5,44,'2015-10-17 15:33:04','2015-10-17 15:33:04'),(50,9,44,'2015-10-17 15:33:09','2015-10-17 15:33:09'),(53,6,45,'2015-10-19 10:32:11','2015-10-19 10:32:11'),(56,6,48,'2015-10-19 10:32:31','2015-10-19 10:32:31'),(57,7,45,'2015-10-19 10:32:39','2015-10-19 10:32:39'),(60,7,48,'2015-10-19 10:32:56','2015-10-19 10:32:56'),(68,6,50,'2015-10-19 23:24:50','2015-10-19 23:24:50'),(69,7,50,'2015-10-19 23:24:57','2015-10-19 23:24:57'),(71,9,51,'2015-10-20 18:47:54','2015-10-20 18:47:54'),(72,5,51,'2015-10-20 18:48:02','2015-10-20 18:48:02'),(73,5,52,'2015-10-20 18:59:12','2015-10-20 18:59:12'),(74,6,53,'2015-10-21 20:42:30','2015-10-21 20:42:30'),(75,7,53,'2015-10-21 20:42:40','2015-10-21 20:42:40'),(77,6,54,'2015-10-26 22:04:11','2015-10-26 22:04:11'),(78,7,54,'2015-10-26 22:04:16','2015-10-26 22:04:16'),(80,6,55,'2015-10-27 10:52:49','2015-10-27 10:52:49'),(82,7,55,'2015-10-27 10:53:02','2015-10-27 10:53:02'),(84,6,56,'2015-10-27 10:53:21','2015-10-27 10:53:21'),(85,7,56,'2015-10-27 10:53:28','2015-10-27 10:53:28'),(87,6,57,'2015-10-27 10:53:41','2015-10-27 10:53:41'),(88,7,57,'2015-10-27 10:53:48','2015-10-27 10:53:48'),(93,6,58,'2015-10-27 10:54:20','2015-10-27 10:54:20'),(94,7,58,'2015-10-27 10:54:29','2015-10-27 10:54:29'),(96,6,59,'2015-10-27 10:54:43','2015-10-27 10:54:43'),(97,7,59,'2015-10-27 10:54:51','2015-10-27 10:54:51'),(99,6,60,'2015-10-27 10:55:03','2015-10-27 10:55:03'),(100,7,60,'2015-10-27 10:55:09','2015-10-27 10:55:09'),(102,6,61,'2015-10-28 00:19:29','2015-10-28 00:19:29'),(103,6,62,'2015-10-28 00:19:37','2015-10-28 00:19:37'),(104,6,63,'2015-10-28 00:19:44','2015-10-28 00:19:44'),(105,6,64,'2015-10-28 00:19:50','2015-10-28 00:19:50'),(107,6,65,'2015-10-28 00:20:01','2015-10-28 00:20:01'),(108,6,66,'2015-10-28 00:20:11','2015-10-28 00:20:11'),(111,6,67,'2015-10-28 00:20:29','2015-10-28 00:20:29'),(112,6,68,'2015-10-28 00:20:38','2015-10-28 00:20:38'),(113,7,61,'2015-10-28 00:20:56','2015-10-28 00:20:56'),(114,7,62,'2015-10-28 00:21:06','2015-10-28 00:21:06'),(115,7,63,'2015-10-28 00:21:12','2015-10-28 00:21:12'),(116,7,64,'2015-10-28 00:21:19','2015-10-28 00:21:19'),(117,7,65,'2015-10-28 00:21:25','2015-10-28 00:21:25'),(119,7,66,'2015-10-28 00:21:49','2015-10-28 00:21:49'),(120,7,67,'2015-10-28 00:21:57','2015-10-28 00:21:57'),(124,7,68,'2015-10-28 00:22:34','2015-10-28 00:22:34'),(125,8,61,'2015-10-28 00:22:43','2015-10-28 00:22:43'),(126,8,62,'2015-10-28 00:22:51','2015-10-28 00:22:51'),(127,8,63,'2015-10-28 00:22:58','2015-10-28 00:22:58'),(128,8,64,'2015-10-28 00:23:05','2015-10-28 00:23:05'),(129,8,65,'2015-10-28 00:23:13','2015-10-28 00:23:13'),(130,8,66,'2015-10-28 00:23:20','2015-10-28 00:23:20'),(131,8,67,'2015-10-28 00:23:27','2015-10-28 00:23:27'),(133,5,69,'2015-10-28 15:40:26','2015-10-28 15:40:26'),(134,10,63,'2015-10-28 17:49:48','2015-10-28 17:49:48'),(135,10,64,'2015-10-28 17:49:57','2015-10-28 17:49:57'),(136,10,65,'2015-10-28 17:50:06','2015-10-28 17:50:06'),(137,10,66,'2015-10-28 17:50:15','2015-10-28 17:50:15'),(138,10,67,'2015-10-28 17:50:23','2015-10-28 17:50:23'),(139,6,70,'2015-10-29 19:40:04','2015-10-29 19:40:04'),(140,7,70,'2015-10-29 19:40:11','2015-10-29 19:40:11'),(141,7,71,'2015-10-30 09:04:31','2015-10-30 09:04:31'),(142,6,71,'2015-10-30 09:04:42','2015-10-30 09:04:42'),(143,6,72,'2015-10-30 19:21:50','2015-10-30 19:21:50'),(144,7,72,'2015-10-30 19:22:03','2015-10-30 19:22:03'),(145,8,72,'2015-10-30 19:22:11','2015-10-30 19:22:11'),(146,6,73,'2015-10-31 13:48:30','2015-10-31 13:48:30'),(147,7,73,'2015-10-31 13:48:38','2015-10-31 13:48:38'),(148,8,73,'2015-10-31 13:48:47','2015-10-31 13:48:47'),(149,11,74,'2015-10-31 18:22:16','2015-10-31 18:22:16'),(150,6,75,'2015-11-02 16:03:38','2015-11-02 16:03:38'),(151,7,75,'2015-11-02 16:03:45','2015-11-02 16:03:45'),(152,8,75,'2015-11-02 16:03:53','2015-11-02 16:03:53'),(153,10,75,'2015-11-02 16:04:01','2015-11-02 16:04:01'),(154,7,76,'2015-11-05 17:45:34','2015-11-05 17:45:34'),(155,8,76,'2015-11-05 17:45:42','2015-11-05 17:45:42'),(156,10,76,'2015-11-05 17:45:49','2015-11-05 17:45:49'),(157,6,76,'2015-11-06 20:10:42','2015-11-06 20:10:42'),(159,6,77,'2015-11-07 08:42:35','2015-11-07 08:42:35'),(160,6,78,'2015-11-07 08:42:41','2015-11-07 08:42:41'),(161,6,79,'2015-11-07 08:42:48','2015-11-07 08:42:48'),(162,7,77,'2015-11-07 08:42:58','2015-11-07 08:42:58'),(163,7,78,'2015-11-07 08:43:04','2015-11-07 08:43:04'),(164,7,79,'2015-11-07 08:43:11','2015-11-07 08:43:11'),(165,8,77,'2015-11-07 08:43:17','2015-11-07 08:43:17'),(166,8,78,'2015-11-07 08:43:23','2015-11-07 08:43:23'),(167,8,79,'2015-11-07 08:43:30','2015-11-07 08:43:30'),(168,10,77,'2015-11-07 08:43:38','2015-11-07 08:43:38'),(169,10,78,'2015-11-07 08:43:45','2015-11-07 08:43:45'),(170,10,79,'2015-11-07 08:43:51','2015-11-07 08:43:51'),(171,6,80,'2015-11-15 14:13:34','2015-11-15 14:13:34'),(172,7,80,'2015-11-15 14:13:45','2015-11-15 14:13:45'),(173,6,81,'2015-11-19 19:42:08','2015-11-19 19:42:08'),(174,7,81,'2015-11-19 19:42:14','2015-11-19 19:42:14');
/*!40000 ALTER TABLE `groupactions` ENABLE KEYS */;
UNLOCK TABLES;

--
-- Table structure for table `groups`
--

DROP TABLE IF EXISTS `groups`;
/*!40101 SET @saved_cs_client     = @@character_set_client */;
/*!40101 SET character_set_client = utf8 */;
CREATE TABLE `groups` (
  `id` int(11) NOT NULL AUTO_INCREMENT,
  `name` varchar(100) NOT NULL,
  `created` datetime DEFAULT NULL,
  `modified` datetime DEFAULT NULL,
  PRIMARY KEY (`id`)
) ENGINE=InnoDB AUTO_INCREMENT=12 DEFAULT CHARSET=latin1;
/*!40101 SET character_set_client = @saved_cs_client */;

--
-- Dumping data for table `groups`
--

LOCK TABLES `groups` WRITE;
/*!40000 ALTER TABLE `groups` DISABLE KEYS */;
INSERT INTO `groups` VALUES (5,'Root','2015-10-14 15:46:28','2015-10-19 19:14:30'),(6,'Administrador','2015-10-14 15:46:38','2015-10-28 17:44:16'),(7,'Perfil de GestiÃ³n EstratÃ©gica','2015-10-14 15:46:48','2015-10-28 17:44:52'),(8,'Perfil de PlanificaciÃ³n TÃ¡ctica','2015-10-14 15:46:56','2015-10-28 17:45:23'),(9,'Administrador CSS','2015-10-15 21:50:04','2015-10-15 21:50:04'),(10,'Perfil de GestiÃ³n Operativa','2015-10-28 17:45:49','2015-10-28 17:45:49'),(11,'Grupo de InterÃ©s','2015-10-31 11:33:43','2015-10-31 11:33:43');
/*!40000 ALTER TABLE `groups` ENABLE KEYS */;
UNLOCK TABLES;

--
-- Table structure for table `i18n`
--

DROP TABLE IF EXISTS `i18n`;
/*!40101 SET @saved_cs_client     = @@character_set_client */;
/*!40101 SET character_set_client = utf8 */;
CREATE TABLE `i18n` (
  `id` int(10) NOT NULL AUTO_INCREMENT,
  `locale` varchar(6) NOT NULL,
  `model` varchar(255) NOT NULL,
  `foreign_key` int(10) NOT NULL,
  `field` varchar(255) NOT NULL,
  `content` text,
  PRIMARY KEY (`id`),
  UNIQUE KEY `unique` (`foreign_key`,`field`,`locale`,`model`),
  KEY `locale` (`locale`),
  KEY `model` (`model`),
  KEY `row_id` (`foreign_key`),
  KEY `field` (`field`)
) ENGINE=InnoDB AUTO_INCREMENT=4577 DEFAULT CHARSET=latin1;
/*!40101 SET character_set_client = @saved_cs_client */;

--
-- Dumping data for table `i18n`
--

LOCK TABLES `i18n` WRITE;
/*!40000 ALTER TABLE `i18n` DISABLE KEYS */;
INSERT INTO `i18n` VALUES (9,'esp','Group',5,'name','Root'),(10,'eng','Group',5,'name','Root'),(11,'esp','Group',6,'name','Administrador'),(12,'eng','Group',6,'name','Administrator'),(13,'esp','Group',7,'name','Perfil de GestiÃ³n EstratÃ©gica'),(14,'eng','Group',7,'name','Strategic Management Profile'),(15,'esp','Group',8,'name','Perfil de PlanificaciÃ³n TÃ¡ctica'),(16,'eng','Group',8,'name','Tactical Planning Profile'),(19,'esp','Module',11,'name','Sistema Base'),(20,'eng','Module',11,'name','Base System'),(23,'esp','Module',13,'name','Empresas'),(24,'eng','Module',13,'name','Companies'),(27,'esp','Category',10,'name','Corporaciones'),(28,'eng','Category',10,'name','Corporations '),(29,'esp','Category',11,'name','Empresas'),(30,'eng','Category',11,'name','Companies'),(31,'esp','Category',12,'name','Usuarios'),(32,'eng','Category',12,'name','User '),(35,'esp','Category',14,'name','Grupos'),(36,'eng','Category',14,'name','Groups'),(37,'esp','Category',15,'name','Modulos'),(38,'eng','Category',15,'name','Modules'),(39,'esp','Category',16,'name','Categorias'),(40,'eng','Category',16,'name','Categories'),(41,'esp','Category',17,'name','Funciones'),(42,'eng','Category',17,'name','Functions'),(43,'esp','Category',18,'name','Permisos'),(44,'eng','Category',18,'name','Permission'),(47,'esp','Action',30,'name','CategorÃ­as : Listado'),(48,'eng','Action',30,'name','Categories : List'),(49,'esp','Action',31,'name','Corporaciones : Listado'),(50,'eng','Action',31,'name','Corporations : List'),(51,'esp','Action',32,'name','Empresas : Listado'),(52,'eng','Action',32,'name','Companies : List'),(53,'esp','Action',33,'name','Funciones : Listado'),(54,'eng','Action',33,'name','Functions : List'),(55,'esp','Action',34,'name','Grupos : Listado'),(56,'eng','Action',34,'name','Groups : List'),(57,'esp','Action',35,'name','Modulos : Listado'),(58,'eng','Action',35,'name','Modules : List'),(59,'esp','Action',36,'name','Permisos : ACL'),(60,'eng','Action',36,'name','Permissions : ACL'),(61,'esp','Action',37,'name','Permisos : Listado'),(62,'eng','Action',37,'name','Permissions : List'),(63,'esp','Action',38,'name','Usuarios : Listado'),(64,'eng','Action',38,'name','Users : List'),(65,'esp','Action',39,'name','Usuarios : Sync'),(66,'eng','Action',39,'name','Users : Sync'),(67,'esp','Corporation',7,'description','Es una empresa de bebidas y alimentos'),(68,'eng','Corporation',7,'description','A food and drinks company'),(69,'esp','Corporation',7,'address','San JosÃ©'),(70,'eng','Corporation',7,'address','Saint Joseph.'),(71,'esp','Company',11,'description','PanaderÃ­a y pastelerÃ­a'),(72,'eng','Company',11,'description','Bakery '),(73,'esp','Company',11,'address','La direcciÃ³n'),(74,'eng','Company',11,'address','The address'),(83,'esp','Group',9,'name','Administrador CSS'),(84,'eng','Group',9,'name','CSS Administrator'),(85,'esp','Questionnaire',0,'title','1'),(86,'eng','Questionnaire',0,'title','2'),(87,'esp','Questionnaire',0,'description','3'),(88,'eng','Questionnaire',0,'description','4'),(89,'esp','Questionnaire',0,'acronym','5'),(90,'eng','Questionnaire',0,'acronym','6'),(109,'esp','Questionnaire',5,'title','Cuestionario 1'),(110,'eng','Questionnaire',5,'title','Questionnaire 1'),(111,'esp','Questionnaire',5,'description','9'),(112,'eng','Questionnaire',5,'description','9'),(113,'esp','Questionnaire',5,'acronym','9'),(114,'eng','Questionnaire',5,'acronym','9'),(121,'esp','Module',15,'name','Instrumentos'),(122,'eng','Module',15,'name','Instruments'),(123,'esp','Category',19,'name','Cuestionarios'),(124,'eng','Category',19,'name','Questionnaires'),(125,'esp','Action',40,'name','Administrar Cuestionarios'),(126,'eng','Action',40,'name','Questionnaires Management'),(127,'esp','Section',0,'name','SecciÃ³n 1'),(128,'eng','Section',0,'name','Section 1'),(129,'esp','Action',41,'name','Administrar Secciones'),(130,'eng','Action',41,'name','Sections Management'),(131,'esp','Section',2,'name','SecciÃ³n dos'),(132,'eng','Section',2,'name','Section two'),(133,'esp','Section',1,'name','SecciÃ³n 1'),(134,'eng','Section',1,'name','Section 1'),(137,'esp','Questionnaire',7,'title','Cuestionario 2'),(138,'eng','Questionnaire',7,'title','two'),(139,'esp','Questionnaire',7,'description','3'),(140,'eng','Questionnaire',7,'description','4'),(141,'esp','Questionnaire',7,'acronym','5'),(142,'eng','Questionnaire',7,'acronym','6'),(143,'esp','Section',4,'name','Otra secciÃ³n'),(144,'eng','Section',4,'name','Another section'),(147,'esp','Action',42,'name','Administrar Preguntas'),(148,'eng','Action',42,'name','Questions Management'),(151,'esp','Question',3,'name','Â¿asdfasdf asdf asdf asdf asdf asdf asdf asdf ?'),(152,'eng','Question',3,'name','qwerqwe rqwer qwer qwer qwer qwerqwer?'),(153,'esp','Question',4,'name','pregunta en esp'),(154,'eng','Question',4,'name','question in english'),(155,'esp','Question',5,'name','zxcvzxcv'),(156,'eng','Question',5,'name','asdfasdf'),(163,'esp','Action',43,'name','Administrar Respuestas'),(164,'eng','Action',43,'name','Answers Management'),(165,'esp','Corporation',9,'description',''),(166,'eng','Corporation',9,'description',''),(167,'esp','Corporation',9,'address',''),(168,'eng','Corporation',9,'address',''),(169,'esp','Company',13,'description',''),(170,'eng','Company',13,'description',''),(171,'esp','Company',13,'address',''),(172,'eng','Company',13,'address',''),(179,'esp','Section',5,'name','a'),(180,'eng','Section',5,'name','b'),(181,'esp','Section',6,'name','1'),(182,'eng','Section',6,'name','2'),(183,'esp','Question',6,'name','1'),(184,'eng','Question',6,'name','2'),(203,'esp','Questionnaire',9,'title','1'),(204,'eng','Questionnaire',9,'title','2'),(205,'esp','Questionnaire',9,'description',''),(206,'eng','Questionnaire',9,'description',''),(207,'esp','Questionnaire',9,'acronym',''),(208,'eng','Questionnaire',9,'acronym',''),(209,'esp','Category',23,'name','Asignar Cuestionarios a Empresas'),(210,'eng','Category',23,'name','Assign Questionnaires to Companies'),(211,'esp','Action',44,'name','Asignar Cuestionarios a Empresas'),(212,'eng','Action',44,'name','Assign Questionnaires to Companies'),(213,'esp','Module',16,'name','G. EstratÃ©gica'),(214,'eng','Module',16,'name','Strategic M.'),(215,'esp','Module',17,'name','P. TÃ¡ctica'),(216,'eng','Module',17,'name','Tactical P.'),(217,'esp','Module',18,'name','G. Operativa'),(218,'eng','Module',18,'name','Operational M.'),(219,'esp','Module',19,'name','Memoria y Cuenta'),(220,'eng','Module',19,'name','Report and Accounts'),(221,'esp','Category',24,'name','Escritorio'),(222,'eng','Category',24,'name','Dashboard'),(223,'esp','Category',25,'name','GestiÃ³n Operativa'),(224,'eng','Category',25,'name','Operational Management'),(225,'esp','Category',26,'name','Memoria y Cuenta'),(226,'eng','Category',26,'name','Reports and Accounts'),(227,'esp','Category',27,'name','PlanificaciÃ³n TÃ¡ctica'),(228,'eng','Category',27,'name','Tactical Planning'),(229,'esp','Action',45,'name','Inventario de Oportunidades y Debilidades'),(230,'eng','Action',45,'name','Weaknesses and Opportunities Inventory'),(231,'esp','Action',46,'name','PlanificaciÃ³n TÃ¡ctica'),(232,'eng','Action',46,'name','Tactical Planning'),(233,'esp','Action',47,'name','GestiÃ³n Operativa'),(234,'eng','Action',47,'name','Operational Management'),(235,'esp','Action',48,'name','Memoria y Cuenta'),(236,'eng','Action',48,'name','Reports and Accounts'),(237,'esp','Module',20,'name','Instrumentos'),(238,'eng','Module',20,'name','Instruments'),(239,'esp','Category',28,'name','Instrumentos'),(240,'eng','Category',28,'name','Instruments'),(241,'esp','Action',49,'name','Instrumentos'),(242,'eng','Action',49,'name','Instruments'),(243,'esp','Company',14,'description','1'),(244,'eng','Company',14,'description','1'),(245,'esp','Company',14,'address','1'),(246,'eng','Company',14,'address','1'),(247,'esp','Action',50,'name','Realizar una AutoevaluaciÃ³n'),(248,'eng','Action',50,'name','Conduct a Self-Assessment'),(249,'esp','Category',29,'name','Realizar una autoevaluaciÃ³n'),(250,'eng','Category',29,'name','Conduct a Self-Assessment'),(251,'esp','Questionnaire',10,'title','Cuestionario de la ComisiÃ³n Europea'),(252,'eng','Questionnaire',10,'title','ENG Cuestionario de la ComisiÃ³n Europea'),(253,'esp','Questionnaire',10,'description','Empresas responsables Cuestionario de ConcienciaciÃ³n de la ComisiÃ³n Europea'),(254,'eng','Questionnaire',10,'description','Empresas responsables Cuestionario de ConcienciaciÃ³n de la ComisiÃ³n Europea ENG'),(255,'esp','Questionnaire',10,'acronym','RSE CE'),(256,'eng','Questionnaire',10,'acronym','RSE CE'),(257,'esp','Section',7,'name','PolÃ­tica de actuaciÃ³n en el lugar de trabajo'),(258,'eng','Section',7,'name','PolÃ­tica de actuaciÃ³n en el lugar de trabajo ENG'),(259,'esp','Section',8,'name','PolÃ­tica medioambiental'),(260,'eng','Section',8,'name','PolÃ­tica medioambiental ENG'),(261,'esp','Section',9,'name','PolÃ­tica de mercado'),(262,'eng','Section',9,'name','PolÃ­tica de mercado ENG'),(263,'esp','Section',10,'name','PolÃ­tica social'),(264,'eng','Section',10,'name','PolÃ­tica social ENG'),(265,'esp','Section',11,'name','Valores de la empresa'),(266,'eng','Section',11,'name','Valores de la empresa ENG'),(267,'esp','Question',7,'name','Â¿Alienta a sus trabajadores para que desarrollen habilidades verdaderas y carreras a largo plazo (p. ej. un procedimiento para la evaluaciÃ³n de la productividad o un plan de formaciÃ³n)?'),(268,'eng','Question',7,'name','Â¿Alienta a sus trabajadores para que desarrollen habilidades verdaderas y carreras a largo plazo (p. ej. un procedimiento para la evaluaciÃ³n de la productividad o un plan de formaciÃ³n)? ENG'),(269,'esp','Question',8,'name','Â¿Existe un procedimiento para garantizar que se toman las medidas adecuadas contra toda forma de discriminaciÃ³n en el puesto de trabajo y en la contrataciÃ³n (p. ej., contra la mujer, grupos Ã©tnicos, discapacitados, etc.)?'),(270,'eng','Question',8,'name','Â¿Existe un procedimiento para garantizar que se toman las medidas adecuadas contra toda forma de discriminaciÃ³n en el puesto de trabajo y en la contrataciÃ³n (p. ej., contra la mujer, grupos Ã©tnicos, discapacitados, etc.)? ENG'),(271,'esp','Question',9,'name','Â¿Consulta con sus empleados los temas importantes?'),(272,'eng','Question',9,'name','Â¿Consulta con sus empleados los temas importantes? ENG'),(273,'esp','Question',10,'name','Â¿Ha tomado su empresa las medidas adecuadas para proporcionar suficiente protecciÃ³n a sus empleados en materia de seguridad, salud y protecciÃ³n social?'),(274,'eng','Question',10,'name','Â¿Ha tomado su empresa las medidas adecuadas para proporcionar suficiente protecciÃ³n a sus empleados en materia de seguridad, salud y protecciÃ³n social? ENG'),(275,'esp','Question',11,'name','Â¿Ofrece su empresa a sus empleados un buen equilibrio entre la vida privada y el trabajo como, por ejemplo, considerando un horario flexible de trabajo o permitiendo que los empleados hagan el trabajo en casa?'),(276,'eng','Question',11,'name','Â¿Ofrece su empresa a sus empleados un buen equilibrio entre la vida privada y el trabajo como, por ejemplo, considerando un horario flexible de trabajo o permitiendo que los empleados hagan el trabajo en casa? ENG'),(277,'esp','Question',12,'name','Â¿Ha intentado reducir el impacto medioambiental de su empresa en tÃ©rminos de: ahorro de energÃ­a?'),(278,'eng','Question',12,'name','Â¿Ha intentado reducir el impacto medioambiental de su empresa en tÃ©rminos de: ahorro de energÃ­a? ENG'),(279,'esp','Question',13,'name','reducciÃ³n y reciclaje de residuos?'),(280,'eng','Question',13,'name','reducciÃ³n y reciclaje de residuos? ENG'),(281,'esp','Question',14,'name','prevenciÃ³n de la contaminaciÃ³n (emisiones al aire o al agua, vertido de aguas residuales, ruido)?'),(282,'eng','Question',14,'name','prevenciÃ³n de la contaminaciÃ³n (emisiones al aire o al agua, vertido de aguas residuales, ruido)? ENG'),(283,'esp','Question',15,'name','protecciÃ³n del medio ambiente?'),(284,'eng','Question',15,'name','protecciÃ³n del medio ambiente? ENG'),(285,'esp','Question',16,'name','opciones sostenibles de transporte?'),(286,'eng','Question',16,'name','opciones sostenibles de transporte? ENG'),(287,'esp','Question',17,'name','Â¿Puede su empresa ahorrar dinero mediante la reducciÃ³n de su impacto medioambiental (reciclaje, reducciÃ³n del consumo de energÃ­a, prevenciÃ³n de la contaminaciÃ³n)?'),(288,'eng','Question',17,'name','Â¿Puede su empresa ahorrar dinero mediante la reducciÃ³n de su impacto medioambiental (reciclaje, reducciÃ³n del consumo de energÃ­a, prevenciÃ³n de la contaminaciÃ³n)? ENG'),(289,'esp','Question',18,'name','Â¿Tiene en cuenta los posibles impactos medioambientales cuando desarrolla nuevos productos y servicios (evaluaciÃ³n del uso de energÃ­a, reciclaje o generaciÃ³n de contaminaciÃ³n)?'),(290,'eng','Question',18,'name','Â¿Tiene en cuenta los posibles impactos medioambientales cuando desarrolla nuevos productos y servicios (evaluaciÃ³n del uso de energÃ­a, reciclaje o generaciÃ³n de contaminaciÃ³n)? ENG'),(291,'esp','Question',19,'name','Â¿Proporciona su empresa informaciÃ³n medioambiental clara y precisa sobre sus productos y actividades a los clientes, proveedores, comunidad local, etc.?'),(292,'eng','Question',19,'name','Â¿Proporciona su empresa informaciÃ³n medioambiental clara y precisa sobre sus productos y actividades a los clientes, proveedores, comunidad local, etc.? ENG'),(293,'esp','Question',20,'name','Â¿Ha pensado en quÃ© forma podrÃ­a su empresa utilizar la sostenibilidad de sus productos y servicios para aventajar a la competencia (el reciclaje de productos, la eficacia energÃ©tica, etc.)?'),(294,'eng','Question',20,'name','Â¿Ha pensado en quÃ© forma podrÃ­a su empresa utilizar la sostenibilidad de sus productos y servicios para aventajar a la competencia (el reciclaje de productos, la eficacia energÃ©tica, etc.)? ENG'),(295,'esp','Question',21,'name','Â¿Aplica su empresa alguna polÃ­tica para garantizar la honradez y calidad en todos sus contratos, tratos y publicidad (una polÃ­tica de compras justa o estipulaciones para la protecciÃ³n de los consumidores, etc.)?'),(296,'eng','Question',21,'name','Â¿Aplica su empresa alguna polÃ­tica para garantizar la honradez y calidad en todos sus contratos, tratos y publicidad (una polÃ­tica de compras justa o estipulaciones para la protecciÃ³n de los consumidores, etc.)? ENG'),(297,'esp','Question',22,'name','Â¿Proporciona su empresa informaciÃ³n clara y precisa en el etiquetado de sus productos y servicios, que incluyan sus obligaciones postventa?'),(298,'eng','Question',22,'name','Â¿Proporciona su empresa informaciÃ³n clara y precisa en el etiquetado de sus productos y servicios, que incluyan sus obligaciones postventa? ENG'),(299,'esp','Question',23,'name','Â¿Paga puntualmente su empresa las facturas de sus proveedores?'),(300,'eng','Question',23,'name','Â¿Paga puntualmente su empresa las facturas de sus proveedores? ENG'),(301,'esp','Question',24,'name','Â¿Dispone su empresa de un procedimiento para garantizar una interacciÃ³n, consulta y/o diÃ¡logo productivos con sus clientes, proveedores y otras personas con las que hace negocios?'),(302,'eng','Question',24,'name','Â¿Dispone su empresa de un procedimiento para garantizar una interacciÃ³n, consulta y/o diÃ¡logo productivos con sus clientes, proveedores y otras personas con las que hace negocios? ENG'),(303,'esp','Question',25,'name','Â¿Admite y da soluciÃ³n su empresa a las reclamaciones de sus clientes, proveedores y colaboradores?'),(304,'eng','Question',25,'name','Â¿Admite y da soluciÃ³n su empresa a las reclamaciones de sus clientes, proveedores y colaboradores? ENG'),(305,'esp','Question',26,'name','Â¿Ofrece su empresa oportunidades de formaciÃ³n a la gente de la comunidad (aprendizajes o experiencia laboral para jÃ³venes o discapacitados)?'),(306,'eng','Question',26,'name','Â¿Ofrece su empresa oportunidades de formaciÃ³n a la gente de la comunidad (aprendizajes o experiencia laboral para jÃ³venes o discapacitados)? ENG'),(307,'esp','Question',27,'name','Â¿Mantiene un diÃ¡logo abierto con su comunidad sobre temas delicados, polÃ©micos o negativos en los que estÃ© involucrada su empresa (la acumulaciÃ³n de residuos fuera de sus instalaciones, los vehÃ­culos que obstruyen carreteras o caminos)?'),(308,'eng','Question',27,'name','Â¿Mantiene un diÃ¡logo abierto con su comunidad sobre temas delicados, polÃ©micos o negativos en los que estÃ© involucrada su empresa (la acumulaciÃ³n de residuos fuera de sus instalaciones, los vehÃ­culos que obstruyen carreteras o caminos)? ENG'),(309,'esp','Question',28,'name','Â¿Compra su empresa productos en el mercado local?'),(310,'eng','Question',28,'name','Â¿Compra su empresa productos en el mercado local?'),(311,'esp','Question',29,'name','Â¿Alienta a sus empleados para que participen en las actividades de la comunidad (poniendo a su disposiciÃ³n el tiempo y la experiencia de sus empleados u otro tipo de ayuda prÃ¡ctica)?'),(312,'eng','Question',29,'name','Â¿Alienta a sus empleados para que participen en las actividades de la comunidad (poniendo a su disposiciÃ³n el tiempo y la experiencia de sus empleados u otro tipo de ayuda prÃ¡ctica)? ENG'),(313,'esp','Question',30,'name','Â¿Brinda su empresa apoyo econÃ³mico estable a proyectos y actividades de la comunidad (obras benÃ©ficas o patrocinios)?'),(314,'eng','Question',30,'name','Â¿Brinda su empresa apoyo econÃ³mico estable a proyectos y actividades de la comunidad (obras benÃ©ficas o patrocinios)?'),(315,'esp','Question',31,'name','Â¿Ha definido de forma clara los valores y las normas de conducta de su empresa?'),(316,'eng','Question',31,'name','Â¿Ha definido de forma clara los valores y las normas de conducta de su empresa? ENG'),(317,'esp','Question',32,'name','Â¿Hace partÃ­cipes a sus clientes, socios empresariales, proveedores y otras partes interesadas de los valores de su empresa (en presentaciones de ventas, material de marketing o comunicados informales)?'),(318,'eng','Question',32,'name','Â¿Hace partÃ­cipes a sus clientes, socios empresariales, proveedores y otras partes interesadas de los valores de su empresa (en presentaciones de ventas, material de marketing o comunicados informales)? ENG'),(319,'esp','Question',33,'name','Â¿Son conscientes sus clientes de los valores y normas de conducta de su empresa?'),(320,'eng','Question',33,'name','Â¿Son conscientes sus clientes de los valores y normas de conducta de su empresa? ENG'),(321,'esp','Question',34,'name','Â¿Son conscientes sus empleados de los valores y normas de conducta de su empresa?'),(322,'eng','Question',34,'name','Â¿Son conscientes sus empleados de los valores y normas de conducta de su empresa? ENG'),(323,'esp','Question',35,'name','Â¿EnseÃ±a a sus empleados la importancia de los valores y normas de conducta de su empresa?'),(324,'eng','Question',35,'name','Â¿EnseÃ±a a sus empleados la importancia de los valores y normas de conducta de su empresa? ENG'),(1549,'esp','Answer',1,'name','Si'),(1550,'eng','Answer',1,'name','Yes'),(1551,'esp','Answer',1,'feedback_title',''),(1552,'eng','Answer',1,'feedback_title',''),(1553,'esp','Answer',1,'feedback',''),(1554,'eng','Answer',1,'feedback',''),(1555,'esp','Answer',2,'name','En parte'),(1556,'eng','Answer',2,'name','Partially'),(1557,'esp','Answer',2,'feedback_title','Nulla at pharetra velit.'),(1558,'eng','Answer',2,'feedback_title','ENGNulla at pharetra velit.'),(1559,'esp','Answer',2,'feedback','Nulla at pharetra velit. Nullam eu dapibus risus, in imperdiet lorem. Aliquam consequat non sem vitae mollis. Pellentesque lacinia, nisi at vehicula consequat, mi sapien.'),(1560,'eng','Answer',2,'feedback','ENGNulla at pharetra velit. Nullam eu dapibus risus, in imperdiet lorem. Aliquam consequat non sem vitae mollis. Pellentesque lacinia, nisi at vehicula consequat, mi sapien.'),(1561,'esp','Answer',3,'name','No'),(1562,'eng','Answer',3,'name','No'),(1563,'esp','Answer',3,'feedback_title','Nulla at pharetra velit.'),(1564,'eng','Answer',3,'feedback_title','ENGNulla at pharetra velit.'),(1565,'esp','Answer',3,'feedback','Nulla at pharetra velit. Nullam eu dapibus risus, in imperdiet lorem. Aliquam consequat non sem vitae mollis. Pellentesque lacinia, nisi at vehicula consequat, mi sapien.'),(1566,'eng','Answer',3,'feedback','ENGNulla at pharetra velit. Nullam eu dapibus risus, in imperdiet lorem. Aliquam consequat non sem vitae mollis. Pellentesque lacinia, nisi at vehicula consequat, mi sapien.'),(1567,'esp','Answer',4,'name','No sÃ©'),(1568,'eng','Answer',4,'name','Don\'t know'),(1569,'esp','Answer',4,'feedback_title','Nulla at pharetra velit.'),(1570,'eng','Answer',4,'feedback_title','ENGNulla at pharetra velit.'),(1571,'esp','Answer',4,'feedback','Nulla at pharetra velit. Nullam eu dapibus risus, in imperdiet lorem. Aliquam consequat non sem vitae mollis. Pellentesque lacinia, nisi at vehicula consequat, mi sapien.'),(1572,'eng','Answer',4,'feedback','ENGNulla at pharetra velit. Nullam eu dapibus risus, in imperdiet lorem. Aliquam consequat non sem vitae mollis. Pellentesque lacinia, nisi at vehicula consequat, mi sapien.'),(1573,'esp','Answer',5,'name','No aplicable'),(1574,'eng','Answer',5,'name','Not applicable'),(1575,'esp','Answer',5,'feedback_title',''),(1576,'eng','Answer',5,'feedback_title',''),(1577,'esp','Answer',5,'feedback',''),(1578,'eng','Answer',5,'feedback',''),(1579,'esp','Answer',6,'name','Si'),(1580,'eng','Answer',6,'name','Yes'),(1581,'esp','Answer',6,'feedback_title',''),(1582,'eng','Answer',6,'feedback_title',''),(1583,'esp','Answer',6,'feedback',''),(1584,'eng','Answer',6,'feedback',''),(1585,'esp','Answer',7,'name','En parte'),(1586,'eng','Answer',7,'name','Partially'),(1587,'esp','Answer',7,'feedback_title','Nulla at pharetra velit.'),(1588,'eng','Answer',7,'feedback_title','ENGNulla at pharetra velit.'),(1589,'esp','Answer',7,'feedback','Nulla at pharetra velit. Nullam eu dapibus risus, in imperdiet lorem. Aliquam consequat non sem vitae mollis. Pellentesque lacinia, nisi at vehicula consequat, mi sapien.'),(1590,'eng','Answer',7,'feedback','ENGNulla at pharetra velit. Nullam eu dapibus risus, in imperdiet lorem. Aliquam consequat non sem vitae mollis. Pellentesque lacinia, nisi at vehicula consequat, mi sapien.'),(1591,'esp','Answer',8,'name','No'),(1592,'eng','Answer',8,'name','No'),(1593,'esp','Answer',8,'feedback_title','Nulla at pharetra velit.'),(1594,'eng','Answer',8,'feedback_title','ENGNulla at pharetra velit.'),(1595,'esp','Answer',8,'feedback','Nulla at pharetra velit. Nullam eu dapibus risus, in imperdiet lorem. Aliquam consequat non sem vitae mollis. Pellentesque lacinia, nisi at vehicula consequat, mi sapien.'),(1596,'eng','Answer',8,'feedback','ENGNulla at pharetra velit. Nullam eu dapibus risus, in imperdiet lorem. Aliquam consequat non sem vitae mollis. Pellentesque lacinia, nisi at vehicula consequat, mi sapien.'),(1597,'esp','Answer',9,'name','No sÃ©'),(1598,'eng','Answer',9,'name','Don\'t know'),(1599,'esp','Answer',9,'feedback_title','Nulla at pharetra velit.'),(1600,'eng','Answer',9,'feedback_title','ENGNulla at pharetra velit.'),(1601,'esp','Answer',9,'feedback','Nulla at pharetra velit. Nullam eu dapibus risus, in imperdiet lorem. Aliquam consequat non sem vitae mollis. Pellentesque lacinia, nisi at vehicula consequat, mi sapien.'),(1602,'eng','Answer',9,'feedback','ENGNulla at pharetra velit. Nullam eu dapibus risus, in imperdiet lorem. Aliquam consequat non sem vitae mollis. Pellentesque lacinia, nisi at vehicula consequat, mi sapien.'),(1603,'esp','Answer',10,'name','No aplicable'),(1604,'eng','Answer',10,'name','Not applicable'),(1605,'esp','Answer',10,'feedback_title',''),(1606,'eng','Answer',10,'feedback_title',''),(1607,'esp','Answer',10,'feedback',''),(1608,'eng','Answer',10,'feedback',''),(1609,'esp','Answer',11,'name','Si'),(1610,'eng','Answer',11,'name','Yes'),(1611,'esp','Answer',11,'feedback_title',''),(1612,'eng','Answer',11,'feedback_title',''),(1613,'esp','Answer',11,'feedback',''),(1614,'eng','Answer',11,'feedback',''),(1615,'esp','Answer',12,'name','En parte'),(1616,'eng','Answer',12,'name','Partially'),(1617,'esp','Answer',12,'feedback_title','Nulla at pharetra velit.'),(1618,'eng','Answer',12,'feedback_title','ENGNulla at pharetra velit.'),(1619,'esp','Answer',12,'feedback','Nulla at pharetra velit. Nullam eu dapibus risus, in imperdiet lorem. Aliquam consequat non sem vitae mollis. Pellentesque lacinia, nisi at vehicula consequat, mi sapien.'),(1620,'eng','Answer',12,'feedback','ENGNulla at pharetra velit. Nullam eu dapibus risus, in imperdiet lorem. Aliquam consequat non sem vitae mollis. Pellentesque lacinia, nisi at vehicula consequat, mi sapien.'),(1621,'esp','Answer',13,'name','No'),(1622,'eng','Answer',13,'name','No'),(1623,'esp','Answer',13,'feedback_title','Nulla at pharetra velit.'),(1624,'eng','Answer',13,'feedback_title','ENGNulla at pharetra velit.'),(1625,'esp','Answer',13,'feedback','Nulla at pharetra velit. Nullam eu dapibus risus, in imperdiet lorem. Aliquam consequat non sem vitae mollis. Pellentesque lacinia, nisi at vehicula consequat, mi sapien.'),(1626,'eng','Answer',13,'feedback','ENGNulla at pharetra velit. Nullam eu dapibus risus, in imperdiet lorem. Aliquam consequat non sem vitae mollis. Pellentesque lacinia, nisi at vehicula consequat, mi sapien.'),(1627,'esp','Answer',14,'name','No sÃ©'),(1628,'eng','Answer',14,'name','Don\'t know'),(1629,'esp','Answer',14,'feedback_title','Nulla at pharetra velit.'),(1630,'eng','Answer',14,'feedback_title','ENGNulla at pharetra velit.'),(1631,'esp','Answer',14,'feedback','Nulla at pharetra velit. Nullam eu dapibus risus, in imperdiet lorem. Aliquam consequat non sem vitae mollis. Pellentesque lacinia, nisi at vehicula consequat, mi sapien.'),(1632,'eng','Answer',14,'feedback','ENGNulla at pharetra velit. Nullam eu dapibus risus, in imperdiet lorem. Aliquam consequat non sem vitae mollis. Pellentesque lacinia, nisi at vehicula consequat, mi sapien.'),(1633,'esp','Answer',15,'name','No aplicable'),(1634,'eng','Answer',15,'name','Not applicable'),(1635,'esp','Answer',15,'feedback_title',''),(1636,'eng','Answer',15,'feedback_title',''),(1637,'esp','Answer',15,'feedback',''),(1638,'eng','Answer',15,'feedback',''),(1639,'esp','Answer',16,'name','Si'),(1640,'eng','Answer',16,'name','Yes'),(1641,'esp','Answer',16,'feedback_title',''),(1642,'eng','Answer',16,'feedback_title',''),(1643,'esp','Answer',16,'feedback',''),(1644,'eng','Answer',16,'feedback',''),(1645,'esp','Answer',17,'name','En parte'),(1646,'eng','Answer',17,'name','Partially'),(1647,'esp','Answer',17,'feedback_title','Nulla at pharetra velit.'),(1648,'eng','Answer',17,'feedback_title','ENGNulla at pharetra velit.'),(1649,'esp','Answer',17,'feedback','Nulla at pharetra velit. Nullam eu dapibus risus, in imperdiet lorem. Aliquam consequat non sem vitae mollis. Pellentesque lacinia, nisi at vehicula consequat, mi sapien.'),(1650,'eng','Answer',17,'feedback','ENGNulla at pharetra velit. Nullam eu dapibus risus, in imperdiet lorem. Aliquam consequat non sem vitae mollis. Pellentesque lacinia, nisi at vehicula consequat, mi sapien.'),(1651,'esp','Answer',18,'name','No'),(1652,'eng','Answer',18,'name','No'),(1653,'esp','Answer',18,'feedback_title','Nulla at pharetra velit.'),(1654,'eng','Answer',18,'feedback_title','ENGNulla at pharetra velit.'),(1655,'esp','Answer',18,'feedback','Nulla at pharetra velit. Nullam eu dapibus risus, in imperdiet lorem. Aliquam consequat non sem vitae mollis. Pellentesque lacinia, nisi at vehicula consequat, mi sapien.'),(1656,'eng','Answer',18,'feedback','ENGNulla at pharetra velit. Nullam eu dapibus risus, in imperdiet lorem. Aliquam consequat non sem vitae mollis. Pellentesque lacinia, nisi at vehicula consequat, mi sapien.'),(1657,'esp','Answer',19,'name','No sÃ©'),(1658,'eng','Answer',19,'name','Don\'t know'),(1659,'esp','Answer',19,'feedback_title','Nulla at pharetra velit.'),(1660,'eng','Answer',19,'feedback_title','ENGNulla at pharetra velit.'),(1661,'esp','Answer',19,'feedback','Nulla at pharetra velit. Nullam eu dapibus risus, in imperdiet lorem. Aliquam consequat non sem vitae mollis. Pellentesque lacinia, nisi at vehicula consequat, mi sapien.'),(1662,'eng','Answer',19,'feedback','ENGNulla at pharetra velit. Nullam eu dapibus risus, in imperdiet lorem. Aliquam consequat non sem vitae mollis. Pellentesque lacinia, nisi at vehicula consequat, mi sapien.'),(1663,'esp','Answer',20,'name','No aplicable'),(1664,'eng','Answer',20,'name','Not applicable'),(1665,'esp','Answer',20,'feedback_title',''),(1666,'eng','Answer',20,'feedback_title',''),(1667,'esp','Answer',20,'feedback',''),(1668,'eng','Answer',20,'feedback',''),(1669,'esp','Answer',21,'name','Si'),(1670,'eng','Answer',21,'name','Yes'),(1671,'esp','Answer',21,'feedback_title',''),(1672,'eng','Answer',21,'feedback_title',''),(1673,'esp','Answer',21,'feedback',''),(1674,'eng','Answer',21,'feedback',''),(1675,'esp','Answer',22,'name','En parte'),(1676,'eng','Answer',22,'name','Partially'),(1677,'esp','Answer',22,'feedback_title','Nulla at pharetra velit.'),(1678,'eng','Answer',22,'feedback_title','ENGNulla at pharetra velit.'),(1679,'esp','Answer',22,'feedback','Nulla at pharetra velit. Nullam eu dapibus risus, in imperdiet lorem. Aliquam consequat non sem vitae mollis. Pellentesque lacinia, nisi at vehicula consequat, mi sapien.'),(1680,'eng','Answer',22,'feedback','ENGNulla at pharetra velit. Nullam eu dapibus risus, in imperdiet lorem. Aliquam consequat non sem vitae mollis. Pellentesque lacinia, nisi at vehicula consequat, mi sapien.'),(1681,'esp','Answer',23,'name','No'),(1682,'eng','Answer',23,'name','No'),(1683,'esp','Answer',23,'feedback_title','Nulla at pharetra velit.'),(1684,'eng','Answer',23,'feedback_title','ENGNulla at pharetra velit.'),(1685,'esp','Answer',23,'feedback','Nulla at pharetra velit. Nullam eu dapibus risus, in imperdiet lorem. Aliquam consequat non sem vitae mollis. Pellentesque lacinia, nisi at vehicula consequat, mi sapien.'),(1686,'eng','Answer',23,'feedback','ENGNulla at pharetra velit. Nullam eu dapibus risus, in imperdiet lorem. Aliquam consequat non sem vitae mollis. Pellentesque lacinia, nisi at vehicula consequat, mi sapien.'),(1687,'esp','Answer',24,'name','No sÃ©'),(1688,'eng','Answer',24,'name','Don\'t know'),(1689,'esp','Answer',24,'feedback_title','Nulla at pharetra velit.'),(1690,'eng','Answer',24,'feedback_title','ENGNulla at pharetra velit.'),(1691,'esp','Answer',24,'feedback','Nulla at pharetra velit. Nullam eu dapibus risus, in imperdiet lorem. Aliquam consequat non sem vitae mollis. Pellentesque lacinia, nisi at vehicula consequat, mi sapien.'),(1692,'eng','Answer',24,'feedback','ENGNulla at pharetra velit. Nullam eu dapibus risus, in imperdiet lorem. Aliquam consequat non sem vitae mollis. Pellentesque lacinia, nisi at vehicula consequat, mi sapien.'),(1693,'esp','Answer',25,'name','No aplicable'),(1694,'eng','Answer',25,'name','Not applicable'),(1695,'esp','Answer',25,'feedback_title',''),(1696,'eng','Answer',25,'feedback_title',''),(1697,'esp','Answer',25,'feedback',''),(1698,'eng','Answer',25,'feedback',''),(1699,'esp','Answer',26,'name','Si'),(1700,'eng','Answer',26,'name','Yes'),(1701,'esp','Answer',26,'feedback_title',''),(1702,'eng','Answer',26,'feedback_title',''),(1703,'esp','Answer',26,'feedback',''),(1704,'eng','Answer',26,'feedback',''),(1705,'esp','Answer',27,'name','En parte'),(1706,'eng','Answer',27,'name','Partially'),(1707,'esp','Answer',27,'feedback_title','Nulla at pharetra velit.'),(1708,'eng','Answer',27,'feedback_title','ENGNulla at pharetra velit.'),(1709,'esp','Answer',27,'feedback','Nulla at pharetra velit. Nullam eu dapibus risus, in imperdiet lorem. Aliquam consequat non sem vitae mollis. Pellentesque lacinia, nisi at vehicula consequat, mi sapien.'),(1710,'eng','Answer',27,'feedback','ENGNulla at pharetra velit. Nullam eu dapibus risus, in imperdiet lorem. Aliquam consequat non sem vitae mollis. Pellentesque lacinia, nisi at vehicula consequat, mi sapien.'),(1711,'esp','Answer',28,'name','No'),(1712,'eng','Answer',28,'name','No'),(1713,'esp','Answer',28,'feedback_title','Nulla at pharetra velit.'),(1714,'eng','Answer',28,'feedback_title','ENGNulla at pharetra velit.'),(1715,'esp','Answer',28,'feedback','Nulla at pharetra velit. Nullam eu dapibus risus, in imperdiet lorem. Aliquam consequat non sem vitae mollis. Pellentesque lacinia, nisi at vehicula consequat, mi sapien.'),(1716,'eng','Answer',28,'feedback','ENGNulla at pharetra velit. Nullam eu dapibus risus, in imperdiet lorem. Aliquam consequat non sem vitae mollis. Pellentesque lacinia, nisi at vehicula consequat, mi sapien.'),(1717,'esp','Answer',29,'name','No sÃ©'),(1718,'eng','Answer',29,'name','Don\'t know'),(1719,'esp','Answer',29,'feedback_title','Nulla at pharetra velit.'),(1720,'eng','Answer',29,'feedback_title','ENGNulla at pharetra velit.'),(1721,'esp','Answer',29,'feedback','Nulla at pharetra velit. Nullam eu dapibus risus, in imperdiet lorem. Aliquam consequat non sem vitae mollis. Pellentesque lacinia, nisi at vehicula consequat, mi sapien.'),(1722,'eng','Answer',29,'feedback','ENGNulla at pharetra velit. Nullam eu dapibus risus, in imperdiet lorem. Aliquam consequat non sem vitae mollis. Pellentesque lacinia, nisi at vehicula consequat, mi sapien.'),(1723,'esp','Answer',30,'name','No aplicable'),(1724,'eng','Answer',30,'name','Not applicable'),(1725,'esp','Answer',30,'feedback_title',''),(1726,'eng','Answer',30,'feedback_title',''),(1727,'esp','Answer',30,'feedback',''),(1728,'eng','Answer',30,'feedback',''),(1729,'esp','Answer',31,'name','Si'),(1730,'eng','Answer',31,'name','Yes'),(1731,'esp','Answer',31,'feedback_title',''),(1732,'eng','Answer',31,'feedback_title',''),(1733,'esp','Answer',31,'feedback',''),(1734,'eng','Answer',31,'feedback',''),(1735,'esp','Answer',32,'name','En parte'),(1736,'eng','Answer',32,'name','Partially'),(1737,'esp','Answer',32,'feedback_title','Nulla at pharetra velit.'),(1738,'eng','Answer',32,'feedback_title','ENGNulla at pharetra velit.'),(1739,'esp','Answer',32,'feedback','Nulla at pharetra velit. Nullam eu dapibus risus, in imperdiet lorem. Aliquam consequat non sem vitae mollis. Pellentesque lacinia, nisi at vehicula consequat, mi sapien.'),(1740,'eng','Answer',32,'feedback','ENGNulla at pharetra velit. Nullam eu dapibus risus, in imperdiet lorem. Aliquam consequat non sem vitae mollis. Pellentesque lacinia, nisi at vehicula consequat, mi sapien.'),(1741,'esp','Answer',33,'name','No'),(1742,'eng','Answer',33,'name','No'),(1743,'esp','Answer',33,'feedback_title','Nulla at pharetra velit.'),(1744,'eng','Answer',33,'feedback_title','ENGNulla at pharetra velit.'),(1745,'esp','Answer',33,'feedback','Nulla at pharetra velit. Nullam eu dapibus risus, in imperdiet lorem. Aliquam consequat non sem vitae mollis. Pellentesque lacinia, nisi at vehicula consequat, mi sapien.'),(1746,'eng','Answer',33,'feedback','ENGNulla at pharetra velit. Nullam eu dapibus risus, in imperdiet lorem. Aliquam consequat non sem vitae mollis. Pellentesque lacinia, nisi at vehicula consequat, mi sapien.'),(1747,'esp','Answer',34,'name','No sÃ©'),(1748,'eng','Answer',34,'name','Don\'t know'),(1749,'esp','Answer',34,'feedback_title','Nulla at pharetra velit.'),(1750,'eng','Answer',34,'feedback_title','ENGNulla at pharetra velit.'),(1751,'esp','Answer',34,'feedback','Nulla at pharetra velit. Nullam eu dapibus risus, in imperdiet lorem. Aliquam consequat non sem vitae mollis. Pellentesque lacinia, nisi at vehicula consequat, mi sapien.'),(1752,'eng','Answer',34,'feedback','ENGNulla at pharetra velit. Nullam eu dapibus risus, in imperdiet lorem. Aliquam consequat non sem vitae mollis. Pellentesque lacinia, nisi at vehicula consequat, mi sapien.'),(1753,'esp','Answer',35,'name','No aplicable'),(1754,'eng','Answer',35,'name','Not applicable'),(1755,'esp','Answer',35,'feedback_title',''),(1756,'eng','Answer',35,'feedback_title',''),(1757,'esp','Answer',35,'feedback',''),(1758,'eng','Answer',35,'feedback',''),(1759,'esp','Answer',36,'name','Si'),(1760,'eng','Answer',36,'name','Yes'),(1761,'esp','Answer',36,'feedback_title',''),(1762,'eng','Answer',36,'feedback_title',''),(1763,'esp','Answer',36,'feedback',''),(1764,'eng','Answer',36,'feedback',''),(1765,'esp','Answer',37,'name','En parte'),(1766,'eng','Answer',37,'name','Partially'),(1767,'esp','Answer',37,'feedback_title','Nulla at pharetra velit.'),(1768,'eng','Answer',37,'feedback_title','ENGNulla at pharetra velit.'),(1769,'esp','Answer',37,'feedback','Nulla at pharetra velit. Nullam eu dapibus risus, in imperdiet lorem. Aliquam consequat non sem vitae mollis. Pellentesque lacinia, nisi at vehicula consequat, mi sapien.'),(1770,'eng','Answer',37,'feedback','ENGNulla at pharetra velit. Nullam eu dapibus risus, in imperdiet lorem. Aliquam consequat non sem vitae mollis. Pellentesque lacinia, nisi at vehicula consequat, mi sapien.'),(1771,'esp','Answer',38,'name','No'),(1772,'eng','Answer',38,'name','No'),(1773,'esp','Answer',38,'feedback_title','Nulla at pharetra velit.'),(1774,'eng','Answer',38,'feedback_title','ENGNulla at pharetra velit.'),(1775,'esp','Answer',38,'feedback','Nulla at pharetra velit. Nullam eu dapibus risus, in imperdiet lorem. Aliquam consequat non sem vitae mollis. Pellentesque lacinia, nisi at vehicula consequat, mi sapien.'),(1776,'eng','Answer',38,'feedback','ENGNulla at pharetra velit. Nullam eu dapibus risus, in imperdiet lorem. Aliquam consequat non sem vitae mollis. Pellentesque lacinia, nisi at vehicula consequat, mi sapien.'),(1777,'esp','Answer',39,'name','No sÃ©'),(1778,'eng','Answer',39,'name','Don\'t know'),(1779,'esp','Answer',39,'feedback_title','Nulla at pharetra velit.'),(1780,'eng','Answer',39,'feedback_title','ENGNulla at pharetra velit.'),(1781,'esp','Answer',39,'feedback','Nulla at pharetra velit. Nullam eu dapibus risus, in imperdiet lorem. Aliquam consequat non sem vitae mollis. Pellentesque lacinia, nisi at vehicula consequat, mi sapien.'),(1782,'eng','Answer',39,'feedback','ENGNulla at pharetra velit. Nullam eu dapibus risus, in imperdiet lorem. Aliquam consequat non sem vitae mollis. Pellentesque lacinia, nisi at vehicula consequat, mi sapien.'),(1783,'esp','Answer',40,'name','No aplicable'),(1784,'eng','Answer',40,'name','Not applicable'),(1785,'esp','Answer',40,'feedback_title',''),(1786,'eng','Answer',40,'feedback_title',''),(1787,'esp','Answer',40,'feedback',''),(1788,'eng','Answer',40,'feedback',''),(1789,'esp','Answer',41,'name','Si'),(1790,'eng','Answer',41,'name','Yes'),(1791,'esp','Answer',41,'feedback_title',''),(1792,'eng','Answer',41,'feedback_title',''),(1793,'esp','Answer',41,'feedback',''),(1794,'eng','Answer',41,'feedback',''),(1795,'esp','Answer',42,'name','En parte'),(1796,'eng','Answer',42,'name','Partially'),(1797,'esp','Answer',42,'feedback_title','Nulla at pharetra velit.'),(1798,'eng','Answer',42,'feedback_title','ENGNulla at pharetra velit.'),(1799,'esp','Answer',42,'feedback','Nulla at pharetra velit. Nullam eu dapibus risus, in imperdiet lorem. Aliquam consequat non sem vitae mollis. Pellentesque lacinia, nisi at vehicula consequat, mi sapien.'),(1800,'eng','Answer',42,'feedback','ENGNulla at pharetra velit. Nullam eu dapibus risus, in imperdiet lorem. Aliquam consequat non sem vitae mollis. Pellentesque lacinia, nisi at vehicula consequat, mi sapien.'),(1801,'esp','Answer',43,'name','No'),(1802,'eng','Answer',43,'name','No'),(1803,'esp','Answer',43,'feedback_title','Nulla at pharetra velit.'),(1804,'eng','Answer',43,'feedback_title','ENGNulla at pharetra velit.'),(1805,'esp','Answer',43,'feedback','Nulla at pharetra velit. Nullam eu dapibus risus, in imperdiet lorem. Aliquam consequat non sem vitae mollis. Pellentesque lacinia, nisi at vehicula consequat, mi sapien.'),(1806,'eng','Answer',43,'feedback','ENGNulla at pharetra velit. Nullam eu dapibus risus, in imperdiet lorem. Aliquam consequat non sem vitae mollis. Pellentesque lacinia, nisi at vehicula consequat, mi sapien.'),(1807,'esp','Answer',44,'name','No sÃ©'),(1808,'eng','Answer',44,'name','Don\'t know'),(1809,'esp','Answer',44,'feedback_title','Nulla at pharetra velit.'),(1810,'eng','Answer',44,'feedback_title','ENGNulla at pharetra velit.'),(1811,'esp','Answer',44,'feedback','Nulla at pharetra velit. Nullam eu dapibus risus, in imperdiet lorem. Aliquam consequat non sem vitae mollis. Pellentesque lacinia, nisi at vehicula consequat, mi sapien.'),(1812,'eng','Answer',44,'feedback','ENGNulla at pharetra velit. Nullam eu dapibus risus, in imperdiet lorem. Aliquam consequat non sem vitae mollis. Pellentesque lacinia, nisi at vehicula consequat, mi sapien.'),(1813,'esp','Answer',45,'name','No aplicable'),(1814,'eng','Answer',45,'name','Not applicable'),(1815,'esp','Answer',45,'feedback_title',''),(1816,'eng','Answer',45,'feedback_title',''),(1817,'esp','Answer',45,'feedback',''),(1818,'eng','Answer',45,'feedback',''),(1819,'esp','Answer',46,'name','Si'),(1820,'eng','Answer',46,'name','Yes'),(1821,'esp','Answer',46,'feedback_title',''),(1822,'eng','Answer',46,'feedback_title',''),(1823,'esp','Answer',46,'feedback',''),(1824,'eng','Answer',46,'feedback',''),(1825,'esp','Answer',47,'name','En parte'),(1826,'eng','Answer',47,'name','Partially'),(1827,'esp','Answer',47,'feedback_title','Nulla at pharetra velit.'),(1828,'eng','Answer',47,'feedback_title','ENGNulla at pharetra velit.'),(1829,'esp','Answer',47,'feedback','Nulla at pharetra velit. Nullam eu dapibus risus, in imperdiet lorem. Aliquam consequat non sem vitae mollis. Pellentesque lacinia, nisi at vehicula consequat, mi sapien.'),(1830,'eng','Answer',47,'feedback','ENGNulla at pharetra velit. Nullam eu dapibus risus, in imperdiet lorem. Aliquam consequat non sem vitae mollis. Pellentesque lacinia, nisi at vehicula consequat, mi sapien.'),(1831,'esp','Answer',48,'name','No'),(1832,'eng','Answer',48,'name','No'),(1833,'esp','Answer',48,'feedback_title','Nulla at pharetra velit.'),(1834,'eng','Answer',48,'feedback_title','ENGNulla at pharetra velit.'),(1835,'esp','Answer',48,'feedback','Nulla at pharetra velit. Nullam eu dapibus risus, in imperdiet lorem. Aliquam consequat non sem vitae mollis. Pellentesque lacinia, nisi at vehicula consequat, mi sapien.'),(1836,'eng','Answer',48,'feedback','ENGNulla at pharetra velit. Nullam eu dapibus risus, in imperdiet lorem. Aliquam consequat non sem vitae mollis. Pellentesque lacinia, nisi at vehicula consequat, mi sapien.'),(1837,'esp','Answer',49,'name','No sÃ©'),(1838,'eng','Answer',49,'name','Don\'t know'),(1839,'esp','Answer',49,'feedback_title','Nulla at pharetra velit.'),(1840,'eng','Answer',49,'feedback_title','ENGNulla at pharetra velit.'),(1841,'esp','Answer',49,'feedback','Nulla at pharetra velit. Nullam eu dapibus risus, in imperdiet lorem. Aliquam consequat non sem vitae mollis. Pellentesque lacinia, nisi at vehicula consequat, mi sapien.'),(1842,'eng','Answer',49,'feedback','ENGNulla at pharetra velit. Nullam eu dapibus risus, in imperdiet lorem. Aliquam consequat non sem vitae mollis. Pellentesque lacinia, nisi at vehicula consequat, mi sapien.'),(1843,'esp','Answer',50,'name','No aplicable'),(1844,'eng','Answer',50,'name','Not applicable'),(1845,'esp','Answer',50,'feedback_title',''),(1846,'eng','Answer',50,'feedback_title',''),(1847,'esp','Answer',50,'feedback',''),(1848,'eng','Answer',50,'feedback',''),(1849,'esp','Answer',51,'name','Si'),(1850,'eng','Answer',51,'name','Yes'),(1851,'esp','Answer',51,'feedback_title',''),(1852,'eng','Answer',51,'feedback_title',''),(1853,'esp','Answer',51,'feedback',''),(1854,'eng','Answer',51,'feedback',''),(1855,'esp','Answer',52,'name','En parte'),(1856,'eng','Answer',52,'name','Partially'),(1857,'esp','Answer',52,'feedback_title','Nulla at pharetra velit.'),(1858,'eng','Answer',52,'feedback_title','ENGNulla at pharetra velit.'),(1859,'esp','Answer',52,'feedback','Nulla at pharetra velit. Nullam eu dapibus risus, in imperdiet lorem. Aliquam consequat non sem vitae mollis. Pellentesque lacinia, nisi at vehicula consequat, mi sapien.'),(1860,'eng','Answer',52,'feedback','ENGNulla at pharetra velit. Nullam eu dapibus risus, in imperdiet lorem. Aliquam consequat non sem vitae mollis. Pellentesque lacinia, nisi at vehicula consequat, mi sapien.'),(1861,'esp','Answer',53,'name','No'),(1862,'eng','Answer',53,'name','No'),(1863,'esp','Answer',53,'feedback_title','Nulla at pharetra velit.'),(1864,'eng','Answer',53,'feedback_title','ENGNulla at pharetra velit.'),(1865,'esp','Answer',53,'feedback','Nulla at pharetra velit. Nullam eu dapibus risus, in imperdiet lorem. Aliquam consequat non sem vitae mollis. Pellentesque lacinia, nisi at vehicula consequat, mi sapien.'),(1866,'eng','Answer',53,'feedback','ENGNulla at pharetra velit. Nullam eu dapibus risus, in imperdiet lorem. Aliquam consequat non sem vitae mollis. Pellentesque lacinia, nisi at vehicula consequat, mi sapien.'),(1867,'esp','Answer',54,'name','No sÃ©'),(1868,'eng','Answer',54,'name','Don\'t know'),(1869,'esp','Answer',54,'feedback_title','Nulla at pharetra velit.'),(1870,'eng','Answer',54,'feedback_title','ENGNulla at pharetra velit.'),(1871,'esp','Answer',54,'feedback','Nulla at pharetra velit. Nullam eu dapibus risus, in imperdiet lorem. Aliquam consequat non sem vitae mollis. Pellentesque lacinia, nisi at vehicula consequat, mi sapien.'),(1872,'eng','Answer',54,'feedback','ENGNulla at pharetra velit. Nullam eu dapibus risus, in imperdiet lorem. Aliquam consequat non sem vitae mollis. Pellentesque lacinia, nisi at vehicula consequat, mi sapien.'),(1873,'esp','Answer',55,'name','No aplicable'),(1874,'eng','Answer',55,'name','Not applicable'),(1875,'esp','Answer',55,'feedback_title',''),(1876,'eng','Answer',55,'feedback_title',''),(1877,'esp','Answer',55,'feedback',''),(1878,'eng','Answer',55,'feedback',''),(1879,'esp','Answer',56,'name','Si'),(1880,'eng','Answer',56,'name','Yes'),(1881,'esp','Answer',56,'feedback_title',''),(1882,'eng','Answer',56,'feedback_title',''),(1883,'esp','Answer',56,'feedback',''),(1884,'eng','Answer',56,'feedback',''),(1885,'esp','Answer',57,'name','En parte'),(1886,'eng','Answer',57,'name','Partially'),(1887,'esp','Answer',57,'feedback_title','Nulla at pharetra velit.'),(1888,'eng','Answer',57,'feedback_title','ENGNulla at pharetra velit.'),(1889,'esp','Answer',57,'feedback','Nulla at pharetra velit. Nullam eu dapibus risus, in imperdiet lorem. Aliquam consequat non sem vitae mollis. Pellentesque lacinia, nisi at vehicula consequat, mi sapien.'),(1890,'eng','Answer',57,'feedback','ENGNulla at pharetra velit. Nullam eu dapibus risus, in imperdiet lorem. Aliquam consequat non sem vitae mollis. Pellentesque lacinia, nisi at vehicula consequat, mi sapien.'),(1891,'esp','Answer',58,'name','No'),(1892,'eng','Answer',58,'name','No'),(1893,'esp','Answer',58,'feedback_title','Nulla at pharetra velit.'),(1894,'eng','Answer',58,'feedback_title','ENGNulla at pharetra velit.'),(1895,'esp','Answer',58,'feedback','Nulla at pharetra velit. Nullam eu dapibus risus, in imperdiet lorem. Aliquam consequat non sem vitae mollis. Pellentesque lacinia, nisi at vehicula consequat, mi sapien.'),(1896,'eng','Answer',58,'feedback','ENGNulla at pharetra velit. Nullam eu dapibus risus, in imperdiet lorem. Aliquam consequat non sem vitae mollis. Pellentesque lacinia, nisi at vehicula consequat, mi sapien.'),(1897,'esp','Answer',59,'name','No sÃ©'),(1898,'eng','Answer',59,'name','Don\'t know'),(1899,'esp','Answer',59,'feedback_title','Nulla at pharetra velit.'),(1900,'eng','Answer',59,'feedback_title','ENGNulla at pharetra velit.'),(1901,'esp','Answer',59,'feedback','Nulla at pharetra velit. Nullam eu dapibus risus, in imperdiet lorem. Aliquam consequat non sem vitae mollis. Pellentesque lacinia, nisi at vehicula consequat, mi sapien.'),(1902,'eng','Answer',59,'feedback','ENGNulla at pharetra velit. Nullam eu dapibus risus, in imperdiet lorem. Aliquam consequat non sem vitae mollis. Pellentesque lacinia, nisi at vehicula consequat, mi sapien.'),(1903,'esp','Answer',60,'name','No aplicable'),(1904,'eng','Answer',60,'name','Not applicable'),(1905,'esp','Answer',60,'feedback_title',''),(1906,'eng','Answer',60,'feedback_title',''),(1907,'esp','Answer',60,'feedback',''),(1908,'eng','Answer',60,'feedback',''),(1909,'esp','Answer',61,'name','Si'),(1910,'eng','Answer',61,'name','Yes'),(1911,'esp','Answer',61,'feedback_title',''),(1912,'eng','Answer',61,'feedback_title',''),(1913,'esp','Answer',61,'feedback',''),(1914,'eng','Answer',61,'feedback',''),(1915,'esp','Answer',62,'name','En parte'),(1916,'eng','Answer',62,'name','Partially'),(1917,'esp','Answer',62,'feedback_title','Nulla at pharetra velit.'),(1918,'eng','Answer',62,'feedback_title','ENGNulla at pharetra velit.'),(1919,'esp','Answer',62,'feedback','Nulla at pharetra velit. Nullam eu dapibus risus, in imperdiet lorem. Aliquam consequat non sem vitae mollis. Pellentesque lacinia, nisi at vehicula consequat, mi sapien.'),(1920,'eng','Answer',62,'feedback','ENGNulla at pharetra velit. Nullam eu dapibus risus, in imperdiet lorem. Aliquam consequat non sem vitae mollis. Pellentesque lacinia, nisi at vehicula consequat, mi sapien.'),(1921,'esp','Answer',63,'name','No'),(1922,'eng','Answer',63,'name','No'),(1923,'esp','Answer',63,'feedback_title','Nulla at pharetra velit.'),(1924,'eng','Answer',63,'feedback_title','ENGNulla at pharetra velit.'),(1925,'esp','Answer',63,'feedback','Nulla at pharetra velit. Nullam eu dapibus risus, in imperdiet lorem. Aliquam consequat non sem vitae mollis. Pellentesque lacinia, nisi at vehicula consequat, mi sapien.'),(1926,'eng','Answer',63,'feedback','ENGNulla at pharetra velit. Nullam eu dapibus risus, in imperdiet lorem. Aliquam consequat non sem vitae mollis. Pellentesque lacinia, nisi at vehicula consequat, mi sapien.'),(1927,'esp','Answer',64,'name','No sÃ©'),(1928,'eng','Answer',64,'name','Don\'t know'),(1929,'esp','Answer',64,'feedback_title','Nulla at pharetra velit.'),(1930,'eng','Answer',64,'feedback_title','ENGNulla at pharetra velit.'),(1931,'esp','Answer',64,'feedback','Nulla at pharetra velit. Nullam eu dapibus risus, in imperdiet lorem. Aliquam consequat non sem vitae mollis. Pellentesque lacinia, nisi at vehicula consequat, mi sapien.'),(1932,'eng','Answer',64,'feedback','ENGNulla at pharetra velit. Nullam eu dapibus risus, in imperdiet lorem. Aliquam consequat non sem vitae mollis. Pellentesque lacinia, nisi at vehicula consequat, mi sapien.'),(1933,'esp','Answer',65,'name','No aplicable'),(1934,'eng','Answer',65,'name','Not applicable'),(1935,'esp','Answer',65,'feedback_title',''),(1936,'eng','Answer',65,'feedback_title',''),(1937,'esp','Answer',65,'feedback',''),(1938,'eng','Answer',65,'feedback',''),(1939,'esp','Answer',66,'name','Si'),(1940,'eng','Answer',66,'name','Yes'),(1941,'esp','Answer',66,'feedback_title',''),(1942,'eng','Answer',66,'feedback_title',''),(1943,'esp','Answer',66,'feedback',''),(1944,'eng','Answer',66,'feedback',''),(1945,'esp','Answer',67,'name','En parte'),(1946,'eng','Answer',67,'name','Partially'),(1947,'esp','Answer',67,'feedback_title','Nulla at pharetra velit.'),(1948,'eng','Answer',67,'feedback_title','ENGNulla at pharetra velit.'),(1949,'esp','Answer',67,'feedback','Nulla at pharetra velit. Nullam eu dapibus risus, in imperdiet lorem. Aliquam consequat non sem vitae mollis. Pellentesque lacinia, nisi at vehicula consequat, mi sapien.'),(1950,'eng','Answer',67,'feedback','ENGNulla at pharetra velit. Nullam eu dapibus risus, in imperdiet lorem. Aliquam consequat non sem vitae mollis. Pellentesque lacinia, nisi at vehicula consequat, mi sapien.'),(1951,'esp','Answer',68,'name','No'),(1952,'eng','Answer',68,'name','No'),(1953,'esp','Answer',68,'feedback_title','Nulla at pharetra velit.'),(1954,'eng','Answer',68,'feedback_title','ENGNulla at pharetra velit.'),(1955,'esp','Answer',68,'feedback','Nulla at pharetra velit. Nullam eu dapibus risus, in imperdiet lorem. Aliquam consequat non sem vitae mollis. Pellentesque lacinia, nisi at vehicula consequat, mi sapien.'),(1956,'eng','Answer',68,'feedback','ENGNulla at pharetra velit. Nullam eu dapibus risus, in imperdiet lorem. Aliquam consequat non sem vitae mollis. Pellentesque lacinia, nisi at vehicula consequat, mi sapien.'),(1957,'esp','Answer',69,'name','No sÃ©'),(1958,'eng','Answer',69,'name','Don\'t know'),(1959,'esp','Answer',69,'feedback_title','Nulla at pharetra velit.'),(1960,'eng','Answer',69,'feedback_title','ENGNulla at pharetra velit.'),(1961,'esp','Answer',69,'feedback','Nulla at pharetra velit. Nullam eu dapibus risus, in imperdiet lorem. Aliquam consequat non sem vitae mollis. Pellentesque lacinia, nisi at vehicula consequat, mi sapien.'),(1962,'eng','Answer',69,'feedback','ENGNulla at pharetra velit. Nullam eu dapibus risus, in imperdiet lorem. Aliquam consequat non sem vitae mollis. Pellentesque lacinia, nisi at vehicula consequat, mi sapien.'),(1963,'esp','Answer',70,'name','No aplicable'),(1964,'eng','Answer',70,'name','Not applicable'),(1965,'esp','Answer',70,'feedback_title',''),(1966,'eng','Answer',70,'feedback_title',''),(1967,'esp','Answer',70,'feedback',''),(1968,'eng','Answer',70,'feedback',''),(1969,'esp','Answer',71,'name','Si'),(1970,'eng','Answer',71,'name','Yes'),(1971,'esp','Answer',71,'feedback_title',''),(1972,'eng','Answer',71,'feedback_title',''),(1973,'esp','Answer',71,'feedback',''),(1974,'eng','Answer',71,'feedback',''),(1975,'esp','Answer',72,'name','En parte'),(1976,'eng','Answer',72,'name','Partially'),(1977,'esp','Answer',72,'feedback_title','Nulla at pharetra velit.'),(1978,'eng','Answer',72,'feedback_title','ENGNulla at pharetra velit.'),(1979,'esp','Answer',72,'feedback','Nulla at pharetra velit. Nullam eu dapibus risus, in imperdiet lorem. Aliquam consequat non sem vitae mollis. Pellentesque lacinia, nisi at vehicula consequat, mi sapien.'),(1980,'eng','Answer',72,'feedback','ENGNulla at pharetra velit. Nullam eu dapibus risus, in imperdiet lorem. Aliquam consequat non sem vitae mollis. Pellentesque lacinia, nisi at vehicula consequat, mi sapien.'),(1981,'esp','Answer',73,'name','No'),(1982,'eng','Answer',73,'name','No'),(1983,'esp','Answer',73,'feedback_title','Nulla at pharetra velit.'),(1984,'eng','Answer',73,'feedback_title','ENGNulla at pharetra velit.'),(1985,'esp','Answer',73,'feedback','Nulla at pharetra velit. Nullam eu dapibus risus, in imperdiet lorem. Aliquam consequat non sem vitae mollis. Pellentesque lacinia, nisi at vehicula consequat, mi sapien.'),(1986,'eng','Answer',73,'feedback','ENGNulla at pharetra velit. Nullam eu dapibus risus, in imperdiet lorem. Aliquam consequat non sem vitae mollis. Pellentesque lacinia, nisi at vehicula consequat, mi sapien.'),(1987,'esp','Answer',74,'name','No sÃ©'),(1988,'eng','Answer',74,'name','Don\'t know'),(1989,'esp','Answer',74,'feedback_title','Nulla at pharetra velit.'),(1990,'eng','Answer',74,'feedback_title','ENGNulla at pharetra velit.'),(1991,'esp','Answer',74,'feedback','Nulla at pharetra velit. Nullam eu dapibus risus, in imperdiet lorem. Aliquam consequat non sem vitae mollis. Pellentesque lacinia, nisi at vehicula consequat, mi sapien.'),(1992,'eng','Answer',74,'feedback','ENGNulla at pharetra velit. Nullam eu dapibus risus, in imperdiet lorem. Aliquam consequat non sem vitae mollis. Pellentesque lacinia, nisi at vehicula consequat, mi sapien.'),(1993,'esp','Answer',75,'name','No aplicable'),(1994,'eng','Answer',75,'name','Not applicable'),(1995,'esp','Answer',75,'feedback_title',''),(1996,'eng','Answer',75,'feedback_title',''),(1997,'esp','Answer',75,'feedback',''),(1998,'eng','Answer',75,'feedback',''),(1999,'esp','Answer',76,'name','Si'),(2000,'eng','Answer',76,'name','Yes'),(2001,'esp','Answer',76,'feedback_title',''),(2002,'eng','Answer',76,'feedback_title',''),(2003,'esp','Answer',76,'feedback',''),(2004,'eng','Answer',76,'feedback',''),(2005,'esp','Answer',77,'name','En parte'),(2006,'eng','Answer',77,'name','Partially'),(2007,'esp','Answer',77,'feedback_title','Nulla at pharetra velit.'),(2008,'eng','Answer',77,'feedback_title','ENGNulla at pharetra velit.'),(2009,'esp','Answer',77,'feedback','Nulla at pharetra velit. Nullam eu dapibus risus, in imperdiet lorem. Aliquam consequat non sem vitae mollis. Pellentesque lacinia, nisi at vehicula consequat, mi sapien.'),(2010,'eng','Answer',77,'feedback','ENGNulla at pharetra velit. Nullam eu dapibus risus, in imperdiet lorem. Aliquam consequat non sem vitae mollis. Pellentesque lacinia, nisi at vehicula consequat, mi sapien.'),(2011,'esp','Answer',78,'name','No'),(2012,'eng','Answer',78,'name','No'),(2013,'esp','Answer',78,'feedback_title','Nulla at pharetra velit.'),(2014,'eng','Answer',78,'feedback_title','ENGNulla at pharetra velit.'),(2015,'esp','Answer',78,'feedback','Nulla at pharetra velit. Nullam eu dapibus risus, in imperdiet lorem. Aliquam consequat non sem vitae mollis. Pellentesque lacinia, nisi at vehicula consequat, mi sapien.'),(2016,'eng','Answer',78,'feedback','ENGNulla at pharetra velit. Nullam eu dapibus risus, in imperdiet lorem. Aliquam consequat non sem vitae mollis. Pellentesque lacinia, nisi at vehicula consequat, mi sapien.'),(2017,'esp','Answer',79,'name','No sÃ©'),(2018,'eng','Answer',79,'name','Don\'t know'),(2019,'esp','Answer',79,'feedback_title','Nulla at pharetra velit.'),(2020,'eng','Answer',79,'feedback_title','ENGNulla at pharetra velit.'),(2021,'esp','Answer',79,'feedback','Nulla at pharetra velit. Nullam eu dapibus risus, in imperdiet lorem. Aliquam consequat non sem vitae mollis. Pellentesque lacinia, nisi at vehicula consequat, mi sapien.'),(2022,'eng','Answer',79,'feedback','ENGNulla at pharetra velit. Nullam eu dapibus risus, in imperdiet lorem. Aliquam consequat non sem vitae mollis. Pellentesque lacinia, nisi at vehicula consequat, mi sapien.'),(2023,'esp','Answer',80,'name','No aplicable'),(2024,'eng','Answer',80,'name','Not applicable'),(2025,'esp','Answer',80,'feedback_title',''),(2026,'eng','Answer',80,'feedback_title',''),(2027,'esp','Answer',80,'feedback',''),(2028,'eng','Answer',80,'feedback',''),(2029,'esp','Answer',81,'name','Si'),(2030,'eng','Answer',81,'name','Yes'),(2031,'esp','Answer',81,'feedback_title',''),(2032,'eng','Answer',81,'feedback_title',''),(2033,'esp','Answer',81,'feedback',''),(2034,'eng','Answer',81,'feedback',''),(2035,'esp','Answer',82,'name','En parte'),(2036,'eng','Answer',82,'name','Partially'),(2037,'esp','Answer',82,'feedback_title','Nulla at pharetra velit.'),(2038,'eng','Answer',82,'feedback_title','ENGNulla at pharetra velit.'),(2039,'esp','Answer',82,'feedback','Nulla at pharetra velit. Nullam eu dapibus risus, in imperdiet lorem. Aliquam consequat non sem vitae mollis. Pellentesque lacinia, nisi at vehicula consequat, mi sapien.'),(2040,'eng','Answer',82,'feedback','ENGNulla at pharetra velit. Nullam eu dapibus risus, in imperdiet lorem. Aliquam consequat non sem vitae mollis. Pellentesque lacinia, nisi at vehicula consequat, mi sapien.'),(2041,'esp','Answer',83,'name','No'),(2042,'eng','Answer',83,'name','No'),(2043,'esp','Answer',83,'feedback_title','Nulla at pharetra velit.'),(2044,'eng','Answer',83,'feedback_title','ENGNulla at pharetra velit.'),(2045,'esp','Answer',83,'feedback','Nulla at pharetra velit. Nullam eu dapibus risus, in imperdiet lorem. Aliquam consequat non sem vitae mollis. Pellentesque lacinia, nisi at vehicula consequat, mi sapien.'),(2046,'eng','Answer',83,'feedback','ENGNulla at pharetra velit. Nullam eu dapibus risus, in imperdiet lorem. Aliquam consequat non sem vitae mollis. Pellentesque lacinia, nisi at vehicula consequat, mi sapien.'),(2047,'esp','Answer',84,'name','No sÃ©'),(2048,'eng','Answer',84,'name','Don\'t know'),(2049,'esp','Answer',84,'feedback_title','Nulla at pharetra velit.'),(2050,'eng','Answer',84,'feedback_title','ENGNulla at pharetra velit.'),(2051,'esp','Answer',84,'feedback','Nulla at pharetra velit. Nullam eu dapibus risus, in imperdiet lorem. Aliquam consequat non sem vitae mollis. Pellentesque lacinia, nisi at vehicula consequat, mi sapien.'),(2052,'eng','Answer',84,'feedback','ENGNulla at pharetra velit. Nullam eu dapibus risus, in imperdiet lorem. Aliquam consequat non sem vitae mollis. Pellentesque lacinia, nisi at vehicula consequat, mi sapien.'),(2053,'esp','Answer',85,'name','No aplicable'),(2054,'eng','Answer',85,'name','Not applicable'),(2055,'esp','Answer',85,'feedback_title',''),(2056,'eng','Answer',85,'feedback_title',''),(2057,'esp','Answer',85,'feedback',''),(2058,'eng','Answer',85,'feedback',''),(2059,'esp','Answer',86,'name','Si'),(2060,'eng','Answer',86,'name','Yes'),(2061,'esp','Answer',86,'feedback_title',''),(2062,'eng','Answer',86,'feedback_title',''),(2063,'esp','Answer',86,'feedback',''),(2064,'eng','Answer',86,'feedback',''),(2065,'esp','Answer',87,'name','En parte'),(2066,'eng','Answer',87,'name','Partially'),(2067,'esp','Answer',87,'feedback_title','Nulla at pharetra velit.'),(2068,'eng','Answer',87,'feedback_title','ENGNulla at pharetra velit.'),(2069,'esp','Answer',87,'feedback','Nulla at pharetra velit. Nullam eu dapibus risus, in imperdiet lorem. Aliquam consequat non sem vitae mollis. Pellentesque lacinia, nisi at vehicula consequat, mi sapien.'),(2070,'eng','Answer',87,'feedback','ENGNulla at pharetra velit. Nullam eu dapibus risus, in imperdiet lorem. Aliquam consequat non sem vitae mollis. Pellentesque lacinia, nisi at vehicula consequat, mi sapien.'),(2071,'esp','Answer',88,'name','No'),(2072,'eng','Answer',88,'name','No'),(2073,'esp','Answer',88,'feedback_title','Nulla at pharetra velit.'),(2074,'eng','Answer',88,'feedback_title','ENGNulla at pharetra velit.'),(2075,'esp','Answer',88,'feedback','Nulla at pharetra velit. Nullam eu dapibus risus, in imperdiet lorem. Aliquam consequat non sem vitae mollis. Pellentesque lacinia, nisi at vehicula consequat, mi sapien.'),(2076,'eng','Answer',88,'feedback','ENGNulla at pharetra velit. Nullam eu dapibus risus, in imperdiet lorem. Aliquam consequat non sem vitae mollis. Pellentesque lacinia, nisi at vehicula consequat, mi sapien.'),(2077,'esp','Answer',89,'name','No sÃ©'),(2078,'eng','Answer',89,'name','Don\'t know'),(2079,'esp','Answer',89,'feedback_title','Nulla at pharetra velit.'),(2080,'eng','Answer',89,'feedback_title','ENGNulla at pharetra velit.'),(2081,'esp','Answer',89,'feedback','Nulla at pharetra velit. Nullam eu dapibus risus, in imperdiet lorem. Aliquam consequat non sem vitae mollis. Pellentesque lacinia, nisi at vehicula consequat, mi sapien.'),(2082,'eng','Answer',89,'feedback','ENGNulla at pharetra velit. Nullam eu dapibus risus, in imperdiet lorem. Aliquam consequat non sem vitae mollis. Pellentesque lacinia, nisi at vehicula consequat, mi sapien.'),(2083,'esp','Answer',90,'name','No aplicable'),(2084,'eng','Answer',90,'name','Not applicable'),(2085,'esp','Answer',90,'feedback_title',''),(2086,'eng','Answer',90,'feedback_title',''),(2087,'esp','Answer',90,'feedback',''),(2088,'eng','Answer',90,'feedback',''),(2089,'esp','Answer',91,'name','Si'),(2090,'eng','Answer',91,'name','Yes'),(2091,'esp','Answer',91,'feedback_title',''),(2092,'eng','Answer',91,'feedback_title',''),(2093,'esp','Answer',91,'feedback',''),(2094,'eng','Answer',91,'feedback',''),(2095,'esp','Answer',92,'name','En parte'),(2096,'eng','Answer',92,'name','Partially'),(2097,'esp','Answer',92,'feedback_title','Nulla at pharetra velit.'),(2098,'eng','Answer',92,'feedback_title','ENGNulla at pharetra velit.'),(2099,'esp','Answer',92,'feedback','Nulla at pharetra velit. Nullam eu dapibus risus, in imperdiet lorem. Aliquam consequat non sem vitae mollis. Pellentesque lacinia, nisi at vehicula consequat, mi sapien.'),(2100,'eng','Answer',92,'feedback','ENGNulla at pharetra velit. Nullam eu dapibus risus, in imperdiet lorem. Aliquam consequat non sem vitae mollis. Pellentesque lacinia, nisi at vehicula consequat, mi sapien.'),(2101,'esp','Answer',93,'name','No'),(2102,'eng','Answer',93,'name','No'),(2103,'esp','Answer',93,'feedback_title','Nulla at pharetra velit.'),(2104,'eng','Answer',93,'feedback_title','ENGNulla at pharetra velit.'),(2105,'esp','Answer',93,'feedback','Nulla at pharetra velit. Nullam eu dapibus risus, in imperdiet lorem. Aliquam consequat non sem vitae mollis. Pellentesque lacinia, nisi at vehicula consequat, mi sapien.'),(2106,'eng','Answer',93,'feedback','ENGNulla at pharetra velit. Nullam eu dapibus risus, in imperdiet lorem. Aliquam consequat non sem vitae mollis. Pellentesque lacinia, nisi at vehicula consequat, mi sapien.'),(2107,'esp','Answer',94,'name','No sÃ©'),(2108,'eng','Answer',94,'name','Don\'t know'),(2109,'esp','Answer',94,'feedback_title','Nulla at pharetra velit.'),(2110,'eng','Answer',94,'feedback_title','ENGNulla at pharetra velit.'),(2111,'esp','Answer',94,'feedback','Nulla at pharetra velit. Nullam eu dapibus risus, in imperdiet lorem. Aliquam consequat non sem vitae mollis. Pellentesque lacinia, nisi at vehicula consequat, mi sapien.'),(2112,'eng','Answer',94,'feedback','ENGNulla at pharetra velit. Nullam eu dapibus risus, in imperdiet lorem. Aliquam consequat non sem vitae mollis. Pellentesque lacinia, nisi at vehicula consequat, mi sapien.'),(2113,'esp','Answer',95,'name','No aplicable'),(2114,'eng','Answer',95,'name','Not applicable'),(2115,'esp','Answer',95,'feedback_title',''),(2116,'eng','Answer',95,'feedback_title',''),(2117,'esp','Answer',95,'feedback',''),(2118,'eng','Answer',95,'feedback',''),(2119,'esp','Answer',96,'name','Si'),(2120,'eng','Answer',96,'name','Yes'),(2121,'esp','Answer',96,'feedback_title',''),(2122,'eng','Answer',96,'feedback_title',''),(2123,'esp','Answer',96,'feedback',''),(2124,'eng','Answer',96,'feedback',''),(2125,'esp','Answer',97,'name','En parte'),(2126,'eng','Answer',97,'name','Partially'),(2127,'esp','Answer',97,'feedback_title','Nulla at pharetra velit.'),(2128,'eng','Answer',97,'feedback_title','ENGNulla at pharetra velit.'),(2129,'esp','Answer',97,'feedback','Nulla at pharetra velit. Nullam eu dapibus risus, in imperdiet lorem. Aliquam consequat non sem vitae mollis. Pellentesque lacinia, nisi at vehicula consequat, mi sapien.'),(2130,'eng','Answer',97,'feedback','ENGNulla at pharetra velit. Nullam eu dapibus risus, in imperdiet lorem. Aliquam consequat non sem vitae mollis. Pellentesque lacinia, nisi at vehicula consequat, mi sapien.'),(2131,'esp','Answer',98,'name','No'),(2132,'eng','Answer',98,'name','No'),(2133,'esp','Answer',98,'feedback_title','Nulla at pharetra velit.'),(2134,'eng','Answer',98,'feedback_title','ENGNulla at pharetra velit.'),(2135,'esp','Answer',98,'feedback','Nulla at pharetra velit. Nullam eu dapibus risus, in imperdiet lorem. Aliquam consequat non sem vitae mollis. Pellentesque lacinia, nisi at vehicula consequat, mi sapien.'),(2136,'eng','Answer',98,'feedback','ENGNulla at pharetra velit. Nullam eu dapibus risus, in imperdiet lorem. Aliquam consequat non sem vitae mollis. Pellentesque lacinia, nisi at vehicula consequat, mi sapien.'),(2137,'esp','Answer',99,'name','No sÃ©'),(2138,'eng','Answer',99,'name','Don\'t know'),(2139,'esp','Answer',99,'feedback_title','Nulla at pharetra velit.'),(2140,'eng','Answer',99,'feedback_title','ENGNulla at pharetra velit.'),(2141,'esp','Answer',99,'feedback','Nulla at pharetra velit. Nullam eu dapibus risus, in imperdiet lorem. Aliquam consequat non sem vitae mollis. Pellentesque lacinia, nisi at vehicula consequat, mi sapien.'),(2142,'eng','Answer',99,'feedback','ENGNulla at pharetra velit. Nullam eu dapibus risus, in imperdiet lorem. Aliquam consequat non sem vitae mollis. Pellentesque lacinia, nisi at vehicula consequat, mi sapien.'),(2143,'esp','Answer',100,'name','No aplicable'),(2144,'eng','Answer',100,'name','Not applicable'),(2145,'esp','Answer',100,'feedback_title',''),(2146,'eng','Answer',100,'feedback_title',''),(2147,'esp','Answer',100,'feedback',''),(2148,'eng','Answer',100,'feedback',''),(2149,'esp','Answer',101,'name','Si'),(2150,'eng','Answer',101,'name','Yes'),(2151,'esp','Answer',101,'feedback_title',''),(2152,'eng','Answer',101,'feedback_title',''),(2153,'esp','Answer',101,'feedback',''),(2154,'eng','Answer',101,'feedback',''),(2155,'esp','Answer',102,'name','En parte'),(2156,'eng','Answer',102,'name','Partially'),(2157,'esp','Answer',102,'feedback_title','Nulla at pharetra velit.'),(2158,'eng','Answer',102,'feedback_title','ENGNulla at pharetra velit.'),(2159,'esp','Answer',102,'feedback','Nulla at pharetra velit. Nullam eu dapibus risus, in imperdiet lorem. Aliquam consequat non sem vitae mollis. Pellentesque lacinia, nisi at vehicula consequat, mi sapien.'),(2160,'eng','Answer',102,'feedback','ENGNulla at pharetra velit. Nullam eu dapibus risus, in imperdiet lorem. Aliquam consequat non sem vitae mollis. Pellentesque lacinia, nisi at vehicula consequat, mi sapien.'),(2161,'esp','Answer',103,'name','No'),(2162,'eng','Answer',103,'name','No'),(2163,'esp','Answer',103,'feedback_title','Nulla at pharetra velit.'),(2164,'eng','Answer',103,'feedback_title','ENGNulla at pharetra velit.'),(2165,'esp','Answer',103,'feedback','Nulla at pharetra velit. Nullam eu dapibus risus, in imperdiet lorem. Aliquam consequat non sem vitae mollis. Pellentesque lacinia, nisi at vehicula consequat, mi sapien.'),(2166,'eng','Answer',103,'feedback','ENGNulla at pharetra velit. Nullam eu dapibus risus, in imperdiet lorem. Aliquam consequat non sem vitae mollis. Pellentesque lacinia, nisi at vehicula consequat, mi sapien.'),(2167,'esp','Answer',104,'name','No sÃ©'),(2168,'eng','Answer',104,'name','Don\'t know'),(2169,'esp','Answer',104,'feedback_title','Nulla at pharetra velit.'),(2170,'eng','Answer',104,'feedback_title','ENGNulla at pharetra velit.'),(2171,'esp','Answer',104,'feedback','Nulla at pharetra velit. Nullam eu dapibus risus, in imperdiet lorem. Aliquam consequat non sem vitae mollis. Pellentesque lacinia, nisi at vehicula consequat, mi sapien.'),(2172,'eng','Answer',104,'feedback','ENGNulla at pharetra velit. Nullam eu dapibus risus, in imperdiet lorem. Aliquam consequat non sem vitae mollis. Pellentesque lacinia, nisi at vehicula consequat, mi sapien.'),(2173,'esp','Answer',105,'name','No aplicable'),(2174,'eng','Answer',105,'name','Not applicable'),(2175,'esp','Answer',105,'feedback_title',''),(2176,'eng','Answer',105,'feedback_title',''),(2177,'esp','Answer',105,'feedback',''),(2178,'eng','Answer',105,'feedback',''),(2179,'esp','Answer',106,'name','Si'),(2180,'eng','Answer',106,'name','Yes'),(2181,'esp','Answer',106,'feedback_title',''),(2182,'eng','Answer',106,'feedback_title',''),(2183,'esp','Answer',106,'feedback',''),(2184,'eng','Answer',106,'feedback',''),(2185,'esp','Answer',107,'name','En parte'),(2186,'eng','Answer',107,'name','Partially'),(2187,'esp','Answer',107,'feedback_title','Nulla at pharetra velit.'),(2188,'eng','Answer',107,'feedback_title','ENGNulla at pharetra velit.'),(2189,'esp','Answer',107,'feedback','Nulla at pharetra velit. Nullam eu dapibus risus, in imperdiet lorem. Aliquam consequat non sem vitae mollis. Pellentesque lacinia, nisi at vehicula consequat, mi sapien.'),(2190,'eng','Answer',107,'feedback','ENGNulla at pharetra velit. Nullam eu dapibus risus, in imperdiet lorem. Aliquam consequat non sem vitae mollis. Pellentesque lacinia, nisi at vehicula consequat, mi sapien.'),(2191,'esp','Answer',108,'name','No'),(2192,'eng','Answer',108,'name','No'),(2193,'esp','Answer',108,'feedback_title','Nulla at pharetra velit.'),(2194,'eng','Answer',108,'feedback_title','ENGNulla at pharetra velit.'),(2195,'esp','Answer',108,'feedback','Nulla at pharetra velit. Nullam eu dapibus risus, in imperdiet lorem. Aliquam consequat non sem vitae mollis. Pellentesque lacinia, nisi at vehicula consequat, mi sapien.'),(2196,'eng','Answer',108,'feedback','ENGNulla at pharetra velit. Nullam eu dapibus risus, in imperdiet lorem. Aliquam consequat non sem vitae mollis. Pellentesque lacinia, nisi at vehicula consequat, mi sapien.'),(2197,'esp','Answer',109,'name','No sÃ©'),(2198,'eng','Answer',109,'name','Don\'t know'),(2199,'esp','Answer',109,'feedback_title','Nulla at pharetra velit.'),(2200,'eng','Answer',109,'feedback_title','ENGNulla at pharetra velit.'),(2201,'esp','Answer',109,'feedback','Nulla at pharetra velit. Nullam eu dapibus risus, in imperdiet lorem. Aliquam consequat non sem vitae mollis. Pellentesque lacinia, nisi at vehicula consequat, mi sapien.'),(2202,'eng','Answer',109,'feedback','ENGNulla at pharetra velit. Nullam eu dapibus risus, in imperdiet lorem. Aliquam consequat non sem vitae mollis. Pellentesque lacinia, nisi at vehicula consequat, mi sapien.'),(2203,'esp','Answer',110,'name','No aplicable'),(2204,'eng','Answer',110,'name','Not applicable'),(2205,'esp','Answer',110,'feedback_title',''),(2206,'eng','Answer',110,'feedback_title',''),(2207,'esp','Answer',110,'feedback',''),(2208,'eng','Answer',110,'feedback',''),(2209,'esp','Answer',111,'name','Si'),(2210,'eng','Answer',111,'name','Yes'),(2211,'esp','Answer',111,'feedback_title',''),(2212,'eng','Answer',111,'feedback_title',''),(2213,'esp','Answer',111,'feedback',''),(2214,'eng','Answer',111,'feedback',''),(2215,'esp','Answer',112,'name','En parte'),(2216,'eng','Answer',112,'name','Partially'),(2217,'esp','Answer',112,'feedback_title','Nulla at pharetra velit.'),(2218,'eng','Answer',112,'feedback_title','ENGNulla at pharetra velit.'),(2219,'esp','Answer',112,'feedback','Nulla at pharetra velit. Nullam eu dapibus risus, in imperdiet lorem. Aliquam consequat non sem vitae mollis. Pellentesque lacinia, nisi at vehicula consequat, mi sapien.'),(2220,'eng','Answer',112,'feedback','ENGNulla at pharetra velit. Nullam eu dapibus risus, in imperdiet lorem. Aliquam consequat non sem vitae mollis. Pellentesque lacinia, nisi at vehicula consequat, mi sapien.'),(2221,'esp','Answer',113,'name','No'),(2222,'eng','Answer',113,'name','No'),(2223,'esp','Answer',113,'feedback_title','Nulla at pharetra velit.'),(2224,'eng','Answer',113,'feedback_title','ENGNulla at pharetra velit.'),(2225,'esp','Answer',113,'feedback','Nulla at pharetra velit. Nullam eu dapibus risus, in imperdiet lorem. Aliquam consequat non sem vitae mollis. Pellentesque lacinia, nisi at vehicula consequat, mi sapien.'),(2226,'eng','Answer',113,'feedback','ENGNulla at pharetra velit. Nullam eu dapibus risus, in imperdiet lorem. Aliquam consequat non sem vitae mollis. Pellentesque lacinia, nisi at vehicula consequat, mi sapien.'),(2227,'esp','Answer',114,'name','No sÃ©'),(2228,'eng','Answer',114,'name','Don\'t know'),(2229,'esp','Answer',114,'feedback_title','Nulla at pharetra velit.'),(2230,'eng','Answer',114,'feedback_title','ENGNulla at pharetra velit.'),(2231,'esp','Answer',114,'feedback','Nulla at pharetra velit. Nullam eu dapibus risus, in imperdiet lorem. Aliquam consequat non sem vitae mollis. Pellentesque lacinia, nisi at vehicula consequat, mi sapien.'),(2232,'eng','Answer',114,'feedback','ENGNulla at pharetra velit. Nullam eu dapibus risus, in imperdiet lorem. Aliquam consequat non sem vitae mollis. Pellentesque lacinia, nisi at vehicula consequat, mi sapien.'),(2233,'esp','Answer',115,'name','No aplicable'),(2234,'eng','Answer',115,'name','Not applicable'),(2235,'esp','Answer',115,'feedback_title',''),(2236,'eng','Answer',115,'feedback_title',''),(2237,'esp','Answer',115,'feedback',''),(2238,'eng','Answer',115,'feedback',''),(2239,'esp','Answer',116,'name','Si'),(2240,'eng','Answer',116,'name','Yes'),(2241,'esp','Answer',116,'feedback_title',''),(2242,'eng','Answer',116,'feedback_title',''),(2243,'esp','Answer',116,'feedback',''),(2244,'eng','Answer',116,'feedback',''),(2245,'esp','Answer',117,'name','En parte'),(2246,'eng','Answer',117,'name','Partially'),(2247,'esp','Answer',117,'feedback_title','Nulla at pharetra velit.'),(2248,'eng','Answer',117,'feedback_title','ENGNulla at pharetra velit.'),(2249,'esp','Answer',117,'feedback','Nulla at pharetra velit. Nullam eu dapibus risus, in imperdiet lorem. Aliquam consequat non sem vitae mollis. Pellentesque lacinia, nisi at vehicula consequat, mi sapien.'),(2250,'eng','Answer',117,'feedback','ENGNulla at pharetra velit. Nullam eu dapibus risus, in imperdiet lorem. Aliquam consequat non sem vitae mollis. Pellentesque lacinia, nisi at vehicula consequat, mi sapien.'),(2251,'esp','Answer',118,'name','No'),(2252,'eng','Answer',118,'name','No'),(2253,'esp','Answer',118,'feedback_title','Nulla at pharetra velit.'),(2254,'eng','Answer',118,'feedback_title','ENGNulla at pharetra velit.'),(2255,'esp','Answer',118,'feedback','Nulla at pharetra velit. Nullam eu dapibus risus, in imperdiet lorem. Aliquam consequat non sem vitae mollis. Pellentesque lacinia, nisi at vehicula consequat, mi sapien.'),(2256,'eng','Answer',118,'feedback','ENGNulla at pharetra velit. Nullam eu dapibus risus, in imperdiet lorem. Aliquam consequat non sem vitae mollis. Pellentesque lacinia, nisi at vehicula consequat, mi sapien.'),(2257,'esp','Answer',119,'name','No sÃ©'),(2258,'eng','Answer',119,'name','Don\'t know'),(2259,'esp','Answer',119,'feedback_title','Nulla at pharetra velit.'),(2260,'eng','Answer',119,'feedback_title','ENGNulla at pharetra velit.'),(2261,'esp','Answer',119,'feedback','Nulla at pharetra velit. Nullam eu dapibus risus, in imperdiet lorem. Aliquam consequat non sem vitae mollis. Pellentesque lacinia, nisi at vehicula consequat, mi sapien.'),(2262,'eng','Answer',119,'feedback','ENGNulla at pharetra velit. Nullam eu dapibus risus, in imperdiet lorem. Aliquam consequat non sem vitae mollis. Pellentesque lacinia, nisi at vehicula consequat, mi sapien.'),(2263,'esp','Answer',120,'name','No aplicable'),(2264,'eng','Answer',120,'name','Not applicable'),(2265,'esp','Answer',120,'feedback_title',''),(2266,'eng','Answer',120,'feedback_title',''),(2267,'esp','Answer',120,'feedback',''),(2268,'eng','Answer',120,'feedback',''),(2269,'esp','Answer',121,'name','Si'),(2270,'eng','Answer',121,'name','Yes'),(2271,'esp','Answer',121,'feedback_title',''),(2272,'eng','Answer',121,'feedback_title',''),(2273,'esp','Answer',121,'feedback',''),(2274,'eng','Answer',121,'feedback',''),(2275,'esp','Answer',122,'name','En parte'),(2276,'eng','Answer',122,'name','Partially'),(2277,'esp','Answer',122,'feedback_title','Nulla at pharetra velit.'),(2278,'eng','Answer',122,'feedback_title','ENGNulla at pharetra velit.'),(2279,'esp','Answer',122,'feedback','Nulla at pharetra velit. Nullam eu dapibus risus, in imperdiet lorem. Aliquam consequat non sem vitae mollis. Pellentesque lacinia, nisi at vehicula consequat, mi sapien.'),(2280,'eng','Answer',122,'feedback','ENGNulla at pharetra velit. Nullam eu dapibus risus, in imperdiet lorem. Aliquam consequat non sem vitae mollis. Pellentesque lacinia, nisi at vehicula consequat, mi sapien.'),(2281,'esp','Answer',123,'name','No'),(2282,'eng','Answer',123,'name','No'),(2283,'esp','Answer',123,'feedback_title','Nulla at pharetra velit.'),(2284,'eng','Answer',123,'feedback_title','ENGNulla at pharetra velit.'),(2285,'esp','Answer',123,'feedback','Nulla at pharetra velit. Nullam eu dapibus risus, in imperdiet lorem. Aliquam consequat non sem vitae mollis. Pellentesque lacinia, nisi at vehicula consequat, mi sapien.'),(2286,'eng','Answer',123,'feedback','ENGNulla at pharetra velit. Nullam eu dapibus risus, in imperdiet lorem. Aliquam consequat non sem vitae mollis. Pellentesque lacinia, nisi at vehicula consequat, mi sapien.'),(2287,'esp','Answer',124,'name','No sÃ©'),(2288,'eng','Answer',124,'name','Don\'t know'),(2289,'esp','Answer',124,'feedback_title','Nulla at pharetra velit.'),(2290,'eng','Answer',124,'feedback_title','ENGNulla at pharetra velit.'),(2291,'esp','Answer',124,'feedback','Nulla at pharetra velit. Nullam eu dapibus risus, in imperdiet lorem. Aliquam consequat non sem vitae mollis. Pellentesque lacinia, nisi at vehicula consequat, mi sapien.'),(2292,'eng','Answer',124,'feedback','ENGNulla at pharetra velit. Nullam eu dapibus risus, in imperdiet lorem. Aliquam consequat non sem vitae mollis. Pellentesque lacinia, nisi at vehicula consequat, mi sapien.'),(2293,'esp','Answer',125,'name','No aplicable'),(2294,'eng','Answer',125,'name','Not applicable'),(2295,'esp','Answer',125,'feedback_title',''),(2296,'eng','Answer',125,'feedback_title',''),(2297,'esp','Answer',125,'feedback',''),(2298,'eng','Answer',125,'feedback',''),(2299,'esp','Answer',126,'name','Si'),(2300,'eng','Answer',126,'name','Yes'),(2301,'esp','Answer',126,'feedback_title',''),(2302,'eng','Answer',126,'feedback_title',''),(2303,'esp','Answer',126,'feedback',''),(2304,'eng','Answer',126,'feedback',''),(2305,'esp','Answer',127,'name','En parte'),(2306,'eng','Answer',127,'name','Partially'),(2307,'esp','Answer',127,'feedback_title','Nulla at pharetra velit.'),(2308,'eng','Answer',127,'feedback_title','ENGNulla at pharetra velit.'),(2309,'esp','Answer',127,'feedback','Nulla at pharetra velit. Nullam eu dapibus risus, in imperdiet lorem. Aliquam consequat non sem vitae mollis. Pellentesque lacinia, nisi at vehicula consequat, mi sapien.'),(2310,'eng','Answer',127,'feedback','ENGNulla at pharetra velit. Nullam eu dapibus risus, in imperdiet lorem. Aliquam consequat non sem vitae mollis. Pellentesque lacinia, nisi at vehicula consequat, mi sapien.'),(2311,'esp','Answer',128,'name','No'),(2312,'eng','Answer',128,'name','No'),(2313,'esp','Answer',128,'feedback_title','Nulla at pharetra velit.'),(2314,'eng','Answer',128,'feedback_title','ENGNulla at pharetra velit.'),(2315,'esp','Answer',128,'feedback','Nulla at pharetra velit. Nullam eu dapibus risus, in imperdiet lorem. Aliquam consequat non sem vitae mollis. Pellentesque lacinia, nisi at vehicula consequat, mi sapien.'),(2316,'eng','Answer',128,'feedback','ENGNulla at pharetra velit. Nullam eu dapibus risus, in imperdiet lorem. Aliquam consequat non sem vitae mollis. Pellentesque lacinia, nisi at vehicula consequat, mi sapien.'),(2317,'esp','Answer',129,'name','No sÃ©'),(2318,'eng','Answer',129,'name','Don\'t know'),(2319,'esp','Answer',129,'feedback_title','Nulla at pharetra velit.'),(2320,'eng','Answer',129,'feedback_title','ENGNulla at pharetra velit.'),(2321,'esp','Answer',129,'feedback','Nulla at pharetra velit. Nullam eu dapibus risus, in imperdiet lorem. Aliquam consequat non sem vitae mollis. Pellentesque lacinia, nisi at vehicula consequat, mi sapien.'),(2322,'eng','Answer',129,'feedback','ENGNulla at pharetra velit. Nullam eu dapibus risus, in imperdiet lorem. Aliquam consequat non sem vitae mollis. Pellentesque lacinia, nisi at vehicula consequat, mi sapien.'),(2323,'esp','Answer',130,'name','No aplicable'),(2324,'eng','Answer',130,'name','Not applicable'),(2325,'esp','Answer',130,'feedback_title',''),(2326,'eng','Answer',130,'feedback_title',''),(2327,'esp','Answer',130,'feedback',''),(2328,'eng','Answer',130,'feedback',''),(2329,'esp','Answer',131,'name','Si'),(2330,'eng','Answer',131,'name','Yes'),(2331,'esp','Answer',131,'feedback_title',''),(2332,'eng','Answer',131,'feedback_title',''),(2333,'esp','Answer',131,'feedback',''),(2334,'eng','Answer',131,'feedback',''),(2335,'esp','Answer',132,'name','En parte'),(2336,'eng','Answer',132,'name','Partially'),(2337,'esp','Answer',132,'feedback_title','Nulla at pharetra velit.'),(2338,'eng','Answer',132,'feedback_title','ENGNulla at pharetra velit.'),(2339,'esp','Answer',132,'feedback','Nulla at pharetra velit. Nullam eu dapibus risus, in imperdiet lorem. Aliquam consequat non sem vitae mollis. Pellentesque lacinia, nisi at vehicula consequat, mi sapien.'),(2340,'eng','Answer',132,'feedback','ENGNulla at pharetra velit. Nullam eu dapibus risus, in imperdiet lorem. Aliquam consequat non sem vitae mollis. Pellentesque lacinia, nisi at vehicula consequat, mi sapien.'),(2341,'esp','Answer',133,'name','No'),(2342,'eng','Answer',133,'name','No'),(2343,'esp','Answer',133,'feedback_title','Nulla at pharetra velit.'),(2344,'eng','Answer',133,'feedback_title','ENGNulla at pharetra velit.'),(2345,'esp','Answer',133,'feedback','Nulla at pharetra velit. Nullam eu dapibus risus, in imperdiet lorem. Aliquam consequat non sem vitae mollis. Pellentesque lacinia, nisi at vehicula consequat, mi sapien.'),(2346,'eng','Answer',133,'feedback','ENGNulla at pharetra velit. Nullam eu dapibus risus, in imperdiet lorem. Aliquam consequat non sem vitae mollis. Pellentesque lacinia, nisi at vehicula consequat, mi sapien.'),(2347,'esp','Answer',134,'name','No sÃ©'),(2348,'eng','Answer',134,'name','Don\'t know'),(2349,'esp','Answer',134,'feedback_title','Nulla at pharetra velit.'),(2350,'eng','Answer',134,'feedback_title','ENGNulla at pharetra velit.'),(2351,'esp','Answer',134,'feedback','Nulla at pharetra velit. Nullam eu dapibus risus, in imperdiet lorem. Aliquam consequat non sem vitae mollis. Pellentesque lacinia, nisi at vehicula consequat, mi sapien.'),(2352,'eng','Answer',134,'feedback','ENGNulla at pharetra velit. Nullam eu dapibus risus, in imperdiet lorem. Aliquam consequat non sem vitae mollis. Pellentesque lacinia, nisi at vehicula consequat, mi sapien.'),(2353,'esp','Answer',135,'name','No aplicable'),(2354,'eng','Answer',135,'name','Not applicable'),(2355,'esp','Answer',135,'feedback_title',''),(2356,'eng','Answer',135,'feedback_title',''),(2357,'esp','Answer',135,'feedback',''),(2358,'eng','Answer',135,'feedback',''),(2359,'esp','Answer',136,'name','Si'),(2360,'eng','Answer',136,'name','Yes'),(2361,'esp','Answer',136,'feedback_title',''),(2362,'eng','Answer',136,'feedback_title',''),(2363,'esp','Answer',136,'feedback',''),(2364,'eng','Answer',136,'feedback',''),(2365,'esp','Answer',137,'name','En parte'),(2366,'eng','Answer',137,'name','Partially'),(2367,'esp','Answer',137,'feedback_title','Nulla at pharetra velit.'),(2368,'eng','Answer',137,'feedback_title','ENGNulla at pharetra velit.'),(2369,'esp','Answer',137,'feedback','Nulla at pharetra velit. Nullam eu dapibus risus, in imperdiet lorem. Aliquam consequat non sem vitae mollis. Pellentesque lacinia, nisi at vehicula consequat, mi sapien.'),(2370,'eng','Answer',137,'feedback','ENGNulla at pharetra velit. Nullam eu dapibus risus, in imperdiet lorem. Aliquam consequat non sem vitae mollis. Pellentesque lacinia, nisi at vehicula consequat, mi sapien.'),(2371,'esp','Answer',138,'name','No'),(2372,'eng','Answer',138,'name','No'),(2373,'esp','Answer',138,'feedback_title','Nulla at pharetra velit.'),(2374,'eng','Answer',138,'feedback_title','ENGNulla at pharetra velit.'),(2375,'esp','Answer',138,'feedback','Nulla at pharetra velit. Nullam eu dapibus risus, in imperdiet lorem. Aliquam consequat non sem vitae mollis. Pellentesque lacinia, nisi at vehicula consequat, mi sapien.'),(2376,'eng','Answer',138,'feedback','ENGNulla at pharetra velit. Nullam eu dapibus risus, in imperdiet lorem. Aliquam consequat non sem vitae mollis. Pellentesque lacinia, nisi at vehicula consequat, mi sapien.'),(2377,'esp','Answer',139,'name','No sÃ©'),(2378,'eng','Answer',139,'name','Don\'t know'),(2379,'esp','Answer',139,'feedback_title','Nulla at pharetra velit.'),(2380,'eng','Answer',139,'feedback_title','ENGNulla at pharetra velit.'),(2381,'esp','Answer',139,'feedback','Nulla at pharetra velit. Nullam eu dapibus risus, in imperdiet lorem. Aliquam consequat non sem vitae mollis. Pellentesque lacinia, nisi at vehicula consequat, mi sapien.'),(2382,'eng','Answer',139,'feedback','ENGNulla at pharetra velit. Nullam eu dapibus risus, in imperdiet lorem. Aliquam consequat non sem vitae mollis. Pellentesque lacinia, nisi at vehicula consequat, mi sapien.'),(2383,'esp','Answer',140,'name','No aplicable'),(2384,'eng','Answer',140,'name','Not applicable'),(2385,'esp','Answer',140,'feedback_title',''),(2386,'eng','Answer',140,'feedback_title',''),(2387,'esp','Answer',140,'feedback',''),(2388,'eng','Answer',140,'feedback',''),(2389,'esp','Answer',141,'name','Si'),(2390,'eng','Answer',141,'name','Yes'),(2391,'esp','Answer',141,'feedback_title',''),(2392,'eng','Answer',141,'feedback_title',''),(2393,'esp','Answer',141,'feedback',''),(2394,'eng','Answer',141,'feedback',''),(2395,'esp','Answer',142,'name','En parte'),(2396,'eng','Answer',142,'name','Partially'),(2397,'esp','Answer',142,'feedback_title','Nulla at pharetra velit.'),(2398,'eng','Answer',142,'feedback_title','ENGNulla at pharetra velit.'),(2399,'esp','Answer',142,'feedback','Nulla at pharetra velit. Nullam eu dapibus risus, in imperdiet lorem. Aliquam consequat non sem vitae mollis. Pellentesque lacinia, nisi at vehicula consequat, mi sapien.'),(2400,'eng','Answer',142,'feedback','ENGNulla at pharetra velit. Nullam eu dapibus risus, in imperdiet lorem. Aliquam consequat non sem vitae mollis. Pellentesque lacinia, nisi at vehicula consequat, mi sapien.'),(2401,'esp','Answer',143,'name','No'),(2402,'eng','Answer',143,'name','No'),(2403,'esp','Answer',143,'feedback_title','Nulla at pharetra velit.'),(2404,'eng','Answer',143,'feedback_title','ENGNulla at pharetra velit.'),(2405,'esp','Answer',143,'feedback','Nulla at pharetra velit. Nullam eu dapibus risus, in imperdiet lorem. Aliquam consequat non sem vitae mollis. Pellentesque lacinia, nisi at vehicula consequat, mi sapien.'),(2406,'eng','Answer',143,'feedback','ENGNulla at pharetra velit. Nullam eu dapibus risus, in imperdiet lorem. Aliquam consequat non sem vitae mollis. Pellentesque lacinia, nisi at vehicula consequat, mi sapien.'),(2407,'esp','Answer',144,'name','No sÃ©'),(2408,'eng','Answer',144,'name','Don\'t know'),(2409,'esp','Answer',144,'feedback_title','Nulla at pharetra velit.'),(2410,'eng','Answer',144,'feedback_title','ENGNulla at pharetra velit.'),(2411,'esp','Answer',144,'feedback','Nulla at pharetra velit. Nullam eu dapibus risus, in imperdiet lorem. Aliquam consequat non sem vitae mollis. Pellentesque lacinia, nisi at vehicula consequat, mi sapien.'),(2412,'eng','Answer',144,'feedback','ENGNulla at pharetra velit. Nullam eu dapibus risus, in imperdiet lorem. Aliquam consequat non sem vitae mollis. Pellentesque lacinia, nisi at vehicula consequat, mi sapien.'),(2413,'esp','Answer',145,'name','No aplicable'),(2414,'eng','Answer',145,'name','Not applicable'),(2415,'esp','Answer',145,'feedback_title',''),(2416,'eng','Answer',145,'feedback_title',''),(2417,'esp','Answer',145,'feedback',''),(2418,'eng','Answer',145,'feedback',''),(2419,'esp','Nodetype',1,'name','Debilidades/Oportunidades'),(2420,'eng','Nodetype',1,'name','Weaknesses / Opportunities'),(2421,'esp','Nodetype',2,'name','Perspectiva del BSC'),(2422,'eng','Nodetype',2,'name','Perspective BSC'),(2423,'esp','Nodetype',3,'name','Estrategia'),(2424,'eng','Nodetype',3,'name','Strategy'),(2425,'esp','Nodetype',4,'name','Compromiso'),(2426,'eng','Nodetype',4,'name','Commitment'),(2427,'esp','Nodetype',5,'name','MisiÃ³n'),(2428,'eng','Nodetype',5,'name','Mission'),(2429,'esp','Nodetype',6,'name','VisiÃ³n'),(2430,'eng','Nodetype',6,'name','View'),(2431,'esp','Nodetype',7,'name','Objetivo'),(2432,'eng','Nodetype',7,'name','Objective'),(2433,'esp','Nodetype',8,'name','PolÃ­ticas'),(2434,'eng','Nodetype',8,'name','Policies'),(2435,'esp','Nodetype',9,'name','Expectativas'),(2436,'eng','Nodetype',9,'name','Expectations'),(2437,'esp','Nodetype',10,'name','Programas'),(2438,'eng','Nodetype',10,'name','Programs'),(2439,'esp','Nodetype',11,'name','Actividades'),(2440,'eng','Nodetype',11,'name','Activities'),(2441,'esp','Nodetype',12,'name','Iniciativas'),(2442,'eng','Nodetype',12,'name','Initiatives'),(2443,'esp','Nodetype',13,'name','Proyectos'),(2444,'eng','Nodetype',13,'name','Projects'),(2445,'esp','Nodetype',14,'name','Cursos'),(2446,'eng','Nodetype',14,'name','Courses'),(2447,'esp','Nodetype',15,'name','Tareas'),(2448,'eng','Nodetype',15,'name','Tasks'),(2449,'esp','Category',30,'name','Tipos de nodo'),(2450,'eng','Category',30,'name','Nodetypes'),(2451,'esp','Action',51,'name','Tipos de nodo'),(2452,'eng','Action',51,'name','Nodetypes'),(2453,'esp','Nodesource',1,'name','AutoevaluaciÃ³n'),(2454,'eng','Nodesource',1,'name','Autoevaluation'),(2455,'esp','Nodesource',2,'name','Sistema'),(2456,'eng','Nodesource',2,'name','System'),(2457,'esp','Nodesource',3,'name','Manual'),(2458,'eng','Nodesource',3,'name','Manual'),(2459,'esp','Category',31,'name','Fuentes de Nodos'),(2460,'eng','Category',31,'name','Node sources'),(2461,'esp','Action',52,'name','Fuentes de nodos'),(2462,'eng','Action',52,'name','Node Sources'),(3067,'esp','Action',53,'name','Nivel de Madurez'),(3068,'eng','Action',53,'name','Maturity Level'),(3069,'esp','Company',15,'description','asdf'),(3070,'eng','Company',15,'description','qwer'),(3071,'esp','Company',15,'address','asdf'),(3072,'eng','Company',15,'address','qwer'),(3204,'esp','Nodestatus',1,'name','No iniciado'),(3205,'eng','Nodestatus',1,'name','Not started'),(3206,'esp','Nodestatus',2,'name','Iniciado'),(3207,'eng','Nodestatus',2,'name','Started'),(3208,'esp','Nodestatus',3,'name','Finalizado'),(3209,'eng','Nodestatus',3,'name','Ended'),(3329,'esp','Node',48,'name','Nulla at pharetra velit.'),(3330,'eng','Node',48,'name','ENGNulla at pharetra velit.'),(3331,'esp','Node',48,'description','Nulla at pharetra velit. Nullam eu dapibus risus, in imperdiet lorem. Aliquam consequat non sem vitae mollis. Pellentesque lacinia, nisi at vehicula consequat, mi sapien.'),(3332,'eng','Node',48,'description','ENGNulla at pharetra velit. Nullam eu dapibus risus, in imperdiet lorem. Aliquam consequat non sem vitae mollis. Pellentesque lacinia, nisi at vehicula consequat, mi sapien.'),(3333,'esp','Node',49,'name','Lorem ipsum '),(3334,'eng','Node',49,'name','ENG lorem ipsum '),(3335,'esp','Node',49,'description','<p>Lorem ipsum dolor sit amet consectetur adipiscing elit.<br></p><p>Nulla at pharetra velit. Nullam eu dapibus risus, in imperdiet lorem. Aliquam consequat non sem vitae mollis. Pellentesque lacinia, nisi at vehicula consequat, mi sapien.</p>'),(3336,'eng','Node',49,'description','ENGNulla at pharetra velit. Nullam eu dapibus risus, in imperdiet lorem. Aliquam consequat non sem vitae mollis. Pellentesque lacinia, nisi at vehicula consequat, mi sapien.'),(3337,'esp','Node',50,'name','Nulla at pharetra velit.'),(3338,'eng','Node',50,'name','ENGNulla at pharetra velit.'),(3339,'esp','Node',50,'description','Nulla at pharetra velit. Nullam eu dapibus risus, in imperdiet lorem. Aliquam consequat non sem vitae mollis. Pellentesque lacinia, nisi at vehicula consequat, mi sapien.'),(3340,'eng','Node',50,'description','ENGNulla at pharetra velit. Nullam eu dapibus risus, in imperdiet lorem. Aliquam consequat non sem vitae mollis. Pellentesque lacinia, nisi at vehicula consequat, mi sapien.'),(3352,'esp','Node',52,'name','Sed ut perspiciatis unde omnis iste natus error sit voluptatem'),(3353,'eng','Node',52,'name','Sed ut perspiciatis unde omnis iste natus error sit voluptatem'),(3354,'esp','Node',52,'description','<p>Sed ut perspiciatis unde omnis iste natus error sit voluptatem</p>'),(3355,'eng','Node',52,'description','<p>Sed ut perspiciatis unde omnis iste natus error sit voluptatem</p>'),(3356,'esp','Node',53,'name','Nulla at pharetra velit.'),(3357,'eng','Node',53,'name','ENGNulla at pharetra velit.'),(3358,'esp','Node',53,'description','Nulla at pharetra velit. Nullam eu dapibus risus, in imperdiet lorem. Aliquam consequat non sem vitae mollis. Pellentesque lacinia, nisi at vehicula consequat, mi sapien.'),(3359,'eng','Node',53,'description','ENGNulla at pharetra velit. Nullam eu dapibus risus, in imperdiet lorem. Aliquam consequat non sem vitae mollis. Pellentesque lacinia, nisi at vehicula consequat, mi sapien.'),(3365,'esp','Node',54,'name','Nulla at pharetra velit.'),(3366,'eng','Node',54,'name','ENGNulla at pharetra velit.'),(3367,'esp','Node',54,'description','Nulla at pharetra velit. Nullam eu dapibus risus, in imperdiet lorem. Aliquam consequat non sem vitae mollis. Pellentesque lacinia, nisi at vehicula consequat, mi sapien.'),(3368,'eng','Node',54,'description','ENGNulla at pharetra velit. Nullam eu dapibus risus, in imperdiet lorem. Aliquam consequat non sem vitae mollis. Pellentesque lacinia, nisi at vehicula consequat, mi sapien.'),(3369,'esp','Node',55,'name','Nulla at pharetra velit.'),(3370,'eng','Node',55,'name','ENGNulla at pharetra velit.'),(3371,'esp','Node',55,'description','Nulla at pharetra velit. Nullam eu dapibus risus, in imperdiet lorem. Aliquam consequat non sem vitae mollis. Pellentesque lacinia, nisi at vehicula consequat, mi sapien.'),(3372,'eng','Node',55,'description','ENGNulla at pharetra velit. Nullam eu dapibus risus, in imperdiet lorem. Aliquam consequat non sem vitae mollis. Pellentesque lacinia, nisi at vehicula consequat, mi sapien.'),(3373,'esp','Node',56,'name','Nulla at pharetra velit.'),(3374,'eng','Node',56,'name','ENGNulla at pharetra velit.'),(3375,'esp','Node',56,'description','Nulla at pharetra velit. Nullam eu dapibus risus, in imperdiet lorem. Aliquam consequat non sem vitae mollis. Pellentesque lacinia, nisi at vehicula consequat, mi sapien.'),(3376,'eng','Node',56,'description','ENGNulla at pharetra velit. Nullam eu dapibus risus, in imperdiet lorem. Aliquam consequat non sem vitae mollis. Pellentesque lacinia, nisi at vehicula consequat, mi sapien.'),(3377,'esp','Node',57,'name','Nulla at pharetra velit.'),(3378,'eng','Node',57,'name','ENGNulla at pharetra velit.'),(3379,'esp','Node',57,'description','Nulla at pharetra velit. Nullam eu dapibus risus, in imperdiet lorem. Aliquam consequat non sem vitae mollis. Pellentesque lacinia, nisi at vehicula consequat, mi sapien.'),(3380,'eng','Node',57,'description','ENGNulla at pharetra velit. Nullam eu dapibus risus, in imperdiet lorem. Aliquam consequat non sem vitae mollis. Pellentesque lacinia, nisi at vehicula consequat, mi sapien.'),(3389,'esp','Category',32,'name','GestiÃ³n EstratÃ©gica'),(3390,'eng','Category',32,'name','Strategic Management'),(3391,'esp','Action',54,'name','Oportunidades y Debilidades'),(3392,'eng','Action',54,'name','Weaknesses and Opportunities'),(3393,'esp','Node',60,'name','Estrategia'),(3394,'eng','Node',60,'name','strategy'),(3395,'esp','Node',60,'description','<p>1<br></p>'),(3396,'eng','Node',60,'description','<p>2<br></p>'),(3405,'esp','Node',63,'name','Vestibulum at posuere est'),(3406,'eng','Node',63,'name','ENG Vestibulum at posuere est'),(3407,'esp','Node',63,'description','<p>Vestibulum at posuere est. Sed turpis eros, ornare eget ligula non, \r\nelementum lobortis velit. Curabitur varius placerat turpis eu finibus. \r\nIn luctus ornare velit at iaculis. Etiam consequat, neque ultricies \r\ndictum consectetur, arcu magna sagittis erat, in cursus dolor erat vel \r\narcu. Phasellus tincidunt varius maximus. Duis congue tristique sapien, \r\nid semper est aliquam sit amet. Sed nec auctor elit, sit amet porttitor \r\nleo. Integer luctus erat sed erat semper, sit amet pulvinar eros \r\nfringilla. Nam id mi et tortor cursus elementum. Sed varius vitae felis \r\nin vehicula. Nullam justo eros, sodales eu dolor ut, venenatis lobortis \r\nerat. Phasellus mi metus, tempor sit amet sem vitae, imperdiet bibendum \r\ndui. Proin purus elit, sodales ac quam quis, euismod pharetra sem.\r\n<br></p>'),(3408,'eng','Node',63,'description','<p>ENG Vestibulum at posuere est. Sed turpis eros, ornare eget ligula non, \r\nelementum lobortis velit. Curabitur varius placerat turpis eu finibus. \r\nIn luctus ornare velit at iaculis. Etiam consequat, neque ultricies \r\ndictum consectetur, arcu magna sagittis erat, in cursus dolor erat vel \r\narcu. Phasellus tincidunt varius maximus. Duis congue tristique sapien, \r\nid semper est aliquam sit amet. Sed nec auctor elit, sit amet porttitor \r\nleo. Integer luctus erat sed erat semper, sit amet pulvinar eros \r\nfringilla. Nam id mi et tortor cursus elementum. Sed varius vitae felis \r\nin vehicula. Nullam justo eros, sodales eu dolor ut, venenatis lobortis \r\nerat. Phasellus mi metus, tempor sit amet sem vitae, imperdiet bibendum \r\ndui. Proin purus elit, sodales ac quam quis, euismod pharetra sem.\r\n<br></p>'),(3409,'esp','Action',55,'name','Perspectiva del BSC'),(3410,'eng','Action',55,'name','BSC Perspective'),(3411,'esp','Action',56,'name','Estrategias'),(3412,'eng','Action',56,'name','Strategys'),(3413,'esp','Action',57,'name','MisiÃ³n'),(3414,'eng','Action',57,'name','Mission'),(3415,'esp','Action',58,'name','VisiÃ³n'),(3416,'eng','Action',58,'name','Vision'),(3417,'esp','Action',59,'name','Objetivos'),(3418,'eng','Action',59,'name','Objectives'),(3419,'esp','Action',60,'name','PolÃ­ticas'),(3420,'eng','Action',60,'name','Politics'),(3421,'esp','Node',64,'name','Estrategia 1'),(3422,'eng','Node',64,'name','Strategy 1'),(3423,'esp','Node',64,'description','<p>Sed convallis, enim sit amet varius faucibus, tortor ipsum porta tortor,\r\n ac placerat tortor arcu ac velit. Integer porta quam sapien, sed ornare\r\n nunc mattis in. Sed porttitor nibh sed facilisis sodales.<br></p>'),(3424,'eng','Node',64,'description','<p>Sed convallis, enim sit amet varius faucibus, tortor ipsum porta tortor,\r\n ac placerat tortor arcu ac velit. Integer porta quam sapien, sed ornare\r\n nunc mattis in. Sed porttitor nibh sed facilisis sodales.<br></p>'),(3429,'esp','Node',66,'name','VisiÃ³n 1'),(3430,'eng','Node',66,'name','Vision 1'),(3431,'esp','Node',66,'description','<p>Etiam consequat, neque ultricies dictum consectetur, arcu magna sagittis\r\n erat, in cursus dolor erat vel arcu. Phasellus tincidunt varius \r\nmaximus. Duis congue tristique sapien, id semper est aliquam sit amet. \r\nSed nec auctor elit, sit amet porttitor leo. Integer luctus erat sed \r\nerat semper, sit amet pulvinar eros fringilla. Nam id mi et tortor \r\ncursus elementum. Sed varius vitae felis in vehicula. <br></p>'),(3432,'eng','Node',66,'description','<p>Etiam consequat, neque ultricies dictum consectetur, arcu magna sagittis\r\n erat, in cursus dolor erat vel arcu. Phasellus tincidunt varius \r\nmaximus. Duis congue tristique sapien, id semper est aliquam sit amet. \r\nSed nec auctor elit, sit amet porttitor leo. Integer luctus erat sed \r\nerat semper, sit amet pulvinar eros fringilla. Nam id mi et tortor \r\ncursus elementum. Sed varius vitae felis in vehicula. <br></p>'),(3433,'esp','Node',67,'name','Objetivo de prueba'),(3434,'eng','Node',67,'name','Test objective'),(3435,'esp','Node',67,'description','<p>Cras elementum ex nec aliquam lobortis. In hac habitasse platea \r\ndictumst. Aenean sit amet mollis odio, sit amet tincidunt lorem. Vivamus\r\n euismod, sapien a fermentum eleifend, justo ligula dignissim sapien, a \r\nauctor diam purus in mauris. In at blandit nibh. <br></p>'),(3436,'eng','Node',67,'description','<p>Cras elementum ex nec aliquam lobortis. In hac habitasse platea \r\ndictumst. Aenean sit amet mollis odio, sit amet tincidunt lorem. Vivamus\r\n euismod, sapien a fermentum eleifend, justo ligula dignissim sapien, a \r\nauctor diam purus in mauris. In at blandit nibh. <br></p>'),(3437,'esp','Node',68,'name','asdf'),(3438,'eng','Node',68,'name','asdf'),(3439,'esp','Node',68,'description','<p>asdf<br></p>'),(3440,'eng','Node',68,'description','<p>asdf<br></p>'),(3441,'esp','Company',16,'description','1'),(3442,'eng','Company',16,'description','2'),(3443,'esp','Company',16,'address','2'),(3444,'eng','Company',16,'address','3'),(3445,'esp','Node',69,'name','Nulla at pharetra velit.'),(3446,'eng','Node',69,'name','ENGNulla at pharetra velit.'),(3447,'esp','Node',69,'description','Nulla at pharetra velit. Nullam eu dapibus risus, in imperdiet lorem. Aliquam consequat non sem vitae mollis. Pellentesque lacinia, nisi at vehicula consequat, mi sapien.'),(3448,'eng','Node',69,'description','ENGNulla at pharetra velit. Nullam eu dapibus risus, in imperdiet lorem. Aliquam consequat non sem vitae mollis. Pellentesque lacinia, nisi at vehicula consequat, mi sapien.'),(3449,'esp','Node',70,'name','Nulla at pharetra velit.'),(3450,'eng','Node',70,'name','ENGNulla at pharetra velit.'),(3451,'esp','Node',70,'description','Nulla at pharetra velit. Nullam eu dapibus risus, in imperdiet lorem. Aliquam consequat non sem vitae mollis. Pellentesque lacinia, nisi at vehicula consequat, mi sapien.'),(3452,'eng','Node',70,'description','ENGNulla at pharetra velit. Nullam eu dapibus risus, in imperdiet lorem. Aliquam consequat non sem vitae mollis. Pellentesque lacinia, nisi at vehicula consequat, mi sapien.'),(3453,'esp','Node',71,'name','Nulla at pharetra velit.'),(3454,'eng','Node',71,'name','ENGNulla at pharetra velit.'),(3455,'esp','Node',71,'description','Nulla at pharetra velit. Nullam eu dapibus risus, in imperdiet lorem. Aliquam consequat non sem vitae mollis. Pellentesque lacinia, nisi at vehicula consequat, mi sapien.'),(3456,'eng','Node',71,'description','ENGNulla at pharetra velit. Nullam eu dapibus risus, in imperdiet lorem. Aliquam consequat non sem vitae mollis. Pellentesque lacinia, nisi at vehicula consequat, mi sapien.'),(3457,'esp','Node',72,'name','Nulla at pharetra velit.'),(3458,'eng','Node',72,'name','ENGNulla at pharetra velit.'),(3459,'esp','Node',72,'description','Nulla at pharetra velit. Nullam eu dapibus risus, in imperdiet lorem. Aliquam consequat non sem vitae mollis. Pellentesque lacinia, nisi at vehicula consequat, mi sapien.'),(3460,'eng','Node',72,'description','ENGNulla at pharetra velit. Nullam eu dapibus risus, in imperdiet lorem. Aliquam consequat non sem vitae mollis. Pellentesque lacinia, nisi at vehicula consequat, mi sapien.'),(3461,'esp','Node',73,'name','Nulla at pharetra velit.'),(3462,'eng','Node',73,'name','ENGNulla at pharetra velit.'),(3463,'esp','Node',73,'description','Nulla at pharetra velit. Nullam eu dapibus risus, in imperdiet lorem. Aliquam consequat non sem vitae mollis. Pellentesque lacinia, nisi at vehicula consequat, mi sapien.'),(3464,'eng','Node',73,'description','ENGNulla at pharetra velit. Nullam eu dapibus risus, in imperdiet lorem. Aliquam consequat non sem vitae mollis. Pellentesque lacinia, nisi at vehicula consequat, mi sapien.'),(3465,'esp','Node',74,'name','Nulla at pharetra velit.'),(3466,'eng','Node',74,'name','ENGNulla at pharetra velit.'),(3467,'esp','Node',74,'description','Nulla at pharetra velit. Nullam eu dapibus risus, in imperdiet lorem. Aliquam consequat non sem vitae mollis. Pellentesque lacinia, nisi at vehicula consequat, mi sapien.'),(3468,'eng','Node',74,'description','ENGNulla at pharetra velit. Nullam eu dapibus risus, in imperdiet lorem. Aliquam consequat non sem vitae mollis. Pellentesque lacinia, nisi at vehicula consequat, mi sapien.'),(3469,'esp','Node',75,'name','Nulla at pharetra velit.'),(3470,'eng','Node',75,'name','ENGNulla at pharetra velit.'),(3471,'esp','Node',75,'description','Nulla at pharetra velit. Nullam eu dapibus risus, in imperdiet lorem. Aliquam consequat non sem vitae mollis. Pellentesque lacinia, nisi at vehicula consequat, mi sapien.'),(3472,'eng','Node',75,'description','ENGNulla at pharetra velit. Nullam eu dapibus risus, in imperdiet lorem. Aliquam consequat non sem vitae mollis. Pellentesque lacinia, nisi at vehicula consequat, mi sapien.'),(3473,'esp','Node',76,'name','Nulla at pharetra velit.'),(3474,'eng','Node',76,'name','ENGNulla at pharetra velit.'),(3475,'esp','Node',76,'description','Nulla at pharetra velit. Nullam eu dapibus risus, in imperdiet lorem. Aliquam consequat non sem vitae mollis. Pellentesque lacinia, nisi at vehicula consequat, mi sapien.'),(3476,'eng','Node',76,'description','ENGNulla at pharetra velit. Nullam eu dapibus risus, in imperdiet lorem. Aliquam consequat non sem vitae mollis. Pellentesque lacinia, nisi at vehicula consequat, mi sapien.'),(3477,'esp','Node',77,'name','Nulla at pharetra velit.'),(3478,'eng','Node',77,'name','ENGNulla at pharetra velit.'),(3479,'esp','Node',77,'description','Nulla at pharetra velit. Nullam eu dapibus risus, in imperdiet lorem. Aliquam consequat non sem vitae mollis. Pellentesque lacinia, nisi at vehicula consequat, mi sapien.'),(3480,'eng','Node',77,'description','ENGNulla at pharetra velit. Nullam eu dapibus risus, in imperdiet lorem. Aliquam consequat non sem vitae mollis. Pellentesque lacinia, nisi at vehicula consequat, mi sapien.'),(3481,'esp','Node',78,'name','Nulla at pharetra velit.'),(3482,'eng','Node',78,'name','ENGNulla at pharetra velit.'),(3483,'esp','Node',78,'description','Nulla at pharetra velit. Nullam eu dapibus risus, in imperdiet lorem. Aliquam consequat non sem vitae mollis. Pellentesque lacinia, nisi at vehicula consequat, mi sapien.'),(3484,'eng','Node',78,'description','ENGNulla at pharetra velit. Nullam eu dapibus risus, in imperdiet lorem. Aliquam consequat non sem vitae mollis. Pellentesque lacinia, nisi at vehicula consequat, mi sapien.'),(3485,'esp','Node',79,'name','Nulla at pharetra velit.'),(3486,'eng','Node',79,'name','ENGNulla at pharetra velit.'),(3487,'esp','Node',79,'description','Nulla at pharetra velit. Nullam eu dapibus risus, in imperdiet lorem. Aliquam consequat non sem vitae mollis. Pellentesque lacinia, nisi at vehicula consequat, mi sapien.'),(3488,'eng','Node',79,'description','ENGNulla at pharetra velit. Nullam eu dapibus risus, in imperdiet lorem. Aliquam consequat non sem vitae mollis. Pellentesque lacinia, nisi at vehicula consequat, mi sapien.'),(3489,'esp','Node',80,'name','Nulla at pharetra velit.'),(3490,'eng','Node',80,'name','ENGNulla at pharetra velit.'),(3491,'esp','Node',80,'description','Nulla at pharetra velit. Nullam eu dapibus risus, in imperdiet lorem. Aliquam consequat non sem vitae mollis. Pellentesque lacinia, nisi at vehicula consequat, mi sapien.'),(3492,'eng','Node',80,'description','ENGNulla at pharetra velit. Nullam eu dapibus risus, in imperdiet lorem. Aliquam consequat non sem vitae mollis. Pellentesque lacinia, nisi at vehicula consequat, mi sapien.'),(3493,'esp','Node',81,'name','Nulla at pharetra velit.'),(3494,'eng','Node',81,'name','ENGNulla at pharetra velit.'),(3495,'esp','Node',81,'description','Nulla at pharetra velit. Nullam eu dapibus risus, in imperdiet lorem. Aliquam consequat non sem vitae mollis. Pellentesque lacinia, nisi at vehicula consequat, mi sapien.'),(3496,'eng','Node',81,'description','ENGNulla at pharetra velit. Nullam eu dapibus risus, in imperdiet lorem. Aliquam consequat non sem vitae mollis. Pellentesque lacinia, nisi at vehicula consequat, mi sapien.'),(3497,'esp','Node',82,'name','Nulla at pharetra velit.'),(3498,'eng','Node',82,'name','ENGNulla at pharetra velit.'),(3499,'esp','Node',82,'description','Nulla at pharetra velit. Nullam eu dapibus risus, in imperdiet lorem. Aliquam consequat non sem vitae mollis. Pellentesque lacinia, nisi at vehicula consequat, mi sapien.'),(3500,'eng','Node',82,'description','ENGNulla at pharetra velit. Nullam eu dapibus risus, in imperdiet lorem. Aliquam consequat non sem vitae mollis. Pellentesque lacinia, nisi at vehicula consequat, mi sapien.'),(3501,'esp','Node',83,'name','asdf'),(3502,'eng','Node',83,'name','1234'),(3503,'esp','Node',83,'description','<p>asdf<br></p>'),(3504,'eng','Node',83,'description','<p>asdf<br></p>'),(3505,'esp','Node',84,'name','Nulla at pharetra velit.'),(3506,'eng','Node',84,'name','ENGNulla at pharetra velit.'),(3507,'esp','Node',84,'description','Nulla at pharetra velit. Nullam eu dapibus risus, in imperdiet lorem. Aliquam consequat non sem vitae mollis. Pellentesque lacinia, nisi at vehicula consequat, mi sapien.'),(3508,'eng','Node',84,'description','ENGNulla at pharetra velit. Nullam eu dapibus risus, in imperdiet lorem. Aliquam consequat non sem vitae mollis. Pellentesque lacinia, nisi at vehicula consequat, mi sapien.'),(3509,'esp','Node',85,'name','Compromiso'),(3510,'eng','Node',85,'name','Commitment'),(3511,'esp','Node',85,'description',''),(3512,'eng','Node',85,'description',''),(3517,'esp','Node',87,'name','Programa 1'),(3518,'eng','Node',87,'name','Program 1'),(3519,'esp','Node',87,'description','<p>Estos son los datos del programa...<br></p>'),(3520,'eng','Node',87,'description','<p>In english.....<br></p>'),(3521,'esp','Node',88,'name','Actividad 1'),(3522,'eng','Node',88,'name','Activity 1'),(3523,'esp','Node',88,'description',''),(3524,'eng','Node',88,'description',''),(3525,'esp','Node',89,'name','123'),(3526,'eng','Node',89,'name','123'),(3527,'esp','Node',89,'description','<p>123<br></p>'),(3528,'eng','Node',89,'description','<p>123<br></p>'),(3529,'esp','Node',90,'name','Proyecto 1'),(3530,'eng','Node',90,'name','Project 1'),(3531,'esp','Node',90,'description','<p>1<br></p>'),(3532,'eng','Node',90,'description','<p>2<br></p>'),(3533,'esp','Node',91,'name','Curso 1'),(3534,'eng','Node',91,'name','Course 1'),(3535,'esp','Node',91,'description',''),(3536,'eng','Node',91,'description',''),(3541,'esp','Action',61,'name','Expectativas'),(3542,'eng','Action',61,'name','Expectations'),(3543,'esp','Action',62,'name','Programas'),(3544,'eng','Action',62,'name','Programs'),(3545,'esp','Action',63,'name','Proyectos'),(3546,'eng','Action',63,'name','Projects'),(3547,'esp','Action',64,'name','Actividades'),(3548,'eng','Action',64,'name','Activities'),(3549,'esp','Action',65,'name','Iniciativas'),(3550,'eng','Action',65,'name','Initiatives'),(3551,'esp','Action',66,'name','Cursos'),(3552,'eng','Action',66,'name','Courses'),(3553,'esp','Action',67,'name','Tareas'),(3554,'eng','Action',67,'name','Tasks'),(3555,'esp','Action',68,'name','Compromisos'),(3556,'eng','Action',68,'name','Commitments'),(3557,'esp','Node',93,'name','1'),(3558,'eng','Node',93,'name','2'),(3559,'esp','Node',93,'description',''),(3560,'eng','Node',93,'description',''),(3561,'esp','Node',94,'name','1'),(3562,'eng','Node',94,'name','2'),(3563,'esp','Node',94,'description',''),(3564,'eng','Node',94,'description',''),(3565,'esp','Nodepriority',1,'name','Muy baja'),(3566,'eng','Nodepriority',1,'name','Very low'),(3567,'esp','Nodepriority',2,'name','Baja'),(3568,'eng','Nodepriority',2,'name','Low'),(3569,'esp','Nodepriority',3,'name','Media'),(3570,'eng','Nodepriority',3,'name','Medium'),(3571,'esp','Nodepriority',4,'name','Alta'),(3572,'eng','Nodepriority',4,'name','High'),(3573,'esp','Nodepriority',5,'name','Muy alta'),(3574,'eng','Nodepriority',5,'name','Very high'),(3575,'esp','Module',21,'name','CSS'),(3576,'eng','Module',21,'name','CSS'),(3577,'esp','Category',33,'name','Prioridades'),(3578,'eng','Category',33,'name','Priorities'),(3579,'esp','Action',69,'name','Prioridades'),(3580,'eng','Action',69,'name','Priorities'),(3581,'esp','Node',95,'name','123'),(3582,'eng','Node',95,'name','234'),(3583,'esp','Node',95,'description',''),(3584,'eng','Node',95,'description',''),(3585,'esp','Group',10,'name','Perfil de GestiÃ³n Operativa'),(3586,'eng','Group',10,'name','Operation Management Profile'),(3587,'esp','Node',96,'name','Expec'),(3588,'eng','Node',96,'name','Expec ENG'),(3589,'esp','Node',96,'description','<p>1<br></p>'),(3590,'eng','Node',96,'description','<p>2<br></p>'),(3591,'esp','Node',97,'name','Nulla at pharetra velit.'),(3592,'eng','Node',97,'name','ENGNulla at pharetra velit.'),(3593,'esp','Node',97,'description','Nulla at pharetra velit. Nullam eu dapibus risus, in imperdiet lorem. Aliquam consequat non sem vitae mollis. Pellentesque lacinia, nisi at vehicula consequat, mi sapien.'),(3594,'eng','Node',97,'description','ENGNulla at pharetra velit. Nullam eu dapibus risus, in imperdiet lorem. Aliquam consequat non sem vitae mollis. Pellentesque lacinia, nisi at vehicula consequat, mi sapien.'),(3595,'esp','Node',98,'name','Nulla at pharetra velit.'),(3596,'eng','Node',98,'name','ENGNulla at pharetra velit.'),(3597,'esp','Node',98,'description','Nulla at pharetra velit. Nullam eu dapibus risus, in imperdiet lorem. Aliquam consequat non sem vitae mollis. Pellentesque lacinia, nisi at vehicula consequat, mi sapien.'),(3598,'eng','Node',98,'description','ENGNulla at pharetra velit. Nullam eu dapibus risus, in imperdiet lorem. Aliquam consequat non sem vitae mollis. Pellentesque lacinia, nisi at vehicula consequat, mi sapien.'),(3599,'esp','Node',99,'name','Nulla at pharetra velit.'),(3600,'eng','Node',99,'name','ENGNulla at pharetra velit.'),(3601,'esp','Node',99,'description','Nulla at pharetra velit. Nullam eu dapibus risus, in imperdiet lorem. Aliquam consequat non sem vitae mollis. Pellentesque lacinia, nisi at vehicula consequat, mi sapien.'),(3602,'eng','Node',99,'description','ENGNulla at pharetra velit. Nullam eu dapibus risus, in imperdiet lorem. Aliquam consequat non sem vitae mollis. Pellentesque lacinia, nisi at vehicula consequat, mi sapien.'),(3606,'esp','Indicator',1,'name','El Indicador'),(3607,'eng','Indicator',1,'name','The Indicator'),(3608,'esp','Indicator',1,'description','<p>3<br></p>'),(3609,'eng','Indicator',1,'description','<p><span style=\"background-color: yellow;\"><span style=\"font-weight: bold; font-size: 24px;\">4qsdfasd asdfasdfasdf asdf asdf</span></span><br></p>'),(3610,'esp','Indicator',1,'metric','Voltios'),(3611,'eng','Indicator',1,'metric','Watts'),(3612,'esp','Indicator',2,'name','1'),(3613,'eng','Indicator',2,'name','2'),(3614,'esp','Indicator',2,'description','<p>3<br></p>'),(3615,'eng','Indicator',2,'description','<p><span style=\"background-color: yellow;\"><span style=\"font-weight: bold; font-size: 24px;\">4qsdfasd asdfasdfasdf asdf asdf</span></span><br></p>'),(3616,'esp','Indicator',2,'metric',''),(3617,'eng','Indicator',2,'metric',''),(3618,'esp','Indicator',3,'name','1'),(3619,'eng','Indicator',3,'name','2'),(3620,'esp','Indicator',3,'description','<p>3<br></p>'),(3621,'eng','Indicator',3,'description','<p><span style=\"background-color: yellow;\"><span style=\"font-weight: bold; font-size: 24px;\">4qsdfasd asdfasdfasdf asdf asdf</span></span><br></p>'),(3622,'esp','Indicator',3,'metric',''),(3623,'eng','Indicator',3,'metric',''),(3624,'esp','Indicator',4,'name','1'),(3625,'eng','Indicator',4,'name','2'),(3626,'esp','Indicator',4,'description','<p>3<br></p>'),(3627,'eng','Indicator',4,'description','<p><span style=\"background-color: yellow;\"><span style=\"font-weight: bold; font-size: 24px;\">4qsdfasd asdfasdfasdf asdf asdf</span></span><br></p>'),(3628,'esp','Indicator',4,'metric',''),(3629,'eng','Indicator',4,'metric',''),(3630,'esp','Category',34,'name','Indicadores de GestiÃ³n'),(3631,'eng','Category',34,'name','Management Indicators'),(3632,'esp','Action',70,'name','Indicadores de GestiÃ³n'),(3633,'eng','Action',70,'name','Management Indicators'),(3634,'esp','Indicator',5,'name','Consumo EnergÃ©tico'),(3635,'eng','Indicator',5,'name','Energy Consumption'),(3636,'esp','Indicator',5,'metric','Voltios/aÃ±o'),(3637,'eng','Indicator',5,'metric','Watts/year'),(3638,'esp','Indicator',5,'description','<p>Este es el indicador de Consumo EnergÃ©tico medido en Voltios/aÃ±o<br></p>'),(3639,'eng','Indicator',5,'description','<p>Este es el indicador de Consumo EnergÃ©tico medido en Voltios/aÃ±o<br></p>'),(3640,'esp','Indicator',6,'name','Clima Organizacional'),(3641,'eng','Indicator',6,'name','Organizational Climate'),(3642,'esp','Indicator',6,'metric','Factor H'),(3643,'eng','Indicator',6,'metric','H Factor'),(3644,'esp','Indicator',6,'description',''),(3645,'eng','Indicator',6,'description',''),(3646,'esp','Action',71,'name','Cargar valores '),(3647,'eng','Action',71,'name','To charge values'),(3648,'esp','Indicator',7,'name','RotaciÃ³n de personal'),(3649,'eng','Indicator',7,'name','Personnel rotation'),(3650,'esp','Indicator',7,'metric','NÃºmero de personas'),(3651,'eng','Indicator',7,'metric','Number of people'),(3652,'esp','Indicator',7,'description',''),(3653,'eng','Indicator',7,'description',''),(3654,'esp','Node',100,'name','1'),(3655,'eng','Node',100,'name','2'),(3656,'esp','Node',100,'description','<p>3<br></p>'),(3657,'eng','Node',100,'description','<p>4<br></p>'),(3658,'esp','Nodetype',16,'name','Grupos de InterÃ©s'),(3659,'eng','Nodetype',16,'name','interest Groups'),(3660,'esp','Node',101,'name','El Grupo de InterÃ©s'),(3661,'eng','Node',101,'name','The Interest Group'),(3662,'esp','Node',101,'description','<p>lorem ipsum ad his scripta blandit partiendo<br></p>'),(3663,'eng','Node',101,'description','<p>lorem ipsum ad his scripta blandit partiendo<br></p>'),(3664,'esp','Node',102,'name','1'),(3665,'eng','Node',102,'name','2'),(3666,'esp','Node',102,'description',''),(3667,'eng','Node',102,'description',''),(3668,'esp','Node',103,'name','1'),(3669,'eng','Node',103,'name','2'),(3670,'esp','Node',103,'description','<p>3<br></p>'),(3671,'eng','Node',103,'description','<p>4<br></p>'),(3672,'esp','Node',104,'name','1'),(3673,'eng','Node',104,'name','2'),(3674,'esp','Node',104,'description','<p>3<br></p>'),(3675,'eng','Node',104,'description','<p>4<br></p>'),(3676,'esp','Node',105,'name','asdf'),(3677,'eng','Node',105,'name','qwer'),(3678,'esp','Node',105,'description',''),(3679,'eng','Node',105,'description',''),(3680,'esp','Action',72,'name','Grupos de InterÃ©s'),(3681,'eng','Action',72,'name','Interest Groups'),(3682,'esp','Node',106,'name','Nuevo Grupo de InterÃ©s'),(3683,'eng','Node',106,'name','New Interest Group'),(3684,'esp','Node',106,'description','<p>En un lugar de la Mancha, de cuyo nombre no quiero acordarme, no ha \nmucho tiempo que vivÃ­a un hidalgo de los de lanza en astillero, adarga \nantigua, rocÃ­n flaco y galgo corredor. Una olla de algo mÃ¡s vaca que \ncarnero, salpicÃ³n las mÃ¡s noches, duelos y quebrantos los sÃ¡bados, \nlantejas los viernes, algÃºn palomino de aÃ±adidura los domingos, \nconsumÃ­an las tres partes de su hacienda. El resto della concluÃ­an sayo \nde velarte, calzas de velludo para las fiestas, con sus pantuflos de lo \nmesmo, y los dÃ­as de entresemana se honraba con su vellorÃ­ de lo mÃ¡s \nfino. TenÃ­a en su casa una ama que pasaba de los cuarenta, y una sobrina\n que no llegaba a los veinte, y un mozo de campo y plaza, que asÃ­ \nensillaba el rocÃ­n como tomaba la podadera. Frisaba la edad de nuestro \nhidalgo con los cincuenta aÃ±os; era de complexiÃ³n recia, seco de carnes,\n enjuto de rostro, gran madrugador y amigo de la caza. Quieren decir que\n tenÃ­a el sobrenombre de Quijada, o Quesada, que en esto hay alguna \ndiferencia en los autores que deste caso escriben; aunque, por \nconjeturas verosÃ­miles, se deja entender que se llamaba Quejana. Pero \nesto importa poco a nuestro cuento; basta que en la narraciÃ³n dÃ©l no se \nsalga un punto de la verdad. \n\n<br></p>'),(3685,'eng','Node',106,'description','<p>En un lugar de la Mancha, de cuyo nombre no quiero acordarme, no ha \nmucho tiempo que vivÃ­a un hidalgo de los de lanza en astillero, adarga \nantigua, rocÃ­n flaco y galgo corredor. Una olla de algo mÃ¡s vaca que \ncarnero, salpicÃ³n las mÃ¡s noches, duelos y quebrantos los sÃ¡bados, \nlantejas los viernes, algÃºn palomino de aÃ±adidura los domingos, \nconsumÃ­an las tres partes de su hacienda. El resto della concluÃ­an sayo \nde velarte, calzas de velludo para las fiestas, con sus pantuflos de lo \nmesmo, y los dÃ­as de entresemana se honraba con su vellorÃ­ de lo mÃ¡s \nfino. TenÃ­a en su casa una ama que pasaba de los cuarenta, y una sobrina\n que no llegaba a los veinte, y un mozo de campo y plaza, que asÃ­ \nensillaba el rocÃ­n como tomaba la podadera. Frisaba la edad de nuestro \nhidalgo con los cincuenta aÃ±os; era de complexiÃ³n recia, seco de carnes,\n enjuto de rostro, gran madrugador y amigo de la caza. Quieren decir que\n tenÃ­a el sobrenombre de Quijada, o Quesada, que en esto hay alguna \ndiferencia en los autores que deste caso escriben; aunque, por \nconjeturas verosÃ­miles, se deja entender que se llamaba Quejana. Pero \nesto importa poco a nuestro cuento; basta que en la narraciÃ³n dÃ©l no se \nsalga un punto de la verdad. \n\n<br></p>'),(3686,'esp','Group',11,'name','Grupo de InterÃ©s'),(3687,'eng','Group',11,'name','Interest Group'),(3688,'esp','Action',73,'name','Usuarios'),(3689,'eng','Action',73,'name','Users'),(3690,'esp','Module',22,'name','Bienvenid@'),(3691,'eng','Module',22,'name','Welcome'),(3692,'esp','Category',35,'name','Bienvenid@'),(3693,'eng','Category',35,'name','Welcome'),(3694,'esp','Action',74,'name','Bienvenid@'),(3695,'eng','Action',74,'name','Welcome'),(3696,'esp','Nodetype',17,'name','Convocatoria'),(3697,'eng','Nodetype',17,'name','Call'),(3698,'esp','Node',107,'name','Convocatoria 2'),(3699,'eng','Node',107,'name','Call 2'),(3700,'esp','Node',107,'description','<p>EspaÃ±ol 2222<br></p>'),(3701,'eng','Node',107,'description','<p>English 2222222222<br></p>'),(3702,'esp','Node',108,'name','Convocatoria 4'),(3703,'eng','Node',108,'name','Call 4'),(3704,'esp','Node',108,'description','<p>Esta es la convocatoria 444444444<br></p>'),(3705,'eng','Node',108,'description','<p>This is the Call 44444444444<br></p>'),(3706,'esp','Action',75,'name','Convocatorias'),(3707,'eng','Action',75,'name','Call'),(3708,'esp','Node',109,'name','Convocatoria de prueba'),(3709,'eng','Node',109,'name','Test call'),(3710,'esp','Node',109,'description','<h1>Esta es una convocatoria</h1><h2>Si, convocatoria</h2><p>Bla, bla, bla, bla, bla, bla, bla, bla, bla, bla, bla, bla, bla, bla, bla, bla, bla, bla, bla, bla, bla, bla, bla, bla, bla, bla, bla, bla, bla, bla, bla, bla, bla, bla, bla, bla, bla, bla, bla, bla, bla, bla, bla, bla, bla, bla, bla, bla, bla, bla, bla, bla, bla, bla, bla, bla, bla, bla, bla, bla, bla, bla, bla, bla, bla, bla, bla.</p><p>Bla, bla, bla, bla, bla, bla, bla, bla, bla, bla, bla, bla, bla, bla, bla, bla, bla, bla, bla, bla, bla, bla, bla, bla, bla, bla, bla, bla, bla, bla, bla, bla, bla, bla, bla, bla, bla, bla, bla, bla, bla, bla, bla, bla, bla, bla, bla, bla, bla, bla, bla, bla, bla, bla, bla, bla, bla, bla, bla, bla, bla, bla, bla, bla, bla, bla, bla.</p><p>Bla, bla, bla, bla, bla, bla, bla, bla, bla, bla, bla, bla, bla, bla, bla, bla, bla, bla, bla, bla, bla, bla, bla, bla, bla, bla, bla, bla, bla, bla, bla, bla, bla, bla, bla, bla, bla, bla, bla, bla, bla, bla, bla, bla, bla, bla, bla, bla, bla, bla, bla, bla, bla, bla, bla, bla, bla, bla, bla, bla, bla, bla, bla, bla, bla, bla, bla.</p><p><br></p><p><br></p><p><br></p>'),(3711,'eng','Node',109,'description','<p>asdf<br></p>'),(3712,'esp','Node',110,'name','Nulla at pharetra velit.'),(3713,'eng','Node',110,'name','ENGNulla at pharetra velit.'),(3714,'esp','Node',110,'description','Nulla at pharetra velit. Nullam eu dapibus risus, in imperdiet lorem. Aliquam consequat non sem vitae mollis. Pellentesque lacinia, nisi at vehicula consequat, mi sapien.'),(3715,'eng','Node',110,'description','ENGNulla at pharetra velit. Nullam eu dapibus risus, in imperdiet lorem. Aliquam consequat non sem vitae mollis. Pellentesque lacinia, nisi at vehicula consequat, mi sapien.'),(3716,'esp','Node',111,'name','Nulla at pharetra velit.'),(3717,'eng','Node',111,'name','ENGNulla at pharetra velit.'),(3718,'esp','Node',111,'description','Nulla at pharetra velit. Nullam eu dapibus risus, in imperdiet lorem. Aliquam consequat non sem vitae mollis. Pellentesque lacinia, nisi at vehicula consequat, mi sapien.'),(3719,'eng','Node',111,'description','ENGNulla at pharetra velit. Nullam eu dapibus risus, in imperdiet lorem. Aliquam consequat non sem vitae mollis. Pellentesque lacinia, nisi at vehicula consequat, mi sapien.'),(3720,'esp','Node',112,'name','Nulla at pharetra velit.'),(3721,'eng','Node',112,'name','ENGNulla at pharetra velit.'),(3722,'esp','Node',112,'description','Nulla at pharetra velit. Nullam eu dapibus risus, in imperdiet lorem. Aliquam consequat non sem vitae mollis. Pellentesque lacinia, nisi at vehicula consequat, mi sapien.'),(3723,'eng','Node',112,'description','ENGNulla at pharetra velit. Nullam eu dapibus risus, in imperdiet lorem. Aliquam consequat non sem vitae mollis. Pellentesque lacinia, nisi at vehicula consequat, mi sapien.'),(3724,'esp','Node',113,'name','Nulla at pharetra velit.'),(3725,'eng','Node',113,'name','ENGNulla at pharetra velit.'),(3726,'esp','Node',113,'description','Nulla at pharetra velit. Nullam eu dapibus risus, in imperdiet lorem. Aliquam consequat non sem vitae mollis. Pellentesque lacinia, nisi at vehicula consequat, mi sapien.'),(3727,'eng','Node',113,'description','ENGNulla at pharetra velit. Nullam eu dapibus risus, in imperdiet lorem. Aliquam consequat non sem vitae mollis. Pellentesque lacinia, nisi at vehicula consequat, mi sapien.'),(3728,'esp','Node',114,'name','Nulla at pharetra velit.'),(3729,'eng','Node',114,'name','ENGNulla at pharetra velit.'),(3730,'esp','Node',114,'description','Nulla at pharetra velit. Nullam eu dapibus risus, in imperdiet lorem. Aliquam consequat non sem vitae mollis. Pellentesque lacinia, nisi at vehicula consequat, mi sapien.'),(3731,'eng','Node',114,'description','ENGNulla at pharetra velit. Nullam eu dapibus risus, in imperdiet lorem. Aliquam consequat non sem vitae mollis. Pellentesque lacinia, nisi at vehicula consequat, mi sapien.'),(3732,'esp','Node',115,'name','Nulla at pharetra velit.'),(3733,'eng','Node',115,'name','ENGNulla at pharetra velit.'),(3734,'esp','Node',115,'description','Nulla at pharetra velit. Nullam eu dapibus risus, in imperdiet lorem. Aliquam consequat non sem vitae mollis. Pellentesque lacinia, nisi at vehicula consequat, mi sapien.'),(3735,'eng','Node',115,'description','ENGNulla at pharetra velit. Nullam eu dapibus risus, in imperdiet lorem. Aliquam consequat non sem vitae mollis. Pellentesque lacinia, nisi at vehicula consequat, mi sapien.'),(3736,'esp','Node',116,'name','Nulla at pharetra velit.'),(3737,'eng','Node',116,'name','ENGNulla at pharetra velit.'),(3738,'esp','Node',116,'description','Nulla at pharetra velit. Nullam eu dapibus risus, in imperdiet lorem. Aliquam consequat non sem vitae mollis. Pellentesque lacinia, nisi at vehicula consequat, mi sapien.'),(3739,'eng','Node',116,'description','ENGNulla at pharetra velit. Nullam eu dapibus risus, in imperdiet lorem. Aliquam consequat non sem vitae mollis. Pellentesque lacinia, nisi at vehicula consequat, mi sapien.'),(3740,'esp','Node',117,'name','Nulla at pharetra velit.'),(3741,'eng','Node',117,'name','ENGNulla at pharetra velit.'),(3742,'esp','Node',117,'description','Nulla at pharetra velit. Nullam eu dapibus risus, in imperdiet lorem. Aliquam consequat non sem vitae mollis. Pellentesque lacinia, nisi at vehicula consequat, mi sapien.'),(3743,'eng','Node',117,'description','ENGNulla at pharetra velit. Nullam eu dapibus risus, in imperdiet lorem. Aliquam consequat non sem vitae mollis. Pellentesque lacinia, nisi at vehicula consequat, mi sapien.'),(3744,'esp','Node',118,'name','Nulla at pharetra velit.'),(3745,'eng','Node',118,'name','ENGNulla at pharetra velit.'),(3746,'esp','Node',118,'description','Nulla at pharetra velit. Nullam eu dapibus risus, in imperdiet lorem. Aliquam consequat non sem vitae mollis. Pellentesque lacinia, nisi at vehicula consequat, mi sapien.'),(3747,'eng','Node',118,'description','ENGNulla at pharetra velit. Nullam eu dapibus risus, in imperdiet lorem. Aliquam consequat non sem vitae mollis. Pellentesque lacinia, nisi at vehicula consequat, mi sapien.'),(3748,'esp','Node',119,'name','Nulla at pharetra velit.'),(3749,'eng','Node',119,'name','ENGNulla at pharetra velit.'),(3750,'esp','Node',119,'description','Nulla at pharetra velit. Nullam eu dapibus risus, in imperdiet lorem. Aliquam consequat non sem vitae mollis. Pellentesque lacinia, nisi at vehicula consequat, mi sapien.'),(3751,'eng','Node',119,'description','ENGNulla at pharetra velit. Nullam eu dapibus risus, in imperdiet lorem. Aliquam consequat non sem vitae mollis. Pellentesque lacinia, nisi at vehicula consequat, mi sapien.'),(3752,'esp','Node',120,'name','Nulla at pharetra velit.'),(3753,'eng','Node',120,'name','ENGNulla at pharetra velit.'),(3754,'esp','Node',120,'description','Nulla at pharetra velit. Nullam eu dapibus risus, in imperdiet lorem. Aliquam consequat non sem vitae mollis. Pellentesque lacinia, nisi at vehicula consequat, mi sapien.'),(3755,'eng','Node',120,'description','ENGNulla at pharetra velit. Nullam eu dapibus risus, in imperdiet lorem. Aliquam consequat non sem vitae mollis. Pellentesque lacinia, nisi at vehicula consequat, mi sapien.'),(3756,'esp','Node',121,'name','Nulla at pharetra velit.'),(3757,'eng','Node',121,'name','ENGNulla at pharetra velit.'),(3758,'esp','Node',121,'description','Nulla at pharetra velit. Nullam eu dapibus risus, in imperdiet lorem. Aliquam consequat non sem vitae mollis. Pellentesque lacinia, nisi at vehicula consequat, mi sapien.'),(3759,'eng','Node',121,'description','ENGNulla at pharetra velit. Nullam eu dapibus risus, in imperdiet lorem. Aliquam consequat non sem vitae mollis. Pellentesque lacinia, nisi at vehicula consequat, mi sapien.'),(3760,'esp','Node',122,'name','Nulla at pharetra velit.'),(3761,'eng','Node',122,'name','ENGNulla at pharetra velit.'),(3762,'esp','Node',122,'description','Nulla at pharetra velit. Nullam eu dapibus risus, in imperdiet lorem. Aliquam consequat non sem vitae mollis. Pellentesque lacinia, nisi at vehicula consequat, mi sapien.'),(3763,'eng','Node',122,'description','ENGNulla at pharetra velit. Nullam eu dapibus risus, in imperdiet lorem. Aliquam consequat non sem vitae mollis. Pellentesque lacinia, nisi at vehicula consequat, mi sapien.'),(3764,'esp','Node',123,'name','nueva'),(3765,'eng','Node',123,'name','new'),(3766,'esp','Node',123,'description',''),(3767,'eng','Node',123,'description',''),(3768,'esp','Nodetype',18,'name','GalerÃ­a'),(3769,'eng','Nodetype',18,'name','Gallery'),(3770,'esp','Action',76,'name','GalerÃ­as'),(3771,'eng','Action',76,'name','Galleries'),(3780,'esp','Node',126,'name','Otra GalerÃ­a'),(3781,'eng','Node',126,'name','Another Gallery'),(3782,'esp','Node',126,'description',''),(3783,'eng','Node',126,'description',''),(3800,'esp','Galleryimage',3,'name','777777777777777'),(3801,'eng','Galleryimage',3,'name','999999999999999'),(3802,'esp','Galleryimage',4,'name','4444444444'),(3803,'eng','Galleryimage',4,'name','3333333333'),(3804,'esp','Galleryimage',5,'name','chao'),(3805,'eng','Galleryimage',5,'name','hola'),(3806,'esp','Galleryimage',6,'name','2'),(3807,'eng','Galleryimage',6,'name','1'),(3808,'esp','Galleryimage',7,'name','2'),(3809,'eng','Galleryimage',7,'name','1'),(3810,'esp','Galleryimage',8,'name','2222222222222'),(3811,'eng','Galleryimage',8,'name','111111111111'),(3812,'esp','Galleryimage',9,'name','asdfasdfasf'),(3813,'eng','Galleryimage',9,'name',' '),(3814,'esp','Galleryimage',10,'name','wer'),(3815,'eng','Galleryimage',10,'name','asdf'),(3816,'esp','Galleryimage',11,'name','wer'),(3817,'eng','Galleryimage',11,'name','asdf'),(3818,'esp','Galleryimage',12,'name','wer'),(3819,'eng','Galleryimage',12,'name','asdf'),(3820,'esp','Galleryimage',13,'name','wer'),(3821,'eng','Galleryimage',13,'name','asdf'),(3822,'esp','Galleryimage',14,'name','wer'),(3823,'eng','Galleryimage',14,'name','asdf'),(3824,'esp','Galleryimage',15,'name','wer'),(3825,'eng','Galleryimage',15,'name','asdf'),(3826,'esp','Galleryimage',16,'name','wer'),(3827,'eng','Galleryimage',16,'name','asdf'),(3828,'esp','Galleryimage',17,'name','wer'),(3829,'eng','Galleryimage',17,'name','asdf'),(3830,'esp','Node',127,'name','asdfasdf'),(3831,'eng','Node',127,'name','asdfasdfdf'),(3832,'esp','Node',127,'description',''),(3833,'eng','Node',127,'description',''),(3834,'esp','Galleryimage',18,'name','4444444444'),(3835,'eng','Galleryimage',18,'name','3333333333'),(3836,'esp','Galleryimage',19,'name','asdfasdfasf'),(3837,'eng','Galleryimage',19,'name',' '),(3838,'esp','Galleryimage',20,'name','4444444444'),(3839,'eng','Galleryimage',20,'name','3333333333'),(3840,'esp','Galleryimage',21,'name','wer'),(3841,'eng','Galleryimage',21,'name','asdf'),(3842,'esp','Galleryimage',22,'name','6'),(3843,'eng','Galleryimage',22,'name','5'),(3844,'esp','Galleryimage',23,'name','2'),(3845,'eng','Galleryimage',23,'name','1'),(3846,'esp','Galleryimage',24,'name','4'),(3847,'eng','Galleryimage',24,'name','3'),(3848,'esp','Node',128,'name','GalerÃ­a activa'),(3849,'eng','Node',128,'name','Active gallery'),(3850,'esp','Node',128,'description','<p>asdf asdf asdf<br></p>'),(3851,'eng','Node',128,'description','<p>asdf asdf asdf<br></p>'),(3852,'esp','Galleryimage',25,'name','66666666 666666666666'),(3853,'eng','Galleryimage',25,'name','55555555555'),(3854,'esp','Galleryimage',26,'name','222222222222'),(3855,'eng','Galleryimage',26,'name','11111111111'),(3856,'esp','Galleryimage',27,'name','444444444444'),(3857,'eng','Galleryimage',27,'name','333333333333'),(3858,'esp','Node',129,'name','Limpieza de rios'),(3859,'eng','Node',129,'name','River clean up'),(3860,'esp','Node',129,'description','<p>Deseo que limpien el rio detrÃ¡s de la fabrica.&nbsp;</p>'),(3861,'eng','Node',129,'description',''),(3862,'esp','Node',130,'name','Galeria de Prueba'),(3863,'eng','Node',130,'name','Test gallery'),(3864,'esp','Node',130,'description','<p>Esta es una fabulosa galerÃ­a de prueba<br></p>'),(3865,'eng','Node',130,'description','<p>Great test gallery<br></p>'),(3866,'esp','Galleryimage',28,'name','Picture 7'),(3867,'eng','Galleryimage',28,'name','Foto 7'),(3868,'esp','Galleryimage',29,'name','Picture 5'),(3869,'eng','Galleryimage',29,'name','Foto 5'),(3870,'esp','Galleryimage',30,'name','Picture 6'),(3871,'eng','Galleryimage',30,'name','Foto 6'),(3872,'esp','Galleryimage',31,'name','Picture 4'),(3873,'eng','Galleryimage',31,'name','Foto 4'),(3874,'esp','Galleryimage',32,'name','Picture 3'),(3875,'eng','Galleryimage',32,'name','Foto 3'),(3876,'esp','Galleryimage',33,'name','Picture 3'),(3877,'eng','Galleryimage',33,'name','Foto 3'),(3878,'esp','Galleryimage',34,'name','Picture 3'),(3879,'eng','Galleryimage',34,'name','Foto 3'),(3880,'esp','Galleryimage',35,'name','Picture 2'),(3881,'eng','Galleryimage',35,'name','Foto 2'),(3882,'esp','Galleryimage',36,'name','Picture 1'),(3883,'eng','Galleryimage',36,'name','Foto 1'),(3884,'esp','Galleryimage',37,'name','Picture 1'),(3885,'eng','Galleryimage',37,'name','Foto 1'),(3886,'esp','Galleryimage',38,'name','Picture 2'),(3887,'eng','Galleryimage',38,'name','Foto 2'),(3888,'esp','Galleryimage',39,'name','Picture 1'),(3889,'eng','Galleryimage',39,'name','Foto 1'),(3890,'esp','Galleryimage',40,'name','Picture 2'),(3891,'eng','Galleryimage',40,'name','Foto 2'),(3892,'esp','Galleryimage',41,'name','2'),(3893,'eng','Galleryimage',41,'name','1'),(3894,'esp','Galleryimage',42,'name','6'),(3895,'eng','Galleryimage',42,'name','5'),(3896,'esp','Galleryimage',43,'name','6'),(3897,'eng','Galleryimage',43,'name','5'),(3898,'esp','Galleryimage',44,'name','Picture 1'),(3899,'eng','Galleryimage',44,'name','Foto 1'),(3900,'esp','Galleryimage',45,'name','Picture 2'),(3901,'eng','Galleryimage',45,'name','Foto 2'),(3902,'esp','Galleryimage',46,'name','222222222222'),(3903,'eng','Galleryimage',46,'name','11111111111'),(3904,'esp','Galleryimage',47,'name','222222222222'),(3905,'eng','Galleryimage',47,'name','11111111111'),(3906,'esp','Galleryimage',48,'name','222222222222'),(3907,'eng','Galleryimage',48,'name','foto 1'),(3908,'esp','Galleryimage',49,'name','foto 2'),(3909,'eng','Galleryimage',49,'name','foto 1'),(3910,'esp','Galleryimage',50,'name','444444444444'),(3911,'eng','Galleryimage',50,'name','foto 3'),(3912,'esp','Galleryimage',51,'name','foto 4'),(3913,'eng','Galleryimage',51,'name','foto 3'),(3914,'esp','Galleryimage',52,'name','66666666 666666666666'),(3915,'eng','Galleryimage',52,'name','foto 5'),(3916,'esp','Galleryimage',53,'name','picture 1'),(3917,'eng','Galleryimage',53,'name','foto 1'),(3918,'esp','Galleryimage',54,'name','foto 4'),(3919,'eng','Galleryimage',54,'name','foto 2'),(3920,'esp','Galleryimage',55,'name','picture 2'),(3921,'eng','Galleryimage',55,'name','foto 2'),(3922,'esp','Galleryimage',56,'name','66666666 666666666666'),(3923,'eng','Galleryimage',56,'name','foto 3'),(3924,'esp','Galleryimage',57,'name','picture 3'),(3925,'eng','Galleryimage',57,'name','foto 3'),(3926,'esp','Galleryimage',58,'name','picture 1'),(3927,'eng','Galleryimage',58,'name','picture 1'),(3928,'esp','Galleryimage',59,'name','picture 2'),(3929,'eng','Galleryimage',59,'name','picture 2'),(3930,'esp','Galleryimage',60,'name','picture 3'),(3931,'eng','Galleryimage',60,'name','picture 3'),(3932,'esp','Galleryimage',61,'name','foto 3'),(3933,'eng','Galleryimage',61,'name','picture 3'),(3934,'esp','Galleryimage',62,'name','foto 2'),(3935,'eng','Galleryimage',62,'name','picture 2'),(3936,'esp','Galleryimage',63,'name','foto 1'),(3937,'eng','Galleryimage',63,'name','picture 1'),(3938,'esp','Nodetype',19,'name','Encuestas'),(3939,'eng','Nodetype',19,'name','Surveys'),(3940,'esp','Nodetype',20,'name','Buzon de sugerencias'),(3941,'eng','Nodetype',20,'name','Suggestions mailbox'),(3942,'esp','Nodetype',21,'name','GrÃ¡ficas'),(3943,'eng','Nodetype',21,'name','Graphs'),(3944,'esp','Action',77,'name','Encuestas'),(3945,'eng','Action',77,'name','Surveys'),(3946,'esp','Action',78,'name','BuzÃ³n de Sugerencias'),(3947,'eng','Action',78,'name','Syggestions Mailbox'),(3948,'esp','Action',79,'name','GrÃ¡ficas'),(3949,'eng','Action',79,'name','Graphs'),(3950,'esp','Node',131,'name','Encuesta 1'),(3951,'eng','Node',131,'name','Survey 1'),(3952,'esp','Node',131,'description','<p>Esta es la encuesta<br></p>'),(3953,'eng','Node',131,'description','<p>This is the survey<br></p>'),(3954,'esp','Node',132,'name','BuzÃ³n de Sugerencias 1'),(3955,'eng','Node',132,'name','Mailbox 1'),(3956,'esp','Node',132,'description','<p>Sugerencias generales<br></p>'),(3957,'eng','Node',132,'description','<p>General suggestions<br></p>'),(3958,'esp','Node',133,'name','GrÃ¡fica 1'),(3959,'eng','Node',133,'name','Graph 1'),(3960,'esp','Node',133,'description','<p>1<br></p>'),(3961,'eng','Node',133,'description','<p>1<br></p>'),(3962,'esp','Galleryimage',64,'name','foto 1111'),(3963,'eng','Galleryimage',64,'name','picture 1'),(3964,'esp','Galleryimage',65,'name','foto 1111'),(3965,'eng','Galleryimage',65,'name','picture 1111'),(3966,'esp','Galleryimage',66,'name','foto 4'),(3967,'eng','Galleryimage',66,'name',''),(3968,'esp','Galleryimage',67,'name','foto 4'),(3969,'eng','Galleryimage',67,'name','picture 4'),(3970,'esp','Node',134,'name','Sugerencia de asdf (asdf@asdf.com)'),(3971,'eng','Node',134,'name','Suggestion from asdf (asdf@asdf.com)'),(3972,'esp','Node',134,'description','En un lugar de la Mancha, de cuyo nombre no quiero acordarme, no ha mucho tiempo que vivÃ­a un hidalgo de los de lanza en astillero, adarga antigua, rocÃ­n flaco y galgo corredor. <br />\r\n<br />\r\nUna olla de algo mÃ¡s vaca que carnero, salpicÃ³n las mÃ¡s noches, duelos y quebrantos los sÃ¡bados, lantejas los viernes, algÃºn palomino de aÃ±adidura los domingos, consumÃ­an las tres partes de su hacienda. <br />\r\n<br />\r\n<hr>Tomado del buzÃ³n de sugerencias: BuzÃ³n de Sugerencias 1'),(3973,'eng','Node',134,'description','En un lugar de la Mancha, de cuyo nombre no quiero acordarme, no ha mucho tiempo que vivÃ­a un hidalgo de los de lanza en astillero, adarga antigua, rocÃ­n flaco y galgo corredor. <br />\r\n<br />\r\nUna olla de algo mÃ¡s vaca que carnero, salpicÃ³n las mÃ¡s noches, duelos y quebrantos los sÃ¡bados, lantejas los viernes, algÃºn palomino de aÃ±adidura los domingos, consumÃ­an las tres partes de su hacienda. <br />\r\n<br />\r\n<hr>Taken from the suggestion mailbox: Mailbox 1'),(3974,'esp','Node',135,'name','Sugerencia de asdf (asdf@asdf.com)'),(3975,'eng','Node',135,'name','Suggestion from asdf (asdf@asdf.com)'),(3976,'esp','Node',135,'description','En un lugar de la Mancha, de cuyo nombre no quiero acordarme, no ha mucho tiempo que vivÃ­a un hidalgo de los de lanza en astillero, adarga antigua, rocÃ­n flaco y galgo corredor. <br />\r\n<br />\r\nUna olla de algo mÃ¡s vaca que carnero, salpicÃ³n las mÃ¡s noches, duelos y quebrantos los sÃ¡bados, lantejas los viernes, algÃºn palomino de aÃ±adidura los domingos, consumÃ­an las tres partes de su hacienda. <br />\r\n<br />\r\n<hr>Tomado del buzÃ³n de sugerencias: BuzÃ³n de Sugerencias 1'),(3977,'eng','Node',135,'description','En un lugar de la Mancha, de cuyo nombre no quiero acordarme, no ha mucho tiempo que vivÃ­a un hidalgo de los de lanza en astillero, adarga antigua, rocÃ­n flaco y galgo corredor. <br />\r\n<br />\r\nUna olla de algo mÃ¡s vaca que carnero, salpicÃ³n las mÃ¡s noches, duelos y quebrantos los sÃ¡bados, lantejas los viernes, algÃºn palomino de aÃ±adidura los domingos, consumÃ­an las tres partes de su hacienda. <br />\r\n<br />\r\n<hr>Taken from the suggestion mailbox: Mailbox 1'),(3978,'esp','Node',136,'name','Sugerencia de asdf (asdf@asdf.com)'),(3979,'eng','Node',136,'name','Suggestion from asdf (asdf@asdf.com)'),(3980,'esp','Node',136,'description','En un lugar de la Mancha, de cuyo nombre no quiero acordarme, no ha mucho tiempo que vivÃ­a un hidalgo de los de lanza en astillero, adarga antigua, rocÃ­n flaco y galgo corredor. <br />\r\n<br />\r\nUna olla de algo mÃ¡s vaca que carnero, salpicÃ³n las mÃ¡s noches, duelos y quebrantos los sÃ¡bados, lantejas los viernes, algÃºn palomino de aÃ±adidura los domingos, consumÃ­an las tres partes de su hacienda. <br />\r\n<br />\r\n<hr>Tomado del buzÃ³n de sugerencias: BuzÃ³n de Sugerencias 1'),(3981,'eng','Node',136,'description','En un lugar de la Mancha, de cuyo nombre no quiero acordarme, no ha mucho tiempo que vivÃ­a un hidalgo de los de lanza en astillero, adarga antigua, rocÃ­n flaco y galgo corredor. <br />\r\n<br />\r\nUna olla de algo mÃ¡s vaca que carnero, salpicÃ³n las mÃ¡s noches, duelos y quebrantos los sÃ¡bados, lantejas los viernes, algÃºn palomino de aÃ±adidura los domingos, consumÃ­an las tres partes de su hacienda. <br />\r\n<br />\r\n<hr>Taken from the suggestion mailbox: Mailbox 1'),(3982,'esp','Node',137,'name','Sugerencia de asdf (asdf@asdf.com)'),(3983,'eng','Node',137,'name','Suggestion from asdf (asdf@asdf.com)'),(3984,'esp','Node',137,'description','En un lugar de la Mancha, de cuyo nombre no quiero acordarme, no ha mucho tiempo que vivÃ­a un hidalgo de los de lanza en astillero, adarga antigua, rocÃ­n flaco y galgo corredor. <br>\n<br>\nUna olla de algo mÃ¡s vaca que carnero, salpicÃ³n las mÃ¡s noches, duelos y quebrantos los sÃ¡bados, lantejas los viernes, algÃºn palomino de aÃ±adidura los domingos, consumÃ­an las tres partes de su hacienda. <br>\n<br>\n<hr>Tomado del buzÃ³n de sugerencias: BuzÃ³n de Sugerencias 1'),(3985,'eng','Node',137,'description','En un lugar de la Mancha, de cuyo nombre no quiero acordarme, no ha mucho tiempo que vivÃ­a un hidalgo de los de lanza en astillero, adarga antigua, rocÃ­n flaco y galgo corredor. <br>\n<br>\nUna olla de algo mÃ¡s vaca que carnero, salpicÃ³n las mÃ¡s noches, duelos y quebrantos los sÃ¡bados, lantejas los viernes, algÃºn palomino de aÃ±adidura los domingos, consumÃ­an las tres partes de su hacienda. <br>\n<br>\n<hr>Taken from the suggestion mailbox: Mailbox 1'),(3986,'esp','Node',138,'name','Sugerencia de asdf (asdf@asdf.com)'),(3987,'eng','Node',138,'name','Suggestion from asdf (asdf@asdf.com)'),(3988,'esp','Node',138,'description','En un lugar de la Mancha, de cuyo nombre no quiero acordarme, no ha mucho tiempo que vivÃ­a un hidalgo de los de lanza en astillero, adarga antigua, rocÃ­n flaco y galgo corredor. <br>\n<br>\nUna olla de algo mÃ¡s vaca que carnero, salpicÃ³n las mÃ¡s noches, duelos y quebrantos los sÃ¡bados, lantejas los viernes, algÃºn palomino de aÃ±adidura los domingos, consumÃ­an las tres partes de su hacienda. <br>\n<br>\n<hr>Tomado del buzÃ³n de sugerencias: <a href=\"/admin/entities/mailbox/132\">BuzÃ³n de Sugerencias 1</a>'),(3989,'eng','Node',138,'description','En un lugar de la Mancha, de cuyo nombre no quiero acordarme, no ha mucho tiempo que vivÃ­a un hidalgo de los de lanza en astillero, adarga antigua, rocÃ­n flaco y galgo corredor. <br>\n<br>\nUna olla de algo mÃ¡s vaca que carnero, salpicÃ³n las mÃ¡s noches, duelos y quebrantos los sÃ¡bados, lantejas los viernes, algÃºn palomino de aÃ±adidura los domingos, consumÃ­an las tres partes de su hacienda. <br>\n<br>\n<hr>Taken from the suggestion mailbox: <a href=\"/admin/entities/mailbox/132\">Mailbox 1</a>'),(3990,'esp','Node',139,'name','Sugerencia de asdf (asdf@asdf.com)'),(3991,'eng','Node',139,'name','Suggestion from asdf (asdf@asdf.com)'),(3992,'esp','Node',139,'description','En un lugar de la Mancha, de cuyo nombre no quiero acordarme, no ha mucho tiempo que vivÃ­a un hidalgo de los de lanza en astillero, adarga antigua, rocÃ­n flaco y galgo corredor. <br />\r\n<br />\r\nUna olla de algo mÃ¡s vaca que carnero, salpicÃ³n las mÃ¡s noches, duelos y quebrantos los sÃ¡bados, lantejas los viernes, algÃºn palomino de aÃ±adidura los domingos, consumÃ­an las tres partes de su hacienda. <br />\r\n<br />\r\n<hr>Tomado del buzÃ³n de sugerencias: <a href=\"/admin/entities/mailbox/132\">BuzÃ³n de Sugerencias 1</a>'),(3993,'eng','Node',139,'description','En un lugar de la Mancha, de cuyo nombre no quiero acordarme, no ha mucho tiempo que vivÃ­a un hidalgo de los de lanza en astillero, adarga antigua, rocÃ­n flaco y galgo corredor. <br />\r\n<br />\r\nUna olla de algo mÃ¡s vaca que carnero, salpicÃ³n las mÃ¡s noches, duelos y quebrantos los sÃ¡bados, lantejas los viernes, algÃºn palomino de aÃ±adidura los domingos, consumÃ­an las tres partes de su hacienda. <br />\r\n<br />\r\n<hr>Taken from the suggestion mailbox: <a href=\"/admin/entities/mailbox/132\">Mailbox 1</a>'),(4000,'esp','Surveyquestion',2,'name',''),(4001,'esp','Surveyquestion',2,'description',''),(4002,'esp','Surveyquestion',2,'answers',''),(4012,'esp','Node',140,'name','Encuesta 2'),(4013,'eng','Node',140,'name','Survey 2'),(4014,'esp','Node',140,'description','<p>2222222222222222<br></p>'),(4015,'eng','Node',140,'description','<p>2222222222222<br></p>'),(4022,'esp','Surveyquestion',6,'name','Â¿Es esta una pregunta?'),(4023,'eng','Surveyquestion',6,'name','Is this a question?'),(4024,'esp','Surveyquestion',6,'description','sadfasdfasd'),(4025,'eng','Surveyquestion',6,'description','fasdfasdfa'),(4026,'esp','Surveyquestion',6,'answers','sdfasdfasdf\nqerqwerqwerqwer\nqwerqwerqwer\nqwerqwerqwer'),(4027,'eng','Surveyquestion',6,'answers','qwer\nqwer\nqwer\nqwer\nqwer'),(4028,'esp','Surveyquestion',7,'name','Pregunta 2'),(4029,'eng','Surveyquestion',7,'name','Question 2'),(4030,'esp','Surveyquestion',7,'description','Â¿Que opina sobre tal cosa?'),(4031,'eng','Surveyquestion',7,'description','What is your opinion?'),(4032,'esp','Surveyquestion',7,'answers','opcion 1\r\nopcion 2\r\nopcion 3'),(4033,'eng','Surveyquestion',7,'answers','option 1\r\noption 2\r\noption 3'),(4034,'esp','Surveyquestion',8,'name','Pregunta abierta'),(4035,'eng','Surveyquestion',8,'name','Open Question'),(4036,'esp','Surveyquestion',8,'description','asdfasdf'),(4037,'eng','Surveyquestion',8,'description','asdfasdfasdf'),(4038,'esp','Surveyquestion',8,'answers',''),(4039,'eng','Surveyquestion',8,'answers',''),(4040,'esp','Node',141,'name','Nulla at pharetra velit.'),(4041,'eng','Node',141,'name','ENGNulla at pharetra velit.'),(4042,'esp','Node',141,'description','Nulla at pharetra velit. Nullam eu dapibus risus, in imperdiet lorem. Aliquam consequat non sem vitae mollis. Pellentesque lacinia, nisi at vehicula consequat, mi sapien.'),(4043,'eng','Node',141,'description','ENGNulla at pharetra velit. Nullam eu dapibus risus, in imperdiet lorem. Aliquam consequat non sem vitae mollis. Pellentesque lacinia, nisi at vehicula consequat, mi sapien.'),(4044,'esp','Node',142,'name','Nulla at pharetra velit.'),(4045,'eng','Node',142,'name','ENGNulla at pharetra velit.'),(4046,'esp','Node',142,'description','Nulla at pharetra velit. Nullam eu dapibus risus, in imperdiet lorem. Aliquam consequat non sem vitae mollis. Pellentesque lacinia, nisi at vehicula consequat, mi sapien.'),(4047,'eng','Node',142,'description','ENGNulla at pharetra velit. Nullam eu dapibus risus, in imperdiet lorem. Aliquam consequat non sem vitae mollis. Pellentesque lacinia, nisi at vehicula consequat, mi sapien.'),(4048,'esp','Node',143,'name','Nulla at pharetra velit.'),(4049,'eng','Node',143,'name','ENGNulla at pharetra velit.'),(4050,'esp','Node',143,'description','Nulla at pharetra velit. Nullam eu dapibus risus, in imperdiet lorem. Aliquam consequat non sem vitae mollis. Pellentesque lacinia, nisi at vehicula consequat, mi sapien.'),(4051,'eng','Node',143,'description','ENGNulla at pharetra velit. Nullam eu dapibus risus, in imperdiet lorem. Aliquam consequat non sem vitae mollis. Pellentesque lacinia, nisi at vehicula consequat, mi sapien.'),(4052,'esp','Node',144,'name','Nulla at pharetra velit.'),(4053,'eng','Node',144,'name','ENGNulla at pharetra velit.'),(4054,'esp','Node',144,'description','Nulla at pharetra velit. Nullam eu dapibus risus, in imperdiet lorem. Aliquam consequat non sem vitae mollis. Pellentesque lacinia, nisi at vehicula consequat, mi sapien.'),(4055,'eng','Node',144,'description','ENGNulla at pharetra velit. Nullam eu dapibus risus, in imperdiet lorem. Aliquam consequat non sem vitae mollis. Pellentesque lacinia, nisi at vehicula consequat, mi sapien.'),(4056,'esp','Node',145,'name','Esta es la estrategia 2016'),(4057,'eng','Node',145,'name','2016 Strategy'),(4058,'esp','Node',145,'description','<p>Texto... de la estrategia....<br><span style=\"font-weight: bold;\">Adios</span>.</p>'),(4059,'eng','Node',145,'description','<p>In english....<br></p>'),(4060,'esp','Node',146,'name','Sugerencia de asdf (asdf@asdf.com)'),(4061,'eng','Node',146,'name','Suggestion from asdf (asdf@asdf.com)'),(4062,'esp','Node',146,'description','En un lugar de la Mancha, de cuyo nombre no quiero acordarme, no ha mucho tiempo que vivÃ­a un hidalgo de los de lanza en astillero, adarga antigua, rocÃ­n flaco y galgo corredor. <br />\n<br />\nUna olla de algo mÃ¡s vaca que carnero, salpicÃ³n las mÃ¡s noches, duelos y quebrantos los sÃ¡bados, lantejas los viernes, algÃºn palomino de aÃ±adidura los domingos, consumÃ­an las tres partes de su hacienda. <br />\n<br />\n<hr>Tomado del buzÃ³n de sugerencias: <a href=\"/admin/entities/mailbox/132\">BuzÃ³n de Sugerencias 1</a>'),(4063,'eng','Node',146,'description','En un lugar de la Mancha, de cuyo nombre no quiero acordarme, no ha mucho tiempo que vivÃ­a un hidalgo de los de lanza en astillero, adarga antigua, rocÃ­n flaco y galgo corredor. <br />\n<br />\nUna olla de algo mÃ¡s vaca que carnero, salpicÃ³n las mÃ¡s noches, duelos y quebrantos los sÃ¡bados, lantejas los viernes, algÃºn palomino de aÃ±adidura los domingos, consumÃ­an las tres partes de su hacienda. <br />\n<br />\n<hr>Taken from the suggestion mailbox: <a href=\"/admin/entities/mailbox/132\">Mailbox 1</a>'),(4064,'esp','Graphdata',1,'name','1'),(4065,'eng','Graphdata',1,'name','2'),(4066,'esp','Graphdata',2,'name','1'),(4067,'eng','Graphdata',2,'name','2'),(4068,'esp','Graphdata',3,'name','1'),(4069,'eng','Graphdata',3,'name','2'),(4070,'esp','Graphdata',4,'name','1'),(4071,'eng','Graphdata',4,'name','2'),(4072,'esp','Graphdata',5,'name','1'),(4073,'eng','Graphdata',5,'name','2'),(4074,'esp','Graphdata',6,'name','1'),(4075,'eng','Graphdata',6,'name','2'),(4076,'esp','Graphdata',7,'name','1'),(4077,'eng','Graphdata',7,'name','2'),(4078,'esp','Graphdata',8,'name','1'),(4079,'eng','Graphdata',8,'name','2'),(4080,'esp','Graphdata',9,'name','1'),(4081,'eng','Graphdata',9,'name','2'),(4082,'esp','Graphdata',10,'name','1'),(4083,'eng','Graphdata',10,'name','2'),(4084,'esp','Graphdata',11,'name','1'),(4085,'eng','Graphdata',11,'name','2'),(4086,'esp','Graphdata',12,'name','1'),(4087,'eng','Graphdata',12,'name','2'),(4088,'esp','Graphdata',13,'name',''),(4089,'esp','Graphdata',14,'name','asdf'),(4090,'eng','Graphdata',14,'name',NULL),(4091,'esp','Graphdata',15,'name','1'),(4092,'eng','Graphdata',15,'name',NULL),(4093,'esp','Graphdata',16,'name','1'),(4094,'eng','Graphdata',16,'name','2'),(4095,'esp','Graphdata',17,'name','1'),(4096,'eng','Graphdata',17,'name','2'),(4097,'esp','Graphdata',18,'name','1'),(4098,'eng','Graphdata',18,'name','2'),(4099,'esp','Graphdata',19,'name','1'),(4100,'eng','Graphdata',19,'name','2'),(4101,'esp','Graphdata',20,'name','1'),(4102,'eng','Graphdata',20,'name','2'),(4103,'esp','Graphdata',21,'name','1'),(4104,'eng','Graphdata',21,'name','2'),(4105,'esp','Graphdata',22,'name','1'),(4106,'eng','Graphdata',22,'name','2'),(4107,'esp','Graphdata',23,'name','1'),(4108,'eng','Graphdata',23,'name','2'),(4109,'esp','Graphdata',24,'name','1'),(4110,'eng','Graphdata',24,'name','2'),(4111,'esp','Graphdata',25,'name','1'),(4112,'eng','Graphdata',25,'name','2'),(4113,'esp','Graphdata',26,'name','1'),(4114,'eng','Graphdata',26,'name','2'),(4115,'esp','Graphdata',27,'name','1'),(4116,'eng','Graphdata',27,'name','2'),(4117,'esp','Graphdata',28,'name','1'),(4118,'eng','Graphdata',28,'name','2'),(4119,'esp','Graphdata',29,'name','1'),(4120,'eng','Graphdata',29,'name','2'),(4121,'esp','Graphdata',30,'name','1'),(4122,'eng','Graphdata',30,'name','2'),(4123,'esp','Graphdata',31,'name','1'),(4124,'eng','Graphdata',31,'name','2'),(4125,'esp','Graphdata',32,'name','1'),(4126,'eng','Graphdata',32,'name','2'),(4127,'esp','Graphdata',33,'name','1'),(4128,'eng','Graphdata',33,'name','2'),(4129,'esp','Graphdata',34,'name','1'),(4130,'eng','Graphdata',34,'name','2'),(4131,'esp','Graphdata',35,'name','1'),(4132,'eng','Graphdata',35,'name','2'),(4133,'esp','Graphdata',36,'name','1'),(4134,'eng','Graphdata',36,'name','2'),(4135,'esp','Graphdata',37,'name','1'),(4136,'eng','Graphdata',37,'name','2'),(4137,'esp','Graphdata',38,'name','1'),(4138,'eng','Graphdata',38,'name','2'),(4139,'esp','Graphdata',39,'name','1'),(4140,'eng','Graphdata',39,'name','2'),(4141,'esp','Graphdata',40,'name','1'),(4142,'eng','Graphdata',40,'name','2'),(4143,'esp','Graphdata',41,'name','1'),(4144,'eng','Graphdata',41,'name','2'),(4145,'esp','Graphdata',42,'name','1'),(4146,'eng','Graphdata',42,'name','2'),(4147,'esp','Graphdata',43,'name','1'),(4148,'eng','Graphdata',43,'name','2'),(4149,'esp','Graphdata',44,'name','1'),(4150,'eng','Graphdata',44,'name','2'),(4151,'esp','Graphdata',45,'name','1'),(4152,'eng','Graphdata',45,'name','2'),(4153,'esp','Graphdata',46,'name','1'),(4154,'eng','Graphdata',46,'name','2'),(4155,'esp','Graphdata',47,'name','1'),(4156,'eng','Graphdata',47,'name','2'),(4157,'esp','Graphdata',48,'name','1'),(4158,'eng','Graphdata',48,'name','2'),(4159,'esp','Graphdata',49,'name','1'),(4160,'eng','Graphdata',49,'name','2'),(4161,'esp','Graphdata',50,'name','1'),(4162,'eng','Graphdata',50,'name','2'),(4163,'esp','Graphdata',51,'name','1'),(4164,'eng','Graphdata',51,'name','2'),(4165,'esp','Graphdata',52,'name','1'),(4166,'eng','Graphdata',52,'name','2'),(4167,'esp','Graphdata',53,'name','1'),(4168,'eng','Graphdata',53,'name','2'),(4169,'esp','Graphdata',54,'name','1'),(4170,'eng','Graphdata',54,'name','2'),(4171,'esp','Graphdata',55,'name','1'),(4172,'eng','Graphdata',55,'name','2'),(4173,'esp','Graphdata',56,'name','1'),(4174,'eng','Graphdata',56,'name','2'),(4175,'esp','Graphdata',57,'name','1'),(4176,'eng','Graphdata',57,'name','2'),(4177,'esp','Graphdata',58,'name','1'),(4178,'eng','Graphdata',58,'name','2'),(4179,'esp','Graphdata',59,'name','1'),(4180,'eng','Graphdata',59,'name','2'),(4181,'esp','Graphdata',60,'name','1'),(4182,'eng','Graphdata',60,'name','2'),(4183,'esp','Graphdata',61,'name','1'),(4184,'eng','Graphdata',61,'name','2'),(4185,'esp','Graphdata',62,'name','1'),(4186,'eng','Graphdata',62,'name','2'),(4187,'esp','Graphdata',63,'name','1'),(4188,'eng','Graphdata',63,'name','2'),(4189,'esp','Graphdata',64,'name','1'),(4190,'eng','Graphdata',64,'name','2'),(4191,'esp','Graphdata',65,'name','1'),(4192,'eng','Graphdata',65,'name','2'),(4193,'esp','Graphdata',66,'name','1'),(4194,'eng','Graphdata',66,'name','2'),(4195,'esp','Graphdata',67,'name','1'),(4196,'eng','Graphdata',67,'name','2'),(4197,'esp','Graphdata',68,'name','1'),(4198,'eng','Graphdata',68,'name','2'),(4199,'esp','Graphdata',69,'name','1'),(4200,'eng','Graphdata',69,'name','2'),(4201,'esp','Graphdata',70,'name','1'),(4202,'eng','Graphdata',70,'name','2'),(4203,'esp','Graphdata',71,'name','1'),(4204,'eng','Graphdata',71,'name','2'),(4205,'esp','Graphdata',72,'name','1'),(4206,'eng','Graphdata',72,'name','2'),(4207,'esp','Graphdata',73,'name','1'),(4208,'eng','Graphdata',73,'name','2'),(4209,'esp','Graphdata',74,'name','1'),(4210,'eng','Graphdata',74,'name','2'),(4211,'esp','Graphdata',75,'name','1'),(4212,'eng','Graphdata',75,'name','2'),(4213,'esp','Graphdata',76,'name','1'),(4214,'eng','Graphdata',76,'name','2'),(4215,'esp','Graphdata',77,'name','1'),(4216,'eng','Graphdata',77,'name','2'),(4217,'esp','Graphdata',78,'name','1'),(4218,'eng','Graphdata',78,'name','2'),(4219,'esp','Graphdata',79,'name','1'),(4220,'eng','Graphdata',79,'name','2'),(4221,'esp','Graphdata',80,'name','1'),(4222,'eng','Graphdata',80,'name','2'),(4223,'esp','Graphdata',81,'name','1'),(4224,'eng','Graphdata',81,'name','2'),(4225,'esp','Graphdata',82,'name','1'),(4226,'eng','Graphdata',82,'name','2'),(4227,'esp','Graphdata',83,'name','1'),(4228,'eng','Graphdata',83,'name','2'),(4229,'esp','Graphdata',84,'name','1'),(4230,'eng','Graphdata',84,'name','2'),(4231,'esp','Graphdata',85,'name','1'),(4232,'eng','Graphdata',85,'name','2'),(4233,'esp','Graphdata',86,'name','1'),(4234,'eng','Graphdata',86,'name','2'),(4235,'esp','Graphdata',87,'name','Titulo 1'),(4236,'eng','Graphdata',87,'name','Title 1'),(4237,'esp','Graphdata',88,'name','Titulo 1'),(4238,'eng','Graphdata',88,'name','Title 1'),(4239,'esp','Graphdata',89,'name','Titulo 1'),(4240,'eng','Graphdata',89,'name','Title 1'),(4241,'esp','Node',147,'name','Esta es una grÃ¡fica de prueba'),(4242,'eng','Node',147,'name','Test Graph'),(4243,'esp','Node',147,'description','<p>En un lugar de la Mancha, de cuyo nombre no quiero acordarme, no ha \nmucho tiempo que vivÃ­a un hidalgo de los de lanza en astillero, adarga \nantigua, rocÃ­n flaco y galgo corredor. Una olla de algo mÃ¡s vaca que \ncarnero, salpicÃ³n las mÃ¡s noches, duelos y quebrantos los sÃ¡bados, \nlantejas los viernes, algÃºn palomino de aÃ±adidura los domingos, \nconsumÃ­an las tres partes de su hacienda. <br></p>'),(4244,'eng','Node',147,'description','<p>ENG En un lugar de la Mancha, de cuyo nombre no quiero acordarme, no ha \nmucho tiempo que vivÃ­a un hidalgo de los de lanza en astillero, adarga \nantigua, rocÃ­n flaco y galgo corredor. Una olla de algo mÃ¡s vaca que \ncarnero, salpicÃ³n las mÃ¡s noches, duelos y quebrantos los sÃ¡bados, \nlantejas los viernes, algÃºn palomino de aÃ±adidura los domingos, \nconsumÃ­an las tres partes de su hacienda.<br><br></p>'),(4245,'esp','Graphdata',90,'name','asdf'),(4246,'eng','Graphdata',90,'name','asdf'),(4247,'esp','Node',148,'name','Otra grÃ¡fica'),(4248,'eng','Node',148,'name','Another graph'),(4249,'esp','Node',148,'description','<p>Es, pues, de saber que este sobredicho hidalgo, los ratos que estaba \r\nocioso, que eran los mÃ¡s del aÃ±o, se daba a leer libros de caballerÃ­as, \r\ncon tanta aficiÃ³n y gusto, que olvidÃ³ casi de todo punto el ejercicio de\r\n la caza, y aun la administraciÃ³n de su hacienda.<br></p>'),(4250,'eng','Node',148,'description','<p>Es, pues, de saber que este sobredicho hidalgo, los ratos que estaba \r\nocioso, que eran los mÃ¡s del aÃ±o, se daba a leer libros de caballerÃ­as, \r\ncon tanta aficiÃ³n y gusto, que olvidÃ³ casi de todo punto el ejercicio de\r\n la caza, y aun la administraciÃ³n de su hacienda.<br></p>'),(4251,'esp','Graphdata',91,'name','asdf'),(4252,'eng','Graphdata',91,'name','asdf'),(4253,'esp','Graphdata',92,'name','asdf'),(4254,'eng','Graphdata',92,'name','asdf'),(4255,'esp','Graphdata',93,'name','asdf'),(4256,'eng','Graphdata',93,'name','asdf'),(4257,'esp','Node',149,'name','1'),(4258,'eng','Node',149,'name','2'),(4259,'esp','Node',149,'description','<p>3<br></p>'),(4260,'eng','Node',149,'description','<p>\" \' 4 \' \"<br></p>'),(4261,'esp','Node',150,'name','1'),(4262,'eng','Node',150,'name','2'),(4263,'esp','Node',150,'description','<p>3<br></p>'),(4264,'eng','Node',150,'description','<p>\" \' 4 \' \"<br></p>'),(4265,'esp','Node',151,'name','1'),(4266,'eng','Node',151,'name','2'),(4267,'esp','Node',151,'description','<p>3<br></p>'),(4268,'eng','Node',151,'description','<p>\" \' 4 \' \"<br></p>'),(4269,'esp','Node',152,'name','1'),(4270,'eng','Node',152,'name','2'),(4271,'esp','Node',152,'description','<p>3<br></p>'),(4272,'eng','Node',152,'description','<p>\" \' 4 \' \"<br></p>'),(4273,'esp','Node',153,'name','1'),(4274,'eng','Node',153,'name','2'),(4275,'esp','Node',153,'description','<p>3<br></p>'),(4276,'eng','Node',153,'description','<p>\" \' 4 \' \"<br></p>'),(4277,'esp','Node',154,'name','1'),(4278,'eng','Node',154,'name','2'),(4279,'esp','Node',154,'description','<p>3<br></p>'),(4280,'eng','Node',154,'description','<p>\" \' 4 \' \"<br></p>'),(4281,'esp','Node',155,'name','1'),(4282,'eng','Node',155,'name','2'),(4283,'esp','Node',155,'description','<p>3<br></p>'),(4284,'eng','Node',155,'description','<p>\" \' 4 \' \"<br></p>'),(4285,'esp','Node',156,'name','1'),(4286,'eng','Node',156,'name','2'),(4287,'esp','Node',156,'description','<p>3<br></p>'),(4288,'eng','Node',156,'description','<p>\" \' 4 \' \"<br></p>'),(4289,'esp','Node',157,'name','1'),(4290,'eng','Node',157,'name','2'),(4291,'esp','Node',157,'description','<p>3<br></p>'),(4292,'eng','Node',157,'description','<p>\" \' 4 \' \"<br></p>'),(4293,'esp','Node',158,'name','1'),(4294,'eng','Node',158,'name','2'),(4295,'esp','Node',158,'description','<p>3<br></p>'),(4296,'eng','Node',158,'description','<p>\" \' 4 \' \"<br></p>'),(4297,'esp','Node',159,'name','1'),(4298,'eng','Node',159,'name','2'),(4299,'esp','Node',159,'description','<p>3<br></p>'),(4300,'eng','Node',159,'description','<p>\" \' 4 \' \"<br></p>'),(4301,'esp','Graphdata',94,'name','asdf'),(4302,'eng','Graphdata',94,'name','asdf'),(4303,'esp','Node',160,'name','123'),(4304,'eng','Node',160,'name','234'),(4305,'esp','Node',160,'description','<p>345<br></p>'),(4306,'eng','Node',160,'description','<p>456<br></p>'),(4307,'esp','Node',161,'name','123'),(4308,'eng','Node',161,'name','234'),(4309,'esp','Node',161,'description','<p>345<br></p>'),(4310,'eng','Node',161,'description','<p>456<br></p>'),(4311,'esp','Node',162,'name','123'),(4312,'eng','Node',162,'name','234'),(4313,'esp','Node',162,'description','<p>345<br></p>'),(4314,'eng','Node',162,'description','<p>456<br></p>'),(4315,'esp','Node',163,'name','123'),(4316,'eng','Node',163,'name','234'),(4317,'esp','Node',163,'description','<p>345<br></p>'),(4318,'eng','Node',163,'description','<p>456<br></p>'),(4319,'esp','Node',164,'name','123'),(4320,'eng','Node',164,'name','234'),(4321,'esp','Node',164,'description','<p>345<br></p>'),(4322,'eng','Node',164,'description','<p>456<br></p>'),(4323,'esp','Node',165,'name','123'),(4324,'eng','Node',165,'name','234'),(4325,'esp','Node',165,'description','<p>345<br></p>'),(4326,'eng','Node',165,'description','<p>456<br></p>'),(4327,'esp','Node',166,'name','123'),(4328,'eng','Node',166,'name','234'),(4329,'esp','Node',166,'description','<p>345<br></p>'),(4330,'eng','Node',166,'description','<p>456<br></p>'),(4331,'esp','Node',167,'name','123'),(4332,'eng','Node',167,'name','234'),(4333,'esp','Node',167,'description','<p>345<br></p>'),(4334,'eng','Node',167,'description','<p>456<br></p>'),(4335,'esp','Node',168,'name','1234'),(4336,'eng','Node',168,'name','1234'),(4337,'esp','Node',168,'description','<p>1234<br></p>'),(4338,'eng','Node',168,'description','<p>1234<br></p>'),(4339,'esp','Node',169,'name','1234'),(4340,'eng','Node',169,'name','1234'),(4341,'esp','Node',169,'description','<p>1234<br></p>'),(4342,'eng','Node',169,'description','<p>1234<br></p>'),(4343,'esp','Node',170,'name','1234'),(4344,'eng','Node',170,'name','1234'),(4345,'esp','Node',170,'description','<p>1234<br></p>'),(4346,'eng','Node',170,'description','<p>1234<br></p>'),(4347,'esp','Node',171,'name','1234'),(4348,'eng','Node',171,'name','1234'),(4349,'esp','Node',171,'description','<p>1234<br></p>'),(4350,'eng','Node',171,'description','<p>1234<br></p>'),(4351,'esp','Node',172,'name','1234'),(4352,'eng','Node',172,'name','1234'),(4353,'esp','Node',172,'description','<p>1234<br></p>'),(4354,'eng','Node',172,'description','<p>1234<br></p>'),(4355,'esp','Node',173,'name','1234'),(4356,'eng','Node',173,'name','1234'),(4357,'esp','Node',173,'description','<p>1234<br></p>'),(4358,'eng','Node',173,'description','<p>1234<br></p>'),(4359,'esp','Node',174,'name','1234'),(4360,'eng','Node',174,'name','1234'),(4361,'esp','Node',174,'description','<p>1234<br></p>'),(4362,'eng','Node',174,'description','<p>1234<br></p>'),(4363,'esp','Node',175,'name','1234'),(4364,'eng','Node',175,'name','1234'),(4365,'esp','Node',175,'description','<p>1234<br></p>'),(4366,'eng','Node',175,'description','<p>1234<br></p>'),(4367,'esp','Node',176,'name','1234'),(4368,'eng','Node',176,'name','1234'),(4369,'esp','Node',176,'description','<p>1234<br></p>'),(4370,'eng','Node',176,'description','<p>1234<br></p>'),(4371,'esp','Node',177,'name','1234'),(4372,'eng','Node',177,'name','1234'),(4373,'esp','Node',177,'description','<p>1234<br></p>'),(4374,'eng','Node',177,'description','<p>1234<br></p>'),(4375,'esp','Node',178,'name','1234'),(4376,'eng','Node',178,'name','1234'),(4377,'esp','Node',178,'description','<p>1234<br></p>'),(4378,'eng','Node',178,'description','<p>1234<br></p>'),(4379,'esp','Node',179,'name','1234'),(4380,'eng','Node',179,'name','1234'),(4381,'esp','Node',179,'description','<p>1234<br></p>'),(4382,'eng','Node',179,'description','<p>1234<br></p>'),(4383,'esp','Node',180,'name','1234'),(4384,'eng','Node',180,'name','1234'),(4385,'esp','Node',180,'description','<p>1234<br></p>'),(4386,'eng','Node',180,'description','<p>1234<br></p>'),(4387,'esp','Node',181,'name','1234'),(4388,'eng','Node',181,'name','1234'),(4389,'esp','Node',181,'description','<p>1234<br></p>'),(4390,'eng','Node',181,'description','<p>1234<br></p>'),(4391,'esp','Node',182,'name','1234'),(4392,'eng','Node',182,'name','1234'),(4393,'esp','Node',182,'description','<p>1234<br></p>'),(4394,'eng','Node',182,'description','<p>1234<br></p>'),(4395,'esp','Node',183,'name','1234'),(4396,'eng','Node',183,'name','123'),(4397,'esp','Node',183,'description','<p>123<br></p>'),(4398,'eng','Node',183,'description','<p>123<br></p>'),(4399,'esp','Node',184,'name','1234'),(4400,'eng','Node',184,'name','123'),(4401,'esp','Node',184,'description','<p>123<br></p>'),(4402,'eng','Node',184,'description','<p>123<br></p>'),(4403,'esp','Node',185,'name','Una misiÃ³n con el asistente'),(4404,'eng','Node',185,'name','A mission with the wizard'),(4405,'esp','Node',185,'description','<p><span style=\"font-weight: bold;\">123</span><br></p>'),(4406,'eng','Node',185,'description','<p><span style=\"font-weight: bold;\">234</span><br></p>'),(4407,'esp','Node',186,'name','12342'),(4408,'eng','Node',186,'name','3'),(4409,'esp','Node',186,'description','<p>4<br></p>'),(4410,'eng','Node',186,'description','<p>5<br></p>'),(4411,'esp','Node',187,'name','misiÃ³n agregada a mano'),(4412,'eng','Node',187,'name','asdf'),(4413,'esp','Node',187,'description','<p>asdf<br></p>'),(4414,'eng','Node',187,'description','<p>asdf<br></p>'),(4415,'esp','Node',188,'name','1111111111111111'),(4416,'eng','Node',188,'name','2222222222222'),(4417,'esp','Node',188,'description','<p>33333333333333333<br></p>'),(4418,'eng','Node',188,'description','<p>44444444444444444<br></p>'),(4419,'esp','Node',189,'name','1111111111111111'),(4420,'eng','Node',189,'name','2222222222222'),(4421,'esp','Node',189,'description','<p>33333333333333333<br></p>'),(4422,'eng','Node',189,'description','<p>44444444444444444<br></p>'),(4423,'esp','Node',190,'name','aaaaaaaaaaaaaa'),(4424,'eng','Node',190,'name','bbbbbbbbbbbbb'),(4425,'esp','Node',190,'description','<p>cccccccccccccccccccc<br></p>'),(4426,'eng','Node',190,'description','<p>ddddddddddddddddddd<br></p>'),(4427,'esp','Node',191,'name','aaaaaaaaaaaa'),(4428,'eng','Node',191,'name','sssssssssssss'),(4429,'esp','Node',191,'description','<p>dddddddddddddddd<br></p>'),(4430,'eng','Node',191,'description','<p>fffffffffffffffffffff<br></p>'),(4431,'esp','Node',192,'name','<!-- -->'),(4432,'eng','Node',192,'name','<!-- -->'),(4433,'esp','Node',192,'description',NULL),(4434,'eng','Node',192,'description',NULL),(4435,'esp','Node',193,'name','<!-- -->'),(4436,'eng','Node',193,'name','<!-- -->'),(4437,'esp','Node',193,'description',NULL),(4438,'eng','Node',193,'description',NULL),(4439,'esp','Node',194,'name','Perspectiva 1'),(4440,'eng','Node',194,'name','Perspectiva one'),(4441,'esp','Node',194,'description',''),(4442,'eng','Node',194,'description',''),(4443,'esp','Node',195,'name','88888888888'),(4444,'eng','Node',195,'name','888888888888888'),(4445,'esp','Node',195,'description','<p>88888888888888888888888<br></p>'),(4446,'eng','Node',195,'description','<p>888888888888888<br></p>'),(4447,'esp','Node',196,'name','88888888888'),(4448,'eng','Node',196,'name','888888888888888'),(4449,'esp','Node',196,'description','<p>88888888888888888888888<br></p>'),(4450,'eng','Node',196,'description','<p>888888888888888<br></p>'),(4451,'esp','Node',197,'name','asdfasdf'),(4452,'eng','Node',197,'name','qwerqwerqwer'),(4453,'esp','Node',197,'description','<p>asdfasdfasdfasdf<br></p>'),(4454,'eng','Node',197,'description','<p>qwerqwerqwerqwer<br></p>'),(4455,'esp','Action',80,'name','Iniciar Asistente de GestiÃ³n EstratÃ©gica'),(4456,'eng','Action',80,'name','Start Strategic Management Wizard'),(4457,'esp','Category',36,'name','Aistente de GestiÃ³n EstratÃ©gica'),(4458,'eng','Category',36,'name','Strategic Management Wizard'),(4459,'esp','Node',198,'name','cccccccccccccc'),(4460,'eng','Node',198,'name','ccccccccccccccccccc'),(4461,'esp','Node',198,'description','<p>cccccccccccccccccccccc<br></p>'),(4462,'eng','Node',198,'description','<p>cccccccccccccccccccc<br></p>'),(4463,'esp','Node',199,'name','22222222222'),(4464,'eng','Node',199,'name','22222222222222222'),(4465,'esp','Node',199,'description','<p>222222222222222222222222<br></p>'),(4466,'eng','Node',199,'description','<p>2222222222222222<br></p>'),(4467,'esp','Node',200,'name','9999999999999999'),(4468,'eng','Node',200,'name','999999999999999999999'),(4469,'esp','Node',200,'description','<p><br></p>'),(4470,'eng','Node',200,'description','<p><br></p>'),(4471,'esp','Node',201,'name','Estrategia de demostraciÃ³n'),(4472,'eng','Node',201,'name','Demostrategy'),(4473,'esp','Node',201,'description','<p>texto............<br></p>'),(4474,'eng','Node',201,'description','<p><br></p>'),(4475,'esp','Indicator',8,'name','asdf'),(4476,'eng','Indicator',8,'name','asdf'),(4477,'esp','Indicator',8,'metric','asdf'),(4478,'eng','Indicator',8,'metric','asdf'),(4479,'esp','Indicator',8,'description','<p>asdf<br></p>'),(4480,'eng','Indicator',8,'description','<p>asdf<br></p>'),(4481,'esp','Category',37,'name','Balance ScoreCard'),(4482,'eng','Category',37,'name','Balance ScoreCard'),(4483,'esp','Action',81,'name','Balance ScoreCard'),(4484,'eng','Action',81,'name','Balance ScoreCard'),(4485,'esp','Graphdata',95,'name','Titulo 1'),(4486,'eng','Graphdata',95,'name','Title 1'),(4487,'esp','Node',202,'name','Nulla at pharetra velit.'),(4488,'eng','Node',202,'name','ENGNulla at pharetra velit.'),(4489,'esp','Node',202,'description','Nulla at pharetra velit. Nullam eu dapibus risus, in imperdiet lorem. Aliquam consequat non sem vitae mollis. Pellentesque lacinia, nisi at vehicula consequat, mi sapien.'),(4490,'eng','Node',202,'description','ENGNulla at pharetra velit. Nullam eu dapibus risus, in imperdiet lorem. Aliquam consequat non sem vitae mollis. Pellentesque lacinia, nisi at vehicula consequat, mi sapien.'),(4491,'esp','Node',203,'name','Nulla at pharetra velit.'),(4492,'eng','Node',203,'name','ENGNulla at pharetra velit.'),(4493,'esp','Node',203,'description','Nulla at pharetra velit. Nullam eu dapibus risus, in imperdiet lorem. Aliquam consequat non sem vitae mollis. Pellentesque lacinia, nisi at vehicula consequat, mi sapien.'),(4494,'eng','Node',203,'description','ENGNulla at pharetra velit. Nullam eu dapibus risus, in imperdiet lorem. Aliquam consequat non sem vitae mollis. Pellentesque lacinia, nisi at vehicula consequat, mi sapien.'),(4495,'esp','Node',204,'name','Nulla at pharetra velit.'),(4496,'eng','Node',204,'name','ENGNulla at pharetra velit.'),(4497,'esp','Node',204,'description','Nulla at pharetra velit. Nullam eu dapibus risus, in imperdiet lorem. Aliquam consequat non sem vitae mollis. Pellentesque lacinia, nisi at vehicula consequat, mi sapien.'),(4498,'eng','Node',204,'description','ENGNulla at pharetra velit. Nullam eu dapibus risus, in imperdiet lorem. Aliquam consequat non sem vitae mollis. Pellentesque lacinia, nisi at vehicula consequat, mi sapien.'),(4499,'esp','Node',205,'name','Nulla at pharetra velit.'),(4500,'eng','Node',205,'name','ENGNulla at pharetra velit.'),(4501,'esp','Node',205,'description','Nulla at pharetra velit. Nullam eu dapibus risus, in imperdiet lorem. Aliquam consequat non sem vitae mollis. Pellentesque lacinia, nisi at vehicula consequat, mi sapien.'),(4502,'eng','Node',205,'description','ENGNulla at pharetra velit. Nullam eu dapibus risus, in imperdiet lorem. Aliquam consequat non sem vitae mollis. Pellentesque lacinia, nisi at vehicula consequat, mi sapien.'),(4503,'esp','Node',206,'name','Perspectiva 1'),(4504,'eng','Node',206,'name','Perspective one'),(4505,'esp','Node',206,'description','<p>sad fasdf asdf asdf asdf <br></p>'),(4506,'eng','Node',206,'description','<p>asdf asdf asdf asdf asdf<br></p>'),(4507,'esp','Galleryimage',68,'name','espaÃ±ol'),(4508,'eng','Galleryimage',68,'name',''),(4509,'esp','Galleryimage',69,'name','espaÃ±ol'),(4510,'eng','Galleryimage',69,'name','english'),(4511,'esp','Galleryimage',70,'name','asdf'),(4512,'eng','Galleryimage',70,'name',''),(4513,'esp','Galleryimage',71,'name','asdf'),(4514,'eng','Galleryimage',71,'name','qwer'),(4515,'esp','Galleryimage',72,'name','erty'),(4516,'eng','Galleryimage',72,'name',''),(4517,'esp','Galleryimage',73,'name','erty'),(4518,'eng','Galleryimage',73,'name','sdfg'),(4519,'esp','Galleryimage',74,'name','wert'),(4520,'eng','Galleryimage',74,'name',''),(4521,'esp','Galleryimage',75,'name','wert'),(4522,'eng','Galleryimage',75,'name','sdfg'),(4523,'esp','Node',207,'name','Sugerencia de asdf (asdf@asdf.com)'),(4524,'eng','Node',207,'name','Suggestion from asdf (asdf@asdf.com)'),(4525,'esp','Node',207,'description','En un lugar de la Mancha, de cuyo nombre no quiero acordarme, no ha mucho tiempo que vivÃ­a un hidalgo de los de lanza en astillero, adarga antigua, rocÃ­n flaco y galgo corredor. <br>\n<br>\n<br>\n<hr>Tomado del buzÃ³n de sugerencias: <a href=\"/admin/entities/mailbox/132\">BuzÃ³n de Sugerencias 1</a>'),(4526,'eng','Node',207,'description','En un lugar de la Mancha, de cuyo nombre no quiero acordarme, no ha mucho tiempo que vivÃ­a un hidalgo de los de lanza en astillero, adarga antigua, rocÃ­n flaco y galgo corredor. <br />\n<br />\nUna olla de algo mÃ¡s vaca que carnero, salpicÃ³n las mÃ¡s noches, duelos y quebrantos los sÃ¡bados, lantejas los viernes, algÃºn palomino de aÃ±adidura los domingos, consumÃ­an las tres partes de su hacienda. <br />\n<br />\n<hr>Taken from the suggestion mailbox: <a href=\"/admin/entities/mailbox/132\">Mailbox 1</a>'),(4527,'esp','Graphdata',96,'name','Titulo 1'),(4528,'eng','Graphdata',96,'name','Title 1'),(4529,'esp','Graphdata',97,'name','Titulo 1'),(4530,'eng','Graphdata',97,'name','Title 1'),(4531,'esp','Node',208,'name','Nulla at pharetra velit.'),(4532,'eng','Node',208,'name','ENGNulla at pharetra velit.'),(4533,'esp','Node',208,'description','Nulla at pharetra velit. Nullam eu dapibus risus, in imperdiet lorem. Aliquam consequat non sem vitae mollis. Pellentesque lacinia, nisi at vehicula consequat, mi sapien.'),(4534,'eng','Node',208,'description','ENGNulla at pharetra velit. Nullam eu dapibus risus, in imperdiet lorem. Aliquam consequat non sem vitae mollis. Pellentesque lacinia, nisi at vehicula consequat, mi sapien.'),(4535,'esp','Node',209,'name','Nulla at pharetra velit.'),(4536,'eng','Node',209,'name','ENGNulla at pharetra velit.'),(4537,'esp','Node',209,'description','Nulla at pharetra velit. Nullam eu dapibus risus, in imperdiet lorem. Aliquam consequat non sem vitae mollis. Pellentesque lacinia, nisi at vehicula consequat, mi sapien.'),(4538,'eng','Node',209,'description','ENGNulla at pharetra velit. Nullam eu dapibus risus, in imperdiet lorem. Aliquam consequat non sem vitae mollis. Pellentesque lacinia, nisi at vehicula consequat, mi sapien.'),(4539,'esp','Node',210,'name','Nombre de la perspectiva'),(4540,'eng','Node',210,'name','Perspective name'),(4541,'esp','Node',210,'description','<p>Con estas razones perdÃ­a el pobre caballero el juicio, y desvelÃ¡base por\n entenderlas y desentraÃ±arles el sentido, que no se lo sacara ni las \nentendiera el mesmo AristÃ³teles, si resucitara para sÃ³lo ello. No estaba\n muy bien con las heridas que don BelianÃ­s daba y recebÃ­a, porque se \nimaginaba que, por grandes maestros que le hubiesen curado, no dejarÃ­a \nde tener el rostro y todo el cuerpo lleno de cicatrices y seÃ±ales. <br></p>'),(4542,'eng','Node',210,'description','<p>ENG Con estas razones perdÃ­a el pobre caballero el juicio, y desvelÃ¡base por\n entenderlas y desentraÃ±arles el sentido, que no se lo sacara ni las \nentendiera el mesmo AristÃ³teles, si resucitara para sÃ³lo ello. No estaba\n muy bien con las heridas que don BelianÃ­s daba y recebÃ­a, porque se \nimaginaba que, por grandes maestros que le hubiesen curado, no dejarÃ­a \nde tener el rostro y todo el cuerpo lleno de cicatrices y seÃ±ales. <br></p>'),(4543,'esp','Galleryimage',76,'name','adsafdfa'),(4544,'eng','Galleryimage',76,'name',''),(4545,'esp','Galleryimage',77,'name','adsafdfa'),(4546,'eng','Galleryimage',77,'name','asdfasdf afd'),(4547,'esp','Node',211,'name','Sugerencia de asdf (asdf@asdf.com)'),(4548,'eng','Node',211,'name','Suggestion from asdf (asdf@asdf.com)'),(4549,'esp','Node',211,'description','En un lugar de la Mancha, de cuyo nombre no quiero acordarme, no ha mucho tiempo que vivÃ­a un hidalgo de los de lanza en astillero, adarga antigua, rocÃ­n flaco y galgo corredor. <br />\n<br />\nUna olla de algo mÃ¡s vaca que carnero, salpicÃ³n las mÃ¡s noches, duelos y quebrantos los sÃ¡bados, lantejas los viernes, algÃºn palomino de aÃ±adidura los domingos, consumÃ­an las tres partes de su hacienda. <br />\n<br />\n<hr>Tomado del buzÃ³n de sugerencias: <a href=\"/admin/entities/mailbox/132\">BuzÃ³n de Sugerencias 1</a>'),(4550,'eng','Node',211,'description','En un lugar de la Mancha, de cuyo nombre no quiero acordarme, no ha mucho tiempo que vivÃ­a un hidalgo de los de lanza en astillero, adarga antigua, rocÃ­n flaco y galgo corredor. <br />\n<br />\nUna olla de algo mÃ¡s vaca que carnero, salpicÃ³n las mÃ¡s noches, duelos y quebrantos los sÃ¡bados, lantejas los viernes, algÃºn palomino de aÃ±adidura los domingos, consumÃ­an las tres partes de su hacienda. <br />\n<br />\n<hr>Taken from the suggestion mailbox: <a href=\"/admin/entities/mailbox/132\">Mailbox 1</a>'),(4551,'esp','Graphdata',98,'name','Titulo 1'),(4552,'eng','Graphdata',98,'name','Title 1'),(4553,'esp','Graphdata',99,'name','Titulo 1'),(4554,'eng','Graphdata',99,'name','Title 1'),(4555,'esp','Node',212,'name','Nulla at pharetra velit.'),(4556,'eng','Node',212,'name','ENGNulla at pharetra velit.'),(4557,'esp','Node',212,'description','Nulla at pharetra velit. Nullam eu dapibus risus, in imperdiet lorem. Aliquam consequat non sem vitae mollis. Pellentesque lacinia, nisi at vehicula consequat, mi sapien.'),(4558,'eng','Node',212,'description','ENGNulla at pharetra velit. Nullam eu dapibus risus, in imperdiet lorem. Aliquam consequat non sem vitae mollis. Pellentesque lacinia, nisi at vehicula consequat, mi sapien.'),(4559,'esp','Node',213,'name','Nulla at pharetra velit.'),(4560,'eng','Node',213,'name','ENGNulla at pharetra velit.'),(4561,'esp','Node',213,'description','Nulla at pharetra velit. Nullam eu dapibus risus, in imperdiet lorem. Aliquam consequat non sem vitae mollis. Pellentesque lacinia, nisi at vehicula consequat, mi sapien.'),(4562,'eng','Node',213,'description','ENGNulla at pharetra velit. Nullam eu dapibus risus, in imperdiet lorem. Aliquam consequat non sem vitae mollis. Pellentesque lacinia, nisi at vehicula consequat, mi sapien.'),(4563,'esp','Node',214,'name','Nombre de la perspectiva'),(4564,'eng','Node',214,'name','Perspective name'),(4565,'esp','Node',214,'description','<p>safasdfasdf asdf <br></p>'),(4566,'eng','Node',214,'description','<p>asdfasdfasdf<br></p>'),(4567,'esp','Galleryimage',78,'name','una playa'),(4568,'eng','Galleryimage',78,'name',''),(4569,'esp','Galleryimage',79,'name','una playa'),(4570,'eng','Galleryimage',79,'name','beach'),(4571,'esp','Node',215,'name','Sugerencia de asdf (asdf@asdf.com)'),(4572,'eng','Node',215,'name','Suggestion from asdf (asdf@asdf.com)'),(4573,'esp','Node',215,'description','En un lugar de la Mancha, de cuyo nombre no quiero acordarme, no ha mucho tiempo que vivÃ­a un hidalgo de los de lanza en astillero, adarga antigua, rocÃ­n flaco y galgo corredor. <br />\n<br />\nUna olla de algo mÃ¡s vaca que carnero, salpicÃ³n las mÃ¡s noches, duelos y quebrantos los sÃ¡bados, lantejas los viernes, algÃºn palomino de aÃ±adidura los domingos, consumÃ­an las tres partes de su hacienda. <br />\n<br />\n<hr>Tomado del buzÃ³n de sugerencias: <a href=\"/admin/entities/mailbox/132\">BuzÃ³n de Sugerencias 1</a>'),(4574,'eng','Node',215,'description','En un lugar de la Mancha, de cuyo nombre no quiero acordarme, no ha mucho tiempo que vivÃ­a un hidalgo de los de lanza en astillero, adarga antigua, rocÃ­n flaco y galgo corredor. <br />\n<br />\nUna olla de algo mÃ¡s vaca que carnero, salpicÃ³n las mÃ¡s noches, duelos y quebrantos los sÃ¡bados, lantejas los viernes, algÃºn palomino de aÃ±adidura los domingos, consumÃ­an las tres partes de su hacienda. <br />\n<br />\n<hr>Taken from the suggestion mailbox: <a href=\"/admin/entities/mailbox/132\">Mailbox 1</a>'),(4575,'esp','Graphdata',100,'name','Titulo 1'),(4576,'eng','Graphdata',100,'name','Title 1');
/*!40000 ALTER TABLE `i18n` ENABLE KEYS */;
UNLOCK TABLES;

--
-- Table structure for table `indicatornodes`
--

DROP TABLE IF EXISTS `indicatornodes`;
/*!40101 SET @saved_cs_client     = @@character_set_client */;
/*!40101 SET character_set_client = utf8 */;
CREATE TABLE `indicatornodes` (
  `indicator_id` int(11) NOT NULL,
  `node_id` int(11) NOT NULL,
  PRIMARY KEY (`indicator_id`,`node_id`)
) ENGINE=MyISAM DEFAULT CHARSET=utf8 COLLATE=utf8_unicode_ci;
/*!40101 SET character_set_client = @saved_cs_client */;

--
-- Dumping data for table `indicatornodes`
--

LOCK TABLES `indicatornodes` WRITE;
/*!40000 ALTER TABLE `indicatornodes` DISABLE KEYS */;
INSERT INTO `indicatornodes` VALUES (5,72),(5,85),(5,90),(5,129),(5,130),(5,135),(5,145),(5,148),(5,184),(5,185),(5,191),(5,194),(5,197),(5,198),(5,201),(5,206),(5,210),(5,214),(6,63),(6,100),(7,63),(8,200);
/*!40000 ALTER TABLE `indicatornodes` ENABLE KEYS */;
UNLOCK TABLES;

--
-- Table structure for table `indicators`
--

DROP TABLE IF EXISTS `indicators`;
/*!40101 SET @saved_cs_client     = @@character_set_client */;
/*!40101 SET character_set_client = utf8 */;
CREATE TABLE `indicators` (
  `id` int(11) NOT NULL AUTO_INCREMENT,
  `name` varchar(45) COLLATE utf8_unicode_ci DEFAULT NULL,
  `metric` varchar(100) COLLATE utf8_unicode_ci DEFAULT NULL,
  `description` text COLLATE utf8_unicode_ci,
  `company_id` int(11) DEFAULT NULL,
  `goal` decimal(10,2) DEFAULT NULL,
  `periodic_measure` int(11) DEFAULT NULL,
  `calculation_type` int(11) DEFAULT NULL,
  `indicator_type` int(11) DEFAULT NULL,
  `responsible` varchar(120) COLLATE utf8_unicode_ci DEFAULT NULL,
  `responsible_email` varchar(100) COLLATE utf8_unicode_ci DEFAULT NULL,
  `inidate` date DEFAULT NULL,
  `enddate` date DEFAULT NULL,
  `icon` varchar(50) COLLATE utf8_unicode_ci NOT NULL,
  `graph_id` int(11) NOT NULL,
  PRIMARY KEY (`id`)
) ENGINE=MyISAM AUTO_INCREMENT=9 DEFAULT CHARSET=utf8 COLLATE=utf8_unicode_ci;
/*!40101 SET character_set_client = @saved_cs_client */;

--
-- Dumping data for table `indicators`
--

LOCK TABLES `indicators` WRITE;
/*!40000 ALTER TABLE `indicators` DISABLE KEYS */;
INSERT INTO `indicators` VALUES (1,'El Indicador','Voltios','<p>3<br></p>',NULL,123.00,3,0,0,'Juan Perez','asdf@asdf.com','2015-10-02','2015-10-30','',0),(2,'1',NULL,'<p>3<br></p>',0,NULL,0,NULL,NULL,'Juan Perez','asdf@asdf.com','0000-00-00','0000-00-00','',0),(3,'1',NULL,'<p>3<br></p>',NULL,NULL,0,NULL,NULL,'Juan Perez','asdf@asdf.com','0000-00-00','0000-00-00','',0),(4,'1',NULL,'<p>3<br></p>',NULL,NULL,0,NULL,NULL,'Juan Perez','asdf@asdf.com','0000-00-00','0000-00-00','',0),(5,'Consumo EnergÃ©tico','Voltios/aÃ±o','<p>Este es el indicador de Consumo EnergÃ©tico medido en Voltios/aÃ±o<br></p>',16,15000.00,2,1,0,'Pedro Perez','pedrop@asdf.com','2014-10-01','2015-09-30','fa fa-certificate',7),(6,'Clima Organizacional','Factor H','',11,100.00,3,1,0,'','','2015-10-01','2016-09-30','',0),(7,'RotaciÃ³n de personal','NÃºmero de personas','',11,0.00,2,0,0,'','','2015-10-01','2016-09-30','',0),(8,'asdf','asdf','<p>asdf<br></p>',16,123.00,NULL,NULL,NULL,'','','2015-10-01','2016-09-30','fa fa-bus',0);
/*!40000 ALTER TABLE `indicators` ENABLE KEYS */;
UNLOCK TABLES;

--
-- Table structure for table `indicatorvalues`
--

DROP TABLE IF EXISTS `indicatorvalues`;
/*!40101 SET @saved_cs_client     = @@character_set_client */;
/*!40101 SET character_set_client = utf8 */;
CREATE TABLE `indicatorvalues` (
  `id` int(11) NOT NULL AUTO_INCREMENT,
  `value` decimal(10,2) DEFAULT NULL,
  `date` date DEFAULT NULL,
  `indicator_id` int(11) NOT NULL,
  PRIMARY KEY (`id`)
) ENGINE=MyISAM AUTO_INCREMENT=15 DEFAULT CHARSET=utf8 COLLATE=utf8_unicode_ci;
/*!40101 SET character_set_client = @saved_cs_client */;

--
-- Dumping data for table `indicatorvalues`
--

LOCK TABLES `indicatorvalues` WRITE;
/*!40000 ALTER TABLE `indicatorvalues` DISABLE KEYS */;
INSERT INTO `indicatorvalues` VALUES (1,1.00,'2015-10-01',6),(2,123.87,'2015-10-03',6),(3,123.45,'2015-10-02',6),(4,123.00,'2015-10-01',5),(5,123.00,'2015-10-22',5),(6,123.00,'2015-10-01',7),(7,123.00,'2015-08-06',7),(8,456.00,'2015-11-04',5),(9,560.00,'2015-11-04',5),(10,958.00,'2015-11-06',5),(11,1000.00,'2015-11-01',5),(12,15000.00,'2015-11-23',5),(13,12000.00,'2015-11-06',5),(14,10000.00,'2015-11-24',5);
/*!40000 ALTER TABLE `indicatorvalues` ENABLE KEYS */;
UNLOCK TABLES;

--
-- Table structure for table `interestgroupcalls`
--

DROP TABLE IF EXISTS `interestgroupcalls`;
/*!40101 SET @saved_cs_client     = @@character_set_client */;
/*!40101 SET character_set_client = utf8 */;
CREATE TABLE `interestgroupcalls` (
  `datetime` timestamp NOT NULL DEFAULT CURRENT_TIMESTAMP ON UPDATE CURRENT_TIMESTAMP,
  `interestgroup_id` int(11) NOT NULL,
  `call_id` int(11) NOT NULL,
  `sent` int(11) NOT NULL,
  `datetime_sent` int(11) NOT NULL,
  KEY `interestgroup_id` (`interestgroup_id`),
  KEY `call_id` (`call_id`)
) ENGINE=MyISAM DEFAULT CHARSET=utf8 COLLATE=utf8_unicode_ci;
/*!40101 SET character_set_client = @saved_cs_client */;

--
-- Dumping data for table `interestgroupcalls`
--

LOCK TABLES `interestgroupcalls` WRITE;
/*!40000 ALTER TABLE `interestgroupcalls` DISABLE KEYS */;
INSERT INTO `interestgroupcalls` VALUES ('2015-11-03 01:20:47',106,108,0,0),('2015-11-03 01:27:18',106,109,0,0),('2015-11-07 14:56:37',101,109,0,0),('2015-11-24 04:05:56',106,107,0,0);
/*!40000 ALTER TABLE `interestgroupcalls` ENABLE KEYS */;
UNLOCK TABLES;

--
-- Table structure for table `interestgroupintegrants`
--

DROP TABLE IF EXISTS `interestgroupintegrants`;
/*!40101 SET @saved_cs_client     = @@character_set_client */;
/*!40101 SET character_set_client = utf8 */;
CREATE TABLE `interestgroupintegrants` (
  `id` int(11) NOT NULL AUTO_INCREMENT,
  `interestgroup_id` int(11) NOT NULL,
  `user_id` int(11) NOT NULL,
  `welcome_email` int(11) DEFAULT NULL,
  PRIMARY KEY (`id`)
) ENGINE=MyISAM DEFAULT CHARSET=utf8 COLLATE=utf8_unicode_ci;
/*!40101 SET character_set_client = @saved_cs_client */;

--
-- Dumping data for table `interestgroupintegrants`
--

LOCK TABLES `interestgroupintegrants` WRITE;
/*!40000 ALTER TABLE `interestgroupintegrants` DISABLE KEYS */;
/*!40000 ALTER TABLE `interestgroupintegrants` ENABLE KEYS */;
UNLOCK TABLES;

--
-- Table structure for table `interestgroupnodes`
--

DROP TABLE IF EXISTS `interestgroupnodes`;
/*!40101 SET @saved_cs_client     = @@character_set_client */;
/*!40101 SET character_set_client = utf8 */;
CREATE TABLE `interestgroupnodes` (
  `interestgroup_id` int(11) NOT NULL,
  `node_id` int(11) NOT NULL,
  PRIMARY KEY (`interestgroup_id`,`node_id`)
) ENGINE=MyISAM DEFAULT CHARSET=utf8 COLLATE=utf8_unicode_ci;
/*!40101 SET character_set_client = @saved_cs_client */;

--
-- Dumping data for table `interestgroupnodes`
--

LOCK TABLES `interestgroupnodes` WRITE;
/*!40000 ALTER TABLE `interestgroupnodes` DISABLE KEYS */;
/*!40000 ALTER TABLE `interestgroupnodes` ENABLE KEYS */;
UNLOCK TABLES;

--
-- Table structure for table `mailboxsuggestions`
--

DROP TABLE IF EXISTS `mailboxsuggestions`;
/*!40101 SET @saved_cs_client     = @@character_set_client */;
/*!40101 SET character_set_client = utf8 */;
CREATE TABLE `mailboxsuggestions` (
  `id` int(11) NOT NULL AUTO_INCREMENT,
  `node_id` int(11) NOT NULL,
  `datetime` timestamp NOT NULL DEFAULT CURRENT_TIMESTAMP ON UPDATE CURRENT_TIMESTAMP,
  `comment` text COLLATE utf8_unicode_ci NOT NULL,
  `email` varchar(120) COLLATE utf8_unicode_ci NOT NULL,
  `name` varchar(50) COLLATE utf8_unicode_ci NOT NULL,
  `idcard` varchar(20) COLLATE utf8_unicode_ci DEFAULT NULL,
  `active` int(11) NOT NULL DEFAULT '1',
  PRIMARY KEY (`id`)
) ENGINE=MyISAM AUTO_INCREMENT=15 DEFAULT CHARSET=utf8 COLLATE=utf8_unicode_ci;
/*!40101 SET character_set_client = @saved_cs_client */;

--
-- Dumping data for table `mailboxsuggestions`
--

LOCK TABLES `mailboxsuggestions` WRITE;
/*!40000 ALTER TABLE `mailboxsuggestions` DISABLE KEYS */;
INSERT INTO `mailboxsuggestions` VALUES (12,132,'2015-11-07 22:20:26','En un lugar de la Mancha, de cuyo nombre no quiero acordarme, no ha mucho tiempo que vivÃ­a un hidalgo de los de lanza en astillero, adarga antigua, rocÃ­n flaco y galgo corredor. <br />\r\n<br />\r\nUna olla de algo mÃ¡s vaca que carnero, salpicÃ³n las mÃ¡s noches, duelos y quebrantos los sÃ¡bados, lantejas los viernes, algÃºn palomino de aÃ±adidura los domingos, consumÃ­an las tres partes de su hacienda. <br />\r\n<br />\r\n','asdf@asdf.com','asdf','asdf',1),(13,132,'2015-11-11 01:16:57','Excelente pÃ¡gina!!!!','lisandrom@gmail.com','Lisandro','1111111',1),(14,132,'2015-11-24 04:12:56','asdf asdf asdf asdf','jperez@adsf.com','julio perez','123123',1);
/*!40000 ALTER TABLE `mailboxsuggestions` ENABLE KEYS */;
UNLOCK TABLES;

--
-- Table structure for table `masters`
--

DROP TABLE IF EXISTS `masters`;
/*!40101 SET @saved_cs_client     = @@character_set_client */;
/*!40101 SET character_set_client = utf8 */;
CREATE TABLE `masters` (
  `id` int(11) NOT NULL AUTO_INCREMENT,
  `name` varchar(255) NOT NULL,
  `created` datetime NOT NULL,
  `modified` datetime NOT NULL,
  PRIMARY KEY (`id`)
) ENGINE=InnoDB DEFAULT CHARSET=latin1;
/*!40101 SET character_set_client = @saved_cs_client */;

--
-- Dumping data for table `masters`
--

LOCK TABLES `masters` WRITE;
/*!40000 ALTER TABLE `masters` DISABLE KEYS */;
/*!40000 ALTER TABLE `masters` ENABLE KEYS */;
UNLOCK TABLES;

--
-- Table structure for table `modules`
--

DROP TABLE IF EXISTS `modules`;
/*!40101 SET @saved_cs_client     = @@character_set_client */;
/*!40101 SET character_set_client = utf8 */;
CREATE TABLE `modules` (
  `id` int(11) NOT NULL AUTO_INCREMENT,
  `name` varchar(255) NOT NULL,
  `icon` varchar(255) NOT NULL,
  `order` int(2) NOT NULL,
  `created` datetime NOT NULL,
  `modified` datetime NOT NULL,
  PRIMARY KEY (`id`)
) ENGINE=InnoDB AUTO_INCREMENT=23 DEFAULT CHARSET=latin1;
/*!40101 SET character_set_client = @saved_cs_client */;

--
-- Dumping data for table `modules`
--

LOCK TABLES `modules` WRITE;
/*!40000 ALTER TABLE `modules` DISABLE KEYS */;
INSERT INTO `modules` VALUES (11,'Sistema Base','icon-check',1,'2015-10-14 15:47:35','2015-10-15 18:43:52'),(13,'Empresas','icon-leaf',4,'2015-10-14 15:47:59','2015-10-17 10:52:01'),(15,'Instrumentos','icon-eye-open',7,'2015-10-16 11:08:08','2015-10-16 11:11:47'),(16,'G. EstratÃ©gica','icon-leaf',1,'2015-10-19 10:23:49','2015-10-28 00:46:15'),(17,'P. TÃ¡ctica','icon-screenshot',2,'2015-10-19 10:24:57','2015-10-28 00:46:33'),(18,'G. Operativa','icon-dashboard',3,'2015-10-19 10:25:31','2015-10-28 00:46:47'),(19,'Memoria y Cuenta','icon-book',4,'2015-10-19 10:26:49','2015-10-19 10:41:30'),(20,'Instrumentos','icon-eye-open',5,'2015-10-19 10:41:57','2015-10-19 10:43:16'),(21,'CSS','icon-asterisk',0,'2015-10-28 15:35:45','2015-10-28 17:42:56'),(22,'Bienvenid@','icon-leaf',1,'2015-10-31 18:20:17','2015-10-31 18:20:49');
/*!40000 ALTER TABLE `modules` ENABLE KEYS */;
UNLOCK TABLES;

--
-- Table structure for table `nodecompanies`
--

DROP TABLE IF EXISTS `nodecompanies`;
/*!40101 SET @saved_cs_client     = @@character_set_client */;
/*!40101 SET character_set_client = utf8 */;
CREATE TABLE `nodecompanies` (
  `node_id` int(11) NOT NULL,
  `company_id` int(11) NOT NULL,
  PRIMARY KEY (`node_id`,`company_id`),
  KEY `fk_Nodo_has_Empresa_Empresa1_idx` (`company_id`),
  KEY `fk_Nodo_has_Empresa_Nodo1_idx` (`node_id`)
) ENGINE=MyISAM DEFAULT CHARSET=utf8 COLLATE=utf8_unicode_ci;
/*!40101 SET character_set_client = @saved_cs_client */;

--
-- Dumping data for table `nodecompanies`
--

LOCK TABLES `nodecompanies` WRITE;
/*!40000 ALTER TABLE `nodecompanies` DISABLE KEYS */;
INSERT INTO `nodecompanies` VALUES (21,11),(22,11),(23,11),(24,11),(25,11),(26,11),(27,11),(28,11),(29,11),(30,11),(31,11),(32,11),(33,11),(34,11),(35,11),(36,11),(37,11),(38,11),(39,11),(40,11),(41,11),(42,11),(43,11),(44,11),(45,11),(46,11),(47,11),(48,11),(49,11),(50,11),(51,11),(60,11),(61,11),(62,11),(63,11),(64,11),(65,11),(66,11),(67,11),(68,11),(69,16),(70,16),(71,16),(72,16),(73,16),(74,16),(75,16),(76,16),(77,16),(78,16),(79,16),(80,16),(81,16),(82,16),(83,16),(84,16),(85,16),(86,16),(87,16),(88,16),(89,16),(90,16),(91,16),(92,16),(93,11),(95,16),(96,16),(100,11),(101,16),(102,16),(103,16),(104,16),(105,16),(106,16),(107,16),(108,16),(109,16),(110,16),(111,16),(112,16),(113,16),(114,16),(115,16),(116,16),(117,16),(118,16),(119,16),(120,16),(121,16),(122,16),(123,16),(124,16),(125,16),(126,16),(127,16),(128,16),(129,16),(130,16),(131,16),(132,16),(133,16),(135,16),(136,16),(137,16),(138,16),(139,16),(140,16),(141,16),(142,16),(143,16),(144,16),(145,16),(146,16),(147,16),(148,16),(187,16),(189,16),(190,16),(191,16),(192,16),(193,16),(194,16),(196,16),(197,16),(198,16),(199,16),(200,16),(201,16),(202,16),(203,16),(204,16),(205,16),(206,16),(207,16),(208,16),(209,16),(210,16),(211,16),(212,16),(213,16),(214,16),(215,16);
/*!40000 ALTER TABLE `nodecompanies` ENABLE KEYS */;
UNLOCK TABLES;

--
-- Table structure for table `nodenodes`
--

DROP TABLE IF EXISTS `nodenodes`;
/*!40101 SET @saved_cs_client     = @@character_set_client */;
/*!40101 SET character_set_client = utf8 */;
CREATE TABLE `nodenodes` (
  `node_id` int(11) NOT NULL,
  `node_id2` int(11) NOT NULL,
  PRIMARY KEY (`node_id`,`node_id2`),
  KEY `fk_Nodo_has_Nodo_Nodo2_idx` (`node_id2`),
  KEY `fk_Nodo_has_Nodo_Nodo1_idx` (`node_id`)
) ENGINE=MyISAM DEFAULT CHARSET=utf8 COLLATE=utf8_unicode_ci;
/*!40101 SET character_set_client = @saved_cs_client */;

--
-- Dumping data for table `nodenodes`
--

LOCK TABLES `nodenodes` WRITE;
/*!40000 ALTER TABLE `nodenodes` DISABLE KEYS */;
INSERT INTO `nodenodes` VALUES (47,47),(49,52),(49,58),(49,60),(52,52),(52,64),(59,49),(61,49),(62,61),(63,48),(63,67),(64,48),(64,63),(67,66),(71,85),(72,85),(83,107),(83,133),(87,69),(88,83),(88,87),(89,83),(89,88),(92,88),(93,93),(96,106),(106,85),(129,106),(130,85),(132,88),(145,85),(184,85),(184,87),(184,106),(184,129),(184,132),(184,136),(184,148),(185,70),(185,85),(185,106),(185,129),(185,132),(185,148),(191,85),(197,81),(197,129),(197,130),(201,85),(201,129),(201,147),(201,187),(206,72),(206,88),(206,101),(206,145),(210,72),(210,88),(210,109),(210,129),(214,85),(214,101);
/*!40000 ALTER TABLE `nodenodes` ENABLE KEYS */;
UNLOCK TABLES;

--
-- Table structure for table `nodepredecessors`
--

DROP TABLE IF EXISTS `nodepredecessors`;
/*!40101 SET @saved_cs_client     = @@character_set_client */;
/*!40101 SET character_set_client = utf8 */;
CREATE TABLE `nodepredecessors` (
  `node_id` int(11) NOT NULL,
  `node_id2` int(11) NOT NULL,
  PRIMARY KEY (`node_id`,`node_id2`),
  KEY `fk_Nodo_has_Nodo1_Nodo2_idx` (`node_id2`),
  KEY `fk_Nodo_has_Nodo1_Nodo1_idx` (`node_id`)
) ENGINE=MyISAM DEFAULT CHARSET=utf8 COLLATE=utf8_unicode_ci;
/*!40101 SET character_set_client = @saved_cs_client */;

--
-- Dumping data for table `nodepredecessors`
--

LOCK TABLES `nodepredecessors` WRITE;
/*!40000 ALTER TABLE `nodepredecessors` DISABLE KEYS */;
INSERT INTO `nodepredecessors` VALUES (83,88),(83,89),(83,90),(87,90),(90,88),(90,95);
/*!40000 ALTER TABLE `nodepredecessors` ENABLE KEYS */;
UNLOCK TABLES;

--
-- Table structure for table `nodepriorities`
--

DROP TABLE IF EXISTS `nodepriorities`;
/*!40101 SET @saved_cs_client     = @@character_set_client */;
/*!40101 SET character_set_client = utf8 */;
CREATE TABLE `nodepriorities` (
  `id` int(11) NOT NULL AUTO_INCREMENT,
  `name` varchar(45) COLLATE utf8_unicode_ci NOT NULL,
  PRIMARY KEY (`id`)
) ENGINE=MyISAM AUTO_INCREMENT=6 DEFAULT CHARSET=utf8 COLLATE=utf8_unicode_ci;
/*!40101 SET character_set_client = @saved_cs_client */;

--
-- Dumping data for table `nodepriorities`
--

LOCK TABLES `nodepriorities` WRITE;
/*!40000 ALTER TABLE `nodepriorities` DISABLE KEYS */;
INSERT INTO `nodepriorities` VALUES (1,'Muy baja'),(2,'Baja'),(3,'Media'),(4,'Alta'),(5,'Muy alta');
/*!40000 ALTER TABLE `nodepriorities` ENABLE KEYS */;
UNLOCK TABLES;

--
-- Table structure for table `nodes`
--

DROP TABLE IF EXISTS `nodes`;
/*!40101 SET @saved_cs_client     = @@character_set_client */;
/*!40101 SET character_set_client = utf8 */;
CREATE TABLE `nodes` (
  `id` int(11) NOT NULL AUTO_INCREMENT,
  `name` varchar(255) COLLATE utf8_unicode_ci NOT NULL,
  `description` text COLLATE utf8_unicode_ci,
  `nodetype_id` int(11) NOT NULL,
  `inidate` date DEFAULT NULL,
  `enddate` date DEFAULT NULL,
  `cost` decimal(10,2) DEFAULT NULL,
  `assignedto` varchar(45) COLLATE utf8_unicode_ci DEFAULT NULL,
  `assignedto_email` varchar(100) COLLATE utf8_unicode_ci DEFAULT NULL,
  `priority` int(11) DEFAULT NULL,
  `source_id` int(11) DEFAULT NULL,
  `source_reference_id` int(11) DEFAULT NULL,
  `corporation_id` int(11) DEFAULT NULL,
  `status` int(11) DEFAULT NULL,
  `origin` int(11) NOT NULL,
  `currency` varchar(25) COLLATE utf8_unicode_ci NOT NULL,
  `power` int(11) NOT NULL,
  `impact` int(11) NOT NULL,
  `active` int(11) NOT NULL,
  `icon` varchar(50) COLLATE utf8_unicode_ci NOT NULL,
  PRIMARY KEY (`id`),
  KEY `source_id` (`source_id`),
  KEY `corporation_id` (`corporation_id`),
  KEY `nodetype_id` (`nodetype_id`)
) ENGINE=MyISAM AUTO_INCREMENT=216 DEFAULT CHARSET=utf8 COLLATE=utf8_unicode_ci;
/*!40101 SET character_set_client = @saved_cs_client */;

--
-- Dumping data for table `nodes`
--

LOCK TABLES `nodes` WRITE;
/*!40000 ALTER TABLE `nodes` DISABLE KEYS */;
INSERT INTO `nodes` VALUES (50,'Nulla at pharetra velit.','Nulla at pharetra velit. Nullam eu dapibus risus, in imperdiet lorem. Aliquam consequat non sem vitae mollis. Pellentesque lacinia, nisi at vehicula consequat, mi sapien.',1,NULL,NULL,NULL,NULL,NULL,NULL,NULL,NULL,NULL,NULL,1,'',0,0,0,''),(49,'Lorem ipsum ','<p>Lorem ipsum dolor sit amet consectetur adipiscing elit.<br></p><p>Nulla at pharetra velit. Nullam eu dapibus risus, in imperdiet lorem. Aliquam consequat non sem vitae mollis. Pellentesque lacinia, nisi at vehicula consequat, mi sapien.</p>',1,'2015-10-01','2016-09-30',0.00,NULL,NULL,NULL,NULL,NULL,7,3,3,'',0,0,0,''),(48,'Nulla at pharetra velit.','Nulla at pharetra velit. Nullam eu dapibus risus, in imperdiet lorem. Aliquam consequat non sem vitae mollis. Pellentesque lacinia, nisi at vehicula consequat, mi sapien.',1,NULL,NULL,NULL,NULL,NULL,NULL,NULL,NULL,NULL,NULL,1,'',0,0,0,''),(83,'asdf','<p>asdf<br></p>',13,'2015-10-21','2015-10-13',123.00,NULL,NULL,NULL,NULL,NULL,7,2,0,'â‚¡',0,0,0,''),(84,'Nulla at pharetra velit.','Nulla at pharetra velit. Nullam eu dapibus risus, in imperdiet lorem. Aliquam consequat non sem vitae mollis. Pellentesque lacinia, nisi at vehicula consequat, mi sapien.',1,NULL,NULL,NULL,NULL,NULL,NULL,NULL,NULL,NULL,NULL,1,'',0,0,0,''),(1,'Muy baja',NULL,0,NULL,NULL,NULL,NULL,NULL,NULL,NULL,NULL,NULL,NULL,0,'',0,0,0,''),(52,'Sed ut perspiciatis unde omnis iste natus error sit voluptatem','<p>Sed ut perspiciatis unde omnis iste natus error sit voluptatem</p>',1,NULL,NULL,0.00,NULL,NULL,NULL,NULL,NULL,7,1,3,'',0,0,0,''),(53,'Nulla at pharetra velit.','Nulla at pharetra velit. Nullam eu dapibus risus, in imperdiet lorem. Aliquam consequat non sem vitae mollis. Pellentesque lacinia, nisi at vehicula consequat, mi sapien.',1,'2015-10-01','2016-09-30',0.00,NULL,NULL,NULL,NULL,NULL,7,2,3,'',0,0,0,''),(54,'Nulla at pharetra velit.','Nulla at pharetra velit. Nullam eu dapibus risus, in imperdiet lorem. Aliquam consequat non sem vitae mollis. Pellentesque lacinia, nisi at vehicula consequat, mi sapien.',1,'2015-10-01','2015-10-31',0.00,NULL,NULL,NULL,NULL,NULL,7,2,1,'',0,0,0,''),(55,'Nulla at pharetra velit.','Nulla at pharetra velit. Nullam eu dapibus risus, in imperdiet lorem. Aliquam consequat non sem vitae mollis. Pellentesque lacinia, nisi at vehicula consequat, mi sapien.',1,NULL,NULL,0.00,NULL,NULL,NULL,NULL,NULL,7,2,1,'',0,0,0,''),(56,'Nulla at pharetra velit.','Nulla at pharetra velit. Nullam eu dapibus risus, in imperdiet lorem. Aliquam consequat non sem vitae mollis. Pellentesque lacinia, nisi at vehicula consequat, mi sapien.',1,NULL,NULL,NULL,NULL,NULL,NULL,NULL,NULL,7,NULL,1,'',0,0,0,''),(57,'Nulla at pharetra velit.','Nulla at pharetra velit. Nullam eu dapibus risus, in imperdiet lorem. Aliquam consequat non sem vitae mollis. Pellentesque lacinia, nisi at vehicula consequat, mi sapien.',1,NULL,NULL,NULL,NULL,NULL,NULL,NULL,NULL,7,NULL,1,'',0,0,0,''),(64,'Estrategia 1','<p>Sed convallis, enim sit amet varius faucibus, tortor ipsum porta tortor,\r\n ac placerat tortor arcu ac velit. Integer porta quam sapien, sed ornare\r\n nunc mattis in. Sed porttitor nibh sed facilisis sodales.<br></p>',3,NULL,NULL,0.00,NULL,NULL,NULL,NULL,NULL,7,NULL,0,'',0,0,0,''),(60,'Estrategia','<p>1<br></p>',3,'2014-10-01','2015-09-30',0.00,'','',NULL,NULL,NULL,7,1,0,'',0,0,0,''),(63,'Vestibulum at posuere est','<p>Vestibulum at posuere est. Sed turpis eros, ornare eget ligula non, \r\nelementum lobortis velit. Curabitur varius placerat turpis eu finibus. \r\nIn luctus ornare velit at iaculis. Etiam consequat, neque ultricies \r\ndictum consectetur, arcu magna sagittis erat, in cursus dolor erat vel \r\narcu. Phasellus tincidunt varius maximus. Duis congue tristique sapien, \r\nid semper est aliquam sit amet. Sed nec auctor elit, sit amet porttitor \r\nleo. Integer luctus erat sed erat semper, sit amet pulvinar eros \r\nfringilla. Nam id mi et tortor cursus elementum. Sed varius vitae felis \r\nin vehicula. Nullam justo eros, sodales eu dolor ut, venenatis lobortis \r\nerat. Phasellus mi metus, tempor sit amet sem vitae, imperdiet bibendum \r\ndui. Proin purus elit, sodales ac quam quis, euismod pharetra sem.\r\n<br></p>',2,NULL,NULL,0.00,NULL,NULL,NULL,NULL,NULL,7,NULL,0,'',0,0,0,''),(66,'VisiÃ³n 1','<p>Etiam consequat, neque ultricies dictum consectetur, arcu magna sagittis\r\n erat, in cursus dolor erat vel arcu. Phasellus tincidunt varius \r\nmaximus. Duis congue tristique sapien, id semper est aliquam sit amet. \r\nSed nec auctor elit, sit amet porttitor leo. Integer luctus erat sed \r\nerat semper, sit amet pulvinar eros fringilla. Nam id mi et tortor \r\ncursus elementum. Sed varius vitae felis in vehicula. <br></p>',6,'2015-10-01','2016-09-30',0.00,NULL,NULL,NULL,NULL,NULL,7,NULL,0,'',0,0,0,''),(67,'Objetivo de prueba','<p>Cras elementum ex nec aliquam lobortis. In hac habitasse platea \r\ndictumst. Aenean sit amet mollis odio, sit amet tincidunt lorem. Vivamus\r\n euismod, sapien a fermentum eleifend, justo ligula dignissim sapien, a \r\nauctor diam purus in mauris. In at blandit nibh. <br></p>',7,NULL,NULL,0.00,NULL,NULL,NULL,NULL,NULL,7,2,0,'',0,0,0,''),(68,'asdf','<p>asdf<br></p>',8,'2012-10-01','2013-09-30',0.00,NULL,NULL,NULL,NULL,NULL,7,2,0,'',0,0,0,''),(69,'Nulla at pharetra velit.','Nulla at pharetra velit. Nullam eu dapibus risus, in imperdiet lorem. Aliquam consequat non sem vitae mollis. Pellentesque lacinia, nisi at vehicula consequat, mi sapien.',1,NULL,NULL,NULL,NULL,NULL,NULL,NULL,NULL,NULL,NULL,1,'',0,0,0,''),(70,'Nulla at pharetra velit.','Nulla at pharetra velit. Nullam eu dapibus risus, in imperdiet lorem. Aliquam consequat non sem vitae mollis. Pellentesque lacinia, nisi at vehicula consequat, mi sapien.',1,NULL,NULL,NULL,NULL,NULL,NULL,NULL,NULL,NULL,NULL,1,'',0,0,0,''),(71,'Nulla at pharetra velit.','Nulla at pharetra velit. Nullam eu dapibus risus, in imperdiet lorem. Aliquam consequat non sem vitae mollis. Pellentesque lacinia, nisi at vehicula consequat, mi sapien.',1,NULL,NULL,NULL,NULL,NULL,NULL,NULL,NULL,NULL,NULL,1,'',0,0,0,''),(72,'Nulla at pharetra velit.','Nulla at pharetra velit. Nullam eu dapibus risus, in imperdiet lorem. Aliquam consequat non sem vitae mollis. Pellentesque lacinia, nisi at vehicula consequat, mi sapien.',1,NULL,NULL,NULL,NULL,NULL,NULL,NULL,NULL,NULL,NULL,1,'',0,0,0,''),(73,'Nulla at pharetra velit.','Nulla at pharetra velit. Nullam eu dapibus risus, in imperdiet lorem. Aliquam consequat non sem vitae mollis. Pellentesque lacinia, nisi at vehicula consequat, mi sapien.',1,NULL,NULL,NULL,NULL,NULL,NULL,NULL,NULL,NULL,NULL,1,'',0,0,0,''),(74,'Nulla at pharetra velit.','Nulla at pharetra velit. Nullam eu dapibus risus, in imperdiet lorem. Aliquam consequat non sem vitae mollis. Pellentesque lacinia, nisi at vehicula consequat, mi sapien.',1,NULL,NULL,NULL,NULL,NULL,NULL,NULL,NULL,NULL,NULL,1,'',0,0,0,''),(75,'Nulla at pharetra velit.','Nulla at pharetra velit. Nullam eu dapibus risus, in imperdiet lorem. Aliquam consequat non sem vitae mollis. Pellentesque lacinia, nisi at vehicula consequat, mi sapien.',1,NULL,NULL,NULL,NULL,NULL,NULL,NULL,NULL,NULL,NULL,1,'',0,0,0,''),(76,'Nulla at pharetra velit.','Nulla at pharetra velit. Nullam eu dapibus risus, in imperdiet lorem. Aliquam consequat non sem vitae mollis. Pellentesque lacinia, nisi at vehicula consequat, mi sapien.',1,NULL,NULL,NULL,NULL,NULL,NULL,NULL,NULL,NULL,NULL,1,'',0,0,0,''),(77,'Nulla at pharetra velit.','Nulla at pharetra velit. Nullam eu dapibus risus, in imperdiet lorem. Aliquam consequat non sem vitae mollis. Pellentesque lacinia, nisi at vehicula consequat, mi sapien.',1,NULL,NULL,NULL,NULL,NULL,NULL,NULL,NULL,NULL,NULL,1,'',0,0,0,''),(78,'Nulla at pharetra velit.','Nulla at pharetra velit. Nullam eu dapibus risus, in imperdiet lorem. Aliquam consequat non sem vitae mollis. Pellentesque lacinia, nisi at vehicula consequat, mi sapien.',1,NULL,NULL,NULL,NULL,NULL,NULL,NULL,NULL,NULL,NULL,1,'',0,0,0,''),(79,'Nulla at pharetra velit.','Nulla at pharetra velit. Nullam eu dapibus risus, in imperdiet lorem. Aliquam consequat non sem vitae mollis. Pellentesque lacinia, nisi at vehicula consequat, mi sapien.',1,NULL,NULL,NULL,NULL,NULL,NULL,NULL,NULL,NULL,NULL,1,'',0,0,0,''),(80,'Nulla at pharetra velit.','Nulla at pharetra velit. Nullam eu dapibus risus, in imperdiet lorem. Aliquam consequat non sem vitae mollis. Pellentesque lacinia, nisi at vehicula consequat, mi sapien.',1,NULL,NULL,NULL,NULL,NULL,NULL,NULL,NULL,NULL,NULL,1,'',0,0,0,''),(81,'Nulla at pharetra velit.','Nulla at pharetra velit. Nullam eu dapibus risus, in imperdiet lorem. Aliquam consequat non sem vitae mollis. Pellentesque lacinia, nisi at vehicula consequat, mi sapien.',1,NULL,NULL,NULL,NULL,NULL,NULL,NULL,NULL,NULL,NULL,1,'',0,0,0,''),(82,'Nulla at pharetra velit.','Nulla at pharetra velit. Nullam eu dapibus risus, in imperdiet lorem. Aliquam consequat non sem vitae mollis. Pellentesque lacinia, nisi at vehicula consequat, mi sapien.',1,NULL,NULL,NULL,NULL,NULL,NULL,NULL,NULL,NULL,NULL,1,'',0,0,0,''),(85,'Compromiso','',4,NULL,NULL,0.00,NULL,NULL,NULL,NULL,NULL,7,3,0,'',0,0,0,''),(87,'Programa 1','<p>Estos son los datos del programa...<br></p>',10,'2015-10-19','2016-11-30',12345.00,'Rigoberto Andrade','ra@gmail.com',4,NULL,NULL,7,2,0,'$',0,0,0,''),(88,'Actividad 1','',11,NULL,NULL,123.00,NULL,NULL,NULL,NULL,NULL,7,NULL,0,'â‚¬',0,0,0,''),(89,'123','<p>123<br></p>',12,'2015-10-14','2015-10-20',123.00,NULL,NULL,NULL,NULL,NULL,7,2,0,'â‚¡',0,0,0,''),(90,'Proyecto 1','<p>1<br></p>',13,'2015-10-08','2015-10-28',123.00,NULL,NULL,NULL,NULL,NULL,7,NULL,0,'$',0,0,0,''),(91,'Curso 1','',14,NULL,NULL,0.00,'','',NULL,NULL,NULL,7,NULL,0,'',0,0,0,''),(93,'1','',10,NULL,NULL,0.00,NULL,NULL,NULL,NULL,NULL,7,NULL,0,'',0,0,0,''),(94,'1','',13,NULL,NULL,0.00,'Pedro GarcÃ­a','pedrog@gmail.com',0,NULL,NULL,7,NULL,0,'',0,0,0,''),(95,'123','',13,NULL,NULL,0.00,'','',1,NULL,NULL,7,NULL,0,'',0,0,0,''),(96,'Expec','<p>1<br></p>',9,'2015-10-01','2015-10-14',0.00,'','',NULL,NULL,NULL,7,3,0,'',0,0,0,''),(97,'Nulla at pharetra velit.','Nulla at pharetra velit. Nullam eu dapibus risus, in imperdiet lorem. Aliquam consequat non sem vitae mollis. Pellentesque lacinia, nisi at vehicula consequat, mi sapien.',1,NULL,NULL,NULL,NULL,NULL,NULL,NULL,NULL,7,NULL,1,'',0,0,0,''),(98,'Nulla at pharetra velit.','Nulla at pharetra velit. Nullam eu dapibus risus, in imperdiet lorem. Aliquam consequat non sem vitae mollis. Pellentesque lacinia, nisi at vehicula consequat, mi sapien.',1,NULL,NULL,NULL,NULL,NULL,NULL,NULL,NULL,7,NULL,1,'',0,0,0,''),(99,'Nulla at pharetra velit.','Nulla at pharetra velit. Nullam eu dapibus risus, in imperdiet lorem. Aliquam consequat non sem vitae mollis. Pellentesque lacinia, nisi at vehicula consequat, mi sapien.',1,NULL,NULL,NULL,NULL,NULL,NULL,NULL,NULL,7,NULL,1,'',0,0,0,''),(100,'1','<p>3<br></p>',4,NULL,NULL,0.00,'','',NULL,NULL,NULL,7,NULL,0,'',0,0,0,''),(101,'El Grupo de InterÃ©s','<p>lorem ipsum ad his scripta blandit partiendo<br></p>',16,'2015-10-21','2015-10-21',0.00,'','',4,NULL,NULL,7,2,0,'',15,45,0,''),(102,'1','',16,NULL,NULL,0.00,'','',NULL,NULL,NULL,7,NULL,0,'',3,0,0,''),(103,'1','<p>3<br></p>',16,'2015-10-05','2015-10-06',0.00,'','',NULL,NULL,NULL,7,3,0,'',8,9,0,''),(104,'1','<p>3<br></p>',16,NULL,NULL,0.00,'','',5,NULL,NULL,7,3,0,'',5,6,0,''),(105,'asdf','',16,NULL,NULL,0.00,'','',3,NULL,NULL,7,NULL,0,'',12,123,0,''),(106,'Nuevo Grupo de InterÃ©s','<p>En un lugar de la Mancha, de cuyo nombre no quiero acordarme, no ha \nmucho tiempo que vivÃ­a un hidalgo de los de lanza en astillero, adarga \nantigua, rocÃ­n flaco y galgo corredor. Una olla de algo mÃ¡s vaca que \ncarnero, salpicÃ³n las mÃ¡s noches, duelos y quebrantos los sÃ¡bados, \nlantejas los viernes, algÃºn palomino de aÃ±adidura los domingos, \nconsumÃ­an las tres partes de su hacienda. El resto della concluÃ­an sayo \nde velarte, calzas de velludo para las fiestas, con sus pantuflos de lo \nmesmo, y los dÃ­as de entresemana se honraba con su vellorÃ­ de lo mÃ¡s \nfino. TenÃ­a en su casa una ama que pasaba de los cuarenta, y una sobrina\n que no llegaba a los veinte, y un mozo de campo y plaza, que asÃ­ \nensillaba el rocÃ­n como tomaba la podadera. Frisaba la edad de nuestro \nhidalgo con los cincuenta aÃ±os; era de complexiÃ³n recia, seco de carnes,\n enjuto de rostro, gran madrugador y amigo de la caza. Quieren decir que\n tenÃ­a el sobrenombre de Quijada, o Quesada, que en esto hay alguna \ndiferencia en los autores que deste caso escriben; aunque, por \nconjeturas verosÃ­miles, se deja entender que se llamaba Quejana. Pero \nesto importa poco a nuestro cuento; basta que en la narraciÃ³n dÃ©l no se \nsalga un punto de la verdad. \n\n<br></p>',16,NULL,NULL,0.00,'','',1,NULL,NULL,7,NULL,0,'',12,56,0,''),(107,'Convocatoria 2','<p>EspaÃ±ol 2222<br></p>',17,NULL,NULL,0.00,'','',NULL,NULL,NULL,7,NULL,0,'',0,0,0,''),(108,'Convocatoria 4','<p>Esta es la convocatoria 444444444<br></p>',17,NULL,NULL,0.00,'','',NULL,NULL,NULL,7,NULL,0,'',0,0,0,''),(109,'Convocatoria de prueba','<h1>Esta es una convocatoria</h1><h2>Si, convocatoria</h2><p>Bla, bla, bla, bla, bla, bla, bla, bla, bla, bla, bla, bla, bla, bla, bla, bla, bla, bla, bla, bla, bla, bla, bla, bla, bla, bla, bla, bla, bla, bla, bla, bla, bla, bla, bla, bla, bla, bla, bla, bla, bla, bla, bla, bla, bla, bla, bla, bla, bla, bla, bla, bla, bla, bla, bla, bla, bla, bla, bla, bla, bla, bla, bla, bla, bla, bla, bla.</p><p>Bla, bla, bla, bla, bla, bla, bla, bla, bla, bla, bla, bla, bla, bla, bla, bla, bla, bla, bla, bla, bla, bla, bla, bla, bla, bla, bla, bla, bla, bla, bla, bla, bla, bla, bla, bla, bla, bla, bla, bla, bla, bla, bla, bla, bla, bla, bla, bla, bla, bla, bla, bla, bla, bla, bla, bla, bla, bla, bla, bla, bla, bla, bla, bla, bla, bla, bla.</p><p>Bla, bla, bla, bla, bla, bla, bla, bla, bla, bla, bla, bla, bla, bla, bla, bla, bla, bla, bla, bla, bla, bla, bla, bla, bla, bla, bla, bla, bla, bla, bla, bla, bla, bla, bla, bla, bla, bla, bla, bla, bla, bla, bla, bla, bla, bla, bla, bla, bla, bla, bla, bla, bla, bla, bla, bla, bla, bla, bla, bla, bla, bla, bla, bla, bla, bla, bla.</p><p><br></p><p><br></p><p><br></p>',17,NULL,NULL,0.00,'','',NULL,NULL,NULL,7,NULL,0,'',0,0,0,''),(110,'Nulla at pharetra velit.','Nulla at pharetra velit. Nullam eu dapibus risus, in imperdiet lorem. Aliquam consequat non sem vitae mollis. Pellentesque lacinia, nisi at vehicula consequat, mi sapien.',1,NULL,NULL,NULL,NULL,NULL,NULL,NULL,NULL,NULL,NULL,1,'',0,0,0,''),(111,'Nulla at pharetra velit.','Nulla at pharetra velit. Nullam eu dapibus risus, in imperdiet lorem. Aliquam consequat non sem vitae mollis. Pellentesque lacinia, nisi at vehicula consequat, mi sapien.',1,NULL,NULL,NULL,NULL,NULL,NULL,NULL,NULL,NULL,NULL,1,'',0,0,0,''),(112,'Nulla at pharetra velit.','Nulla at pharetra velit. Nullam eu dapibus risus, in imperdiet lorem. Aliquam consequat non sem vitae mollis. Pellentesque lacinia, nisi at vehicula consequat, mi sapien.',1,NULL,NULL,NULL,NULL,NULL,NULL,NULL,NULL,NULL,NULL,1,'',0,0,0,''),(113,'Nulla at pharetra velit.','Nulla at pharetra velit. Nullam eu dapibus risus, in imperdiet lorem. Aliquam consequat non sem vitae mollis. Pellentesque lacinia, nisi at vehicula consequat, mi sapien.',1,NULL,NULL,NULL,NULL,NULL,NULL,NULL,NULL,NULL,NULL,1,'',0,0,0,''),(114,'Nulla at pharetra velit.','Nulla at pharetra velit. Nullam eu dapibus risus, in imperdiet lorem. Aliquam consequat non sem vitae mollis. Pellentesque lacinia, nisi at vehicula consequat, mi sapien.',1,NULL,NULL,NULL,NULL,NULL,NULL,NULL,NULL,NULL,NULL,1,'',0,0,0,''),(115,'Nulla at pharetra velit.','Nulla at pharetra velit. Nullam eu dapibus risus, in imperdiet lorem. Aliquam consequat non sem vitae mollis. Pellentesque lacinia, nisi at vehicula consequat, mi sapien.',1,NULL,NULL,NULL,NULL,NULL,NULL,NULL,NULL,NULL,NULL,1,'',0,0,0,''),(116,'Nulla at pharetra velit.','Nulla at pharetra velit. Nullam eu dapibus risus, in imperdiet lorem. Aliquam consequat non sem vitae mollis. Pellentesque lacinia, nisi at vehicula consequat, mi sapien.',1,NULL,NULL,NULL,NULL,NULL,NULL,NULL,NULL,NULL,NULL,1,'',0,0,0,''),(117,'Nulla at pharetra velit.','Nulla at pharetra velit. Nullam eu dapibus risus, in imperdiet lorem. Aliquam consequat non sem vitae mollis. Pellentesque lacinia, nisi at vehicula consequat, mi sapien.',1,NULL,NULL,NULL,NULL,NULL,NULL,NULL,NULL,NULL,NULL,1,'',0,0,0,''),(118,'Nulla at pharetra velit.','Nulla at pharetra velit. Nullam eu dapibus risus, in imperdiet lorem. Aliquam consequat non sem vitae mollis. Pellentesque lacinia, nisi at vehicula consequat, mi sapien.',1,NULL,NULL,NULL,NULL,NULL,NULL,NULL,NULL,NULL,NULL,1,'',0,0,0,''),(119,'Nulla at pharetra velit.','Nulla at pharetra velit. Nullam eu dapibus risus, in imperdiet lorem. Aliquam consequat non sem vitae mollis. Pellentesque lacinia, nisi at vehicula consequat, mi sapien.',1,NULL,NULL,NULL,NULL,NULL,NULL,NULL,NULL,NULL,NULL,1,'',0,0,0,''),(120,'Nulla at pharetra velit.','Nulla at pharetra velit. Nullam eu dapibus risus, in imperdiet lorem. Aliquam consequat non sem vitae mollis. Pellentesque lacinia, nisi at vehicula consequat, mi sapien.',1,NULL,NULL,NULL,NULL,NULL,NULL,NULL,NULL,NULL,NULL,1,'',0,0,0,''),(121,'Nulla at pharetra velit.','Nulla at pharetra velit. Nullam eu dapibus risus, in imperdiet lorem. Aliquam consequat non sem vitae mollis. Pellentesque lacinia, nisi at vehicula consequat, mi sapien.',1,NULL,NULL,NULL,NULL,NULL,NULL,NULL,NULL,NULL,NULL,1,'',0,0,0,''),(122,'Nulla at pharetra velit.','Nulla at pharetra velit. Nullam eu dapibus risus, in imperdiet lorem. Aliquam consequat non sem vitae mollis. Pellentesque lacinia, nisi at vehicula consequat, mi sapien.',1,NULL,NULL,NULL,NULL,NULL,NULL,NULL,NULL,NULL,NULL,1,'',0,0,0,''),(123,'nueva','',17,NULL,NULL,0.00,'','',NULL,NULL,NULL,7,NULL,0,'',0,0,0,''),(126,'Otra GalerÃ­a','',18,NULL,NULL,0.00,'','',NULL,NULL,NULL,7,NULL,0,'',0,0,1,''),(127,'asdfasdf','',18,NULL,NULL,0.00,'','',NULL,NULL,NULL,7,NULL,0,'',0,0,0,''),(128,'GalerÃ­a activa','<p>asdf asdf asdf<br></p>',18,NULL,NULL,0.00,'','',NULL,NULL,NULL,7,NULL,0,'',0,0,1,''),(129,'Limpieza de rios','<p>Deseo que limpien el rio detrÃ¡s de la fabrica.&nbsp;</p>',9,'2014-10-01','2015-09-30',0.00,'','',NULL,NULL,NULL,7,1,0,'',0,0,0,''),(130,'Galeria de Prueba','<p>Esta es una fabulosa galerÃ­a de prueba<br></p>',18,NULL,NULL,0.00,'','',NULL,NULL,NULL,7,NULL,0,'',0,0,1,''),(131,'Encuesta 1','<p>Esta es la encuesta<br></p>',19,NULL,NULL,0.00,'','',NULL,NULL,NULL,7,NULL,0,'',0,0,1,''),(132,'BuzÃ³n de Sugerencias 1','<p>Sugerencias generales<br></p>',20,NULL,NULL,0.00,'','',NULL,NULL,NULL,7,NULL,0,'',0,0,1,''),(133,'GrÃ¡fica 1','<p>1<br></p>',21,NULL,NULL,0.00,'','',NULL,NULL,NULL,7,NULL,0,'',0,0,1,''),(134,'Sugerencia de asdf (asdf@asdf.com)','En un lugar de la Mancha, de cuyo nombre no quiero acordarme, no ha mucho tiempo que vivÃ­a un hidalgo de los de lanza en astillero, adarga antigua, rocÃ­n flaco y galgo corredor. <br />\r\n<br />\r\nUna olla de algo mÃ¡s vaca que carnero, salpicÃ³n las mÃ¡s noches, duelos y quebrantos los sÃ¡bados, lantejas los viernes, algÃºn palomino de aÃ±adidura los domingos, consumÃ­an las tres partes de su hacienda. <br />\r\n<br />\r\n<hr>Tomado del buzÃ³n de sugerencias: BuzÃ³n de Sugerencias 1',4,NULL,NULL,NULL,NULL,NULL,NULL,NULL,NULL,NULL,NULL,0,'',0,0,0,''),(135,'Sugerencia de asdf (asdf@asdf.com)','En un lugar de la Mancha, de cuyo nombre no quiero acordarme, no ha mucho tiempo que vivÃ­a un hidalgo de los de lanza en astillero, adarga antigua, rocÃ­n flaco y galgo corredor. <br />\r\n<br />\r\nUna olla de algo mÃ¡s vaca que carnero, salpicÃ³n las mÃ¡s noches, duelos y quebrantos los sÃ¡bados, lantejas los viernes, algÃºn palomino de aÃ±adidura los domingos, consumÃ­an las tres partes de su hacienda. <br />\r\n<br />\r\n<hr>Tomado del buzÃ³n de sugerencias: BuzÃ³n de Sugerencias 1',4,NULL,NULL,NULL,NULL,NULL,NULL,NULL,NULL,NULL,NULL,0,'',0,0,0,''),(136,'Sugerencia de asdf (asdf@asdf.com)','En un lugar de la Mancha, de cuyo nombre no quiero acordarme, no ha mucho tiempo que vivÃ­a un hidalgo de los de lanza en astillero, adarga antigua, rocÃ­n flaco y galgo corredor. <br />\r\n<br />\r\nUna olla de algo mÃ¡s vaca que carnero, salpicÃ³n las mÃ¡s noches, duelos y quebrantos los sÃ¡bados, lantejas los viernes, algÃºn palomino de aÃ±adidura los domingos, consumÃ­an las tres partes de su hacienda. <br />\r\n<br />\r\n<hr>Tomado del buzÃ³n de sugerencias: BuzÃ³n de Sugerencias 1',4,NULL,NULL,NULL,NULL,NULL,NULL,NULL,NULL,NULL,NULL,0,'',0,0,0,''),(137,'Sugerencia de asdf (asdf@asdf.com)','En un lugar de la Mancha, de cuyo nombre no quiero acordarme, no ha mucho tiempo que vivÃ­a un hidalgo de los de lanza en astillero, adarga antigua, rocÃ­n flaco y galgo corredor. <br>\n<br>\nUna olla de algo mÃ¡s vaca que carnero, salpicÃ³n las mÃ¡s noches, duelos y quebrantos los sÃ¡bados, lantejas los viernes, algÃºn palomino de aÃ±adidura los domingos, consumÃ­an las tres partes de su hacienda. <br>\n<br>\n<hr>Tomado del buzÃ³n de sugerencias: BuzÃ³n de Sugerencias 1',4,'2015-10-01','2016-09-30',0.00,'','',NULL,NULL,NULL,7,1,0,'',0,0,0,''),(138,'Sugerencia de asdf (asdf@asdf.com)','En un lugar de la Mancha, de cuyo nombre no quiero acordarme, no ha mucho tiempo que vivÃ­a un hidalgo de los de lanza en astillero, adarga antigua, rocÃ­n flaco y galgo corredor. <br>\n<br>\nUna olla de algo mÃ¡s vaca que carnero, salpicÃ³n las mÃ¡s noches, duelos y quebrantos los sÃ¡bados, lantejas los viernes, algÃºn palomino de aÃ±adidura los domingos, consumÃ­an las tres partes de su hacienda. <br>\n<br>\n<hr>Tomado del buzÃ³n de sugerencias: <a href=\"/admin/entities/mailbox/132\">BuzÃ³n de Sugerencias 1</a>',4,'2015-10-01','2016-09-30',0.00,'','',NULL,NULL,NULL,7,NULL,0,'',0,0,0,''),(139,'Sugerencia de asdf (asdf@asdf.com)','En un lugar de la Mancha, de cuyo nombre no quiero acordarme, no ha mucho tiempo que vivÃ­a un hidalgo de los de lanza en astillero, adarga antigua, rocÃ­n flaco y galgo corredor. <br />\r\n<br />\r\nUna olla de algo mÃ¡s vaca que carnero, salpicÃ³n las mÃ¡s noches, duelos y quebrantos los sÃ¡bados, lantejas los viernes, algÃºn palomino de aÃ±adidura los domingos, consumÃ­an las tres partes de su hacienda. <br />\r\n<br />\r\n<hr>Tomado del buzÃ³n de sugerencias: <a href=\"/admin/entities/mailbox/132\">BuzÃ³n de Sugerencias 1</a>',4,NULL,NULL,NULL,NULL,NULL,NULL,NULL,NULL,NULL,NULL,0,'',0,0,0,''),(140,'Encuesta 2','<p>2222222222222222<br></p>',19,NULL,NULL,0.00,'','',NULL,NULL,NULL,7,NULL,0,'',0,0,1,''),(141,'Nulla at pharetra velit.','Nulla at pharetra velit. Nullam eu dapibus risus, in imperdiet lorem. Aliquam consequat non sem vitae mollis. Pellentesque lacinia, nisi at vehicula consequat, mi sapien.',1,NULL,NULL,NULL,NULL,NULL,NULL,NULL,NULL,NULL,NULL,1,'',0,0,0,''),(142,'Nulla at pharetra velit.','Nulla at pharetra velit. Nullam eu dapibus risus, in imperdiet lorem. Aliquam consequat non sem vitae mollis. Pellentesque lacinia, nisi at vehicula consequat, mi sapien.',1,NULL,NULL,NULL,NULL,NULL,NULL,NULL,NULL,NULL,NULL,1,'',0,0,0,''),(143,'Nulla at pharetra velit.','Nulla at pharetra velit. Nullam eu dapibus risus, in imperdiet lorem. Aliquam consequat non sem vitae mollis. Pellentesque lacinia, nisi at vehicula consequat, mi sapien.',1,NULL,NULL,NULL,NULL,NULL,NULL,NULL,NULL,NULL,NULL,1,'',0,0,0,''),(144,'Nulla at pharetra velit.','Nulla at pharetra velit. Nullam eu dapibus risus, in imperdiet lorem. Aliquam consequat non sem vitae mollis. Pellentesque lacinia, nisi at vehicula consequat, mi sapien.',1,NULL,NULL,NULL,NULL,NULL,NULL,NULL,NULL,NULL,NULL,1,'',0,0,0,''),(145,'Esta es la estrategia 2016','<p>Texto... de la estrategia....<br><span style=\"font-weight: bold;\">Adios</span>.</p>',3,'2015-10-01','2016-09-30',0.00,'','',NULL,NULL,NULL,7,1,0,'',0,0,0,''),(146,'Sugerencia de asdf (asdf@asdf.com)','En un lugar de la Mancha, de cuyo nombre no quiero acordarme, no ha mucho tiempo que vivÃ­a un hidalgo de los de lanza en astillero, adarga antigua, rocÃ­n flaco y galgo corredor. <br />\n<br />\nUna olla de algo mÃ¡s vaca que carnero, salpicÃ³n las mÃ¡s noches, duelos y quebrantos los sÃ¡bados, lantejas los viernes, algÃºn palomino de aÃ±adidura los domingos, consumÃ­an las tres partes de su hacienda. <br />\n<br />\n<hr>Tomado del buzÃ³n de sugerencias: <a href=\"/admin/entities/mailbox/132\">BuzÃ³n de Sugerencias 1</a>',4,'2015-10-01','2016-09-30',0.00,'','',NULL,NULL,NULL,7,1,0,'',0,0,0,''),(147,'Esta es una grÃ¡fica de prueba','<p>En un lugar de la Mancha, de cuyo nombre no quiero acordarme, no ha \nmucho tiempo que vivÃ­a un hidalgo de los de lanza en astillero, adarga \nantigua, rocÃ­n flaco y galgo corredor. Una olla de algo mÃ¡s vaca que \ncarnero, salpicÃ³n las mÃ¡s noches, duelos y quebrantos los sÃ¡bados, \nlantejas los viernes, algÃºn palomino de aÃ±adidura los domingos, \nconsumÃ­an las tres partes de su hacienda. <br></p>',21,NULL,NULL,0.00,'','',NULL,NULL,NULL,7,NULL,0,'',0,0,1,''),(148,'Otra grÃ¡fica','<p>Es, pues, de saber que este sobredicho hidalgo, los ratos que estaba \r\nocioso, que eran los mÃ¡s del aÃ±o, se daba a leer libros de caballerÃ­as, \r\ncon tanta aficiÃ³n y gusto, que olvidÃ³ casi de todo punto el ejercicio de\r\n la caza, y aun la administraciÃ³n de su hacienda.<br></p>',21,NULL,NULL,0.00,'','',NULL,NULL,NULL,7,NULL,0,'',0,0,1,''),(149,'1','<p>3<br></p>',3,NULL,NULL,NULL,NULL,NULL,NULL,NULL,NULL,NULL,NULL,0,'',0,0,0,''),(150,'1','<p>3<br></p>',3,NULL,NULL,NULL,NULL,NULL,NULL,NULL,NULL,NULL,NULL,0,'',0,0,0,''),(151,'1','<p>3<br></p>',3,NULL,NULL,NULL,NULL,NULL,NULL,NULL,NULL,NULL,NULL,0,'',0,0,0,''),(152,'1','<p>3<br></p>',3,NULL,NULL,NULL,NULL,NULL,NULL,NULL,NULL,NULL,NULL,0,'',0,0,0,''),(153,'1','<p>3<br></p>',3,NULL,NULL,NULL,NULL,NULL,NULL,NULL,NULL,NULL,NULL,0,'',0,0,0,''),(154,'1','<p>3<br></p>',3,NULL,NULL,NULL,NULL,NULL,NULL,NULL,NULL,NULL,NULL,0,'',0,0,0,''),(155,'1','<p>3<br></p>',3,NULL,NULL,NULL,NULL,NULL,NULL,NULL,NULL,NULL,NULL,0,'',0,0,0,''),(156,'1','<p>3<br></p>',3,NULL,NULL,NULL,NULL,NULL,NULL,NULL,NULL,NULL,NULL,0,'',0,0,0,''),(157,'1','<p>3<br></p>',3,NULL,NULL,NULL,NULL,NULL,NULL,NULL,NULL,NULL,NULL,0,'',0,0,0,''),(158,'1','<p>3<br></p>',3,NULL,NULL,NULL,NULL,NULL,NULL,NULL,NULL,NULL,NULL,0,'',0,0,0,''),(159,'1','<p>3<br></p>',3,NULL,NULL,NULL,NULL,NULL,NULL,NULL,NULL,NULL,NULL,0,'',0,0,0,''),(160,'123','<p>345<br></p>',3,NULL,NULL,NULL,NULL,NULL,NULL,NULL,NULL,NULL,NULL,0,'',0,0,0,''),(161,'123','<p>345<br></p>',3,NULL,NULL,NULL,NULL,NULL,NULL,NULL,NULL,NULL,NULL,0,'',0,0,0,''),(162,'123','<p>345<br></p>',3,NULL,NULL,NULL,NULL,NULL,NULL,NULL,NULL,NULL,NULL,0,'',0,0,0,''),(163,'123','<p>345<br></p>',3,NULL,NULL,NULL,NULL,NULL,NULL,NULL,NULL,NULL,NULL,0,'',0,0,0,''),(164,'123','<p>345<br></p>',3,NULL,NULL,NULL,NULL,NULL,NULL,NULL,NULL,NULL,NULL,0,'',0,0,0,''),(165,'123','<p>345<br></p>',3,NULL,NULL,NULL,NULL,NULL,NULL,NULL,NULL,NULL,NULL,0,'',0,0,0,''),(166,'123','<p>345<br></p>',3,NULL,NULL,NULL,NULL,NULL,NULL,NULL,NULL,NULL,NULL,0,'',0,0,0,''),(167,'123','<p>345<br></p>',3,NULL,NULL,NULL,NULL,NULL,NULL,NULL,NULL,NULL,NULL,0,'',0,0,0,''),(168,'1234','<p>1234<br></p>',5,NULL,NULL,NULL,NULL,NULL,NULL,NULL,NULL,NULL,NULL,0,'',0,0,0,''),(169,'1234','<p>1234<br></p>',5,NULL,NULL,NULL,NULL,NULL,NULL,NULL,NULL,NULL,NULL,0,'',0,0,0,''),(170,'1234','<p>1234<br></p>',5,NULL,NULL,NULL,NULL,NULL,NULL,NULL,NULL,NULL,NULL,0,'',0,0,0,''),(171,'1234','<p>1234<br></p>',5,NULL,NULL,NULL,NULL,NULL,NULL,NULL,NULL,NULL,NULL,0,'',0,0,0,''),(172,'1234','<p>1234<br></p>',5,NULL,NULL,NULL,NULL,NULL,NULL,NULL,NULL,NULL,NULL,0,'',0,0,0,''),(173,'1234','<p>1234<br></p>',5,NULL,NULL,NULL,NULL,NULL,NULL,NULL,NULL,NULL,NULL,0,'',0,0,0,''),(174,'1234','<p>1234<br></p>',5,NULL,NULL,NULL,NULL,NULL,NULL,NULL,NULL,NULL,NULL,0,'',0,0,0,''),(175,'1234','<p>1234<br></p>',5,NULL,NULL,NULL,NULL,NULL,NULL,NULL,NULL,NULL,NULL,0,'',0,0,0,''),(176,'1234','<p>1234<br></p>',5,NULL,NULL,NULL,NULL,NULL,NULL,NULL,NULL,NULL,NULL,0,'',0,0,0,''),(177,'1234','<p>1234<br></p>',5,NULL,NULL,NULL,NULL,NULL,NULL,NULL,NULL,NULL,NULL,0,'',0,0,0,''),(178,'1234','<p>1234<br></p>',5,NULL,NULL,NULL,NULL,NULL,NULL,NULL,NULL,NULL,NULL,0,'',0,0,0,''),(179,'1234','<p>1234<br></p>',5,NULL,NULL,NULL,NULL,NULL,NULL,NULL,NULL,NULL,NULL,0,'',0,0,0,''),(180,'1234','<p>1234<br></p>',5,NULL,NULL,NULL,NULL,NULL,NULL,NULL,NULL,NULL,NULL,0,'',0,0,0,''),(181,'1234','<p>1234<br></p>',5,NULL,NULL,NULL,NULL,NULL,NULL,NULL,NULL,NULL,NULL,0,'',0,0,0,''),(182,'1234','<p>1234<br></p>',5,NULL,NULL,NULL,NULL,NULL,NULL,NULL,NULL,NULL,NULL,0,'',0,0,0,''),(183,'1234','<p>123<br></p>',3,NULL,NULL,NULL,NULL,NULL,NULL,NULL,NULL,NULL,NULL,0,'',0,0,0,''),(184,'1234','<p>123<br></p>',3,NULL,NULL,NULL,NULL,NULL,NULL,NULL,NULL,NULL,NULL,0,'',0,0,0,''),(185,'Una misiÃ³n con el asistente','<p><span style=\"font-weight: bold;\">123</span><br></p>',5,NULL,NULL,NULL,NULL,NULL,NULL,NULL,NULL,NULL,NULL,0,'',0,0,0,''),(186,'12342','<p>4<br></p>',6,NULL,NULL,NULL,NULL,NULL,NULL,NULL,NULL,NULL,NULL,0,'',0,0,0,''),(187,'misiÃ³n agregada a mano','<p>asdf<br></p>',5,'2013-10-01','2014-09-30',0.00,'','',NULL,NULL,NULL,7,2,0,'',0,0,0,''),(188,'1111111111111111','<p>33333333333333333<br></p>',6,NULL,NULL,NULL,NULL,NULL,NULL,NULL,NULL,NULL,NULL,0,'',0,0,0,''),(189,'1111111111111111','<p>33333333333333333<br></p>',6,NULL,NULL,NULL,NULL,NULL,NULL,NULL,NULL,NULL,NULL,0,'',0,0,0,''),(190,'aaaaaaaaaaaaaa','<p>cccccccccccccccccccc<br></p>',6,NULL,NULL,NULL,NULL,NULL,NULL,NULL,NULL,NULL,NULL,0,'',0,0,0,''),(191,'aaaaaaaaaaaa','<p>dddddddddddddddd<br></p>',6,NULL,NULL,NULL,NULL,NULL,NULL,NULL,NULL,NULL,NULL,0,'',0,0,0,''),(192,'<!-- -->',NULL,3,NULL,NULL,NULL,NULL,NULL,NULL,NULL,NULL,NULL,NULL,0,'',0,0,0,''),(193,'<!-- -->',NULL,5,NULL,NULL,NULL,NULL,NULL,NULL,NULL,NULL,NULL,NULL,0,'',0,0,0,''),(194,'Perspectiva 1','',2,NULL,NULL,0.00,'','',NULL,NULL,NULL,7,NULL,0,'',0,0,0,''),(195,'88888888888','<p>88888888888888888888888<br></p>',5,NULL,NULL,NULL,NULL,NULL,NULL,NULL,NULL,NULL,NULL,0,'',0,0,0,''),(196,'88888888888','<p>88888888888888888888888<br></p>',5,NULL,NULL,NULL,NULL,NULL,NULL,NULL,NULL,NULL,NULL,0,'',0,0,0,''),(197,'asdfasdf','<p>asdfasdfasdfasdf<br></p>',8,NULL,NULL,NULL,NULL,NULL,NULL,NULL,NULL,NULL,NULL,0,'',0,0,0,''),(198,'cccccccccccccc','<p>cccccccccccccccccccccc<br></p>',4,NULL,NULL,NULL,NULL,NULL,NULL,NULL,NULL,NULL,NULL,0,'',0,0,0,''),(199,'22222222222','<p>222222222222222222222222<br></p>',7,NULL,NULL,NULL,NULL,NULL,NULL,NULL,NULL,NULL,NULL,0,'',0,0,0,''),(200,'9999999999999999','<p><br></p>',2,NULL,NULL,NULL,NULL,NULL,NULL,NULL,NULL,NULL,NULL,0,'',0,0,0,''),(201,'Estrategia de demostraciÃ³n','<p>texto............<br></p>',3,NULL,NULL,NULL,NULL,NULL,NULL,NULL,NULL,NULL,NULL,0,'',0,0,0,''),(202,'Nulla at pharetra velit.','Nulla at pharetra velit. Nullam eu dapibus risus, in imperdiet lorem. Aliquam consequat non sem vitae mollis. Pellentesque lacinia, nisi at vehicula consequat, mi sapien.',1,NULL,NULL,NULL,NULL,NULL,NULL,NULL,NULL,NULL,NULL,1,'',0,0,0,''),(203,'Nulla at pharetra velit.','Nulla at pharetra velit. Nullam eu dapibus risus, in imperdiet lorem. Aliquam consequat non sem vitae mollis. Pellentesque lacinia, nisi at vehicula consequat, mi sapien.',1,NULL,NULL,NULL,NULL,NULL,NULL,NULL,NULL,NULL,NULL,1,'',0,0,0,''),(204,'Nulla at pharetra velit.','Nulla at pharetra velit. Nullam eu dapibus risus, in imperdiet lorem. Aliquam consequat non sem vitae mollis. Pellentesque lacinia, nisi at vehicula consequat, mi sapien.',1,NULL,NULL,NULL,NULL,NULL,NULL,NULL,NULL,NULL,NULL,1,'',0,0,0,''),(205,'Nulla at pharetra velit.','Nulla at pharetra velit. Nullam eu dapibus risus, in imperdiet lorem. Aliquam consequat non sem vitae mollis. Pellentesque lacinia, nisi at vehicula consequat, mi sapien.',1,NULL,NULL,NULL,NULL,NULL,NULL,NULL,NULL,NULL,NULL,1,'',0,0,0,''),(206,'Perspectiva 1','<p>sad fasdf asdf asdf asdf <br></p>',2,NULL,NULL,NULL,NULL,NULL,NULL,NULL,NULL,NULL,NULL,0,'',0,0,0,''),(207,'Sugerencia de asdf (asdf@asdf.com)','En un lugar de la Mancha, de cuyo nombre no quiero acordarme, no ha mucho tiempo que vivÃ­a un hidalgo de los de lanza en astillero, adarga antigua, rocÃ­n flaco y galgo corredor. <br>\n<br>\n<br>\n<hr>Tomado del buzÃ³n de sugerencias: <a href=\"/admin/entities/mailbox/132\">BuzÃ³n de Sugerencias 1</a>',4,'2015-10-01','2016-09-30',0.00,'','',NULL,NULL,NULL,7,1,0,'',0,0,0,''),(208,'Nulla at pharetra velit.','Nulla at pharetra velit. Nullam eu dapibus risus, in imperdiet lorem. Aliquam consequat non sem vitae mollis. Pellentesque lacinia, nisi at vehicula consequat, mi sapien.',1,NULL,NULL,NULL,NULL,NULL,NULL,NULL,NULL,NULL,NULL,1,'',0,0,0,''),(209,'Nulla at pharetra velit.','Nulla at pharetra velit. Nullam eu dapibus risus, in imperdiet lorem. Aliquam consequat non sem vitae mollis. Pellentesque lacinia, nisi at vehicula consequat, mi sapien.',1,NULL,NULL,NULL,NULL,NULL,NULL,NULL,NULL,NULL,NULL,1,'',0,0,0,''),(210,'Nombre de la perspectiva','<p>Con estas razones perdÃ­a el pobre caballero el juicio, y desvelÃ¡base por\n entenderlas y desentraÃ±arles el sentido, que no se lo sacara ni las \nentendiera el mesmo AristÃ³teles, si resucitara para sÃ³lo ello. No estaba\n muy bien con las heridas que don BelianÃ­s daba y recebÃ­a, porque se \nimaginaba que, por grandes maestros que le hubiesen curado, no dejarÃ­a \nde tener el rostro y todo el cuerpo lleno de cicatrices y seÃ±ales. <br></p>',2,'2015-10-01','2016-09-30',0.00,'','',NULL,NULL,NULL,7,2,0,'',0,0,0,''),(211,'Sugerencia de asdf (asdf@asdf.com)','En un lugar de la Mancha, de cuyo nombre no quiero acordarme, no ha mucho tiempo que vivÃ­a un hidalgo de los de lanza en astillero, adarga antigua, rocÃ­n flaco y galgo corredor. <br />\n<br />\nUna olla de algo mÃ¡s vaca que carnero, salpicÃ³n las mÃ¡s noches, duelos y quebrantos los sÃ¡bados, lantejas los viernes, algÃºn palomino de aÃ±adidura los domingos, consumÃ­an las tres partes de su hacienda. <br />\n<br />\n<hr>Tomado del buzÃ³n de sugerencias: <a href=\"/admin/entities/mailbox/132\">BuzÃ³n de Sugerencias 1</a>',4,'2015-10-01','2016-09-30',0.00,'','',NULL,NULL,NULL,7,1,0,'',0,0,0,''),(212,'Nulla at pharetra velit.','Nulla at pharetra velit. Nullam eu dapibus risus, in imperdiet lorem. Aliquam consequat non sem vitae mollis. Pellentesque lacinia, nisi at vehicula consequat, mi sapien.',1,NULL,NULL,NULL,NULL,NULL,NULL,NULL,NULL,NULL,NULL,1,'',0,0,0,''),(213,'Nulla at pharetra velit.','Nulla at pharetra velit. Nullam eu dapibus risus, in imperdiet lorem. Aliquam consequat non sem vitae mollis. Pellentesque lacinia, nisi at vehicula consequat, mi sapien.',1,NULL,NULL,NULL,NULL,NULL,NULL,NULL,NULL,NULL,NULL,1,'',0,0,0,''),(214,'Nombre de la perspectiva','<p>safasdfasdf asdf <br></p>',2,'2014-10-04','2015-09-30',0.00,'','',NULL,NULL,NULL,7,NULL,0,'',0,0,0,''),(215,'Sugerencia de asdf (asdf@asdf.com)','En un lugar de la Mancha, de cuyo nombre no quiero acordarme, no ha mucho tiempo que vivÃ­a un hidalgo de los de lanza en astillero, adarga antigua, rocÃ­n flaco y galgo corredor. <br />\n<br />\nUna olla de algo mÃ¡s vaca que carnero, salpicÃ³n las mÃ¡s noches, duelos y quebrantos los sÃ¡bados, lantejas los viernes, algÃºn palomino de aÃ±adidura los domingos, consumÃ­an las tres partes de su hacienda. <br />\n<br />\n<hr>Tomado del buzÃ³n de sugerencias: <a href=\"/admin/entities/mailbox/132\">BuzÃ³n de Sugerencias 1</a>',4,'2015-10-01','2016-09-30',0.00,'','',NULL,NULL,NULL,7,1,0,'',0,0,0,'');
/*!40000 ALTER TABLE `nodes` ENABLE KEYS */;
UNLOCK TABLES;

--
-- Table structure for table `nodesources`
--

DROP TABLE IF EXISTS `nodesources`;
/*!40101 SET @saved_cs_client     = @@character_set_client */;
/*!40101 SET character_set_client = utf8 */;
CREATE TABLE `nodesources` (
  `id` int(11) NOT NULL AUTO_INCREMENT,
  `name` varchar(45) COLLATE utf8_unicode_ci NOT NULL,
  PRIMARY KEY (`id`)
) ENGINE=MyISAM AUTO_INCREMENT=7 DEFAULT CHARSET=utf8 COLLATE=utf8_unicode_ci;
/*!40101 SET character_set_client = @saved_cs_client */;

--
-- Dumping data for table `nodesources`
--

LOCK TABLES `nodesources` WRITE;
/*!40000 ALTER TABLE `nodesources` DISABLE KEYS */;
INSERT INTO `nodesources` VALUES (1,'AutoevaluaciÃ³n'),(2,'Sistema'),(3,'Manual');
/*!40000 ALTER TABLE `nodesources` ENABLE KEYS */;
UNLOCK TABLES;

--
-- Table structure for table `nodestatuses`
--

DROP TABLE IF EXISTS `nodestatuses`;
/*!40101 SET @saved_cs_client     = @@character_set_client */;
/*!40101 SET character_set_client = utf8 */;
CREATE TABLE `nodestatuses` (
  `id` int(11) NOT NULL AUTO_INCREMENT,
  `name` int(11) NOT NULL,
  PRIMARY KEY (`id`)
) ENGINE=MyISAM AUTO_INCREMENT=4 DEFAULT CHARSET=utf8 COLLATE=utf8_unicode_ci;
/*!40101 SET character_set_client = @saved_cs_client */;

--
-- Dumping data for table `nodestatuses`
--

LOCK TABLES `nodestatuses` WRITE;
/*!40000 ALTER TABLE `nodestatuses` DISABLE KEYS */;
INSERT INTO `nodestatuses` VALUES (1,0),(2,0),(3,0);
/*!40000 ALTER TABLE `nodestatuses` ENABLE KEYS */;
UNLOCK TABLES;

--
-- Table structure for table `nodetypes`
--

DROP TABLE IF EXISTS `nodetypes`;
/*!40101 SET @saved_cs_client     = @@character_set_client */;
/*!40101 SET character_set_client = utf8 */;
CREATE TABLE `nodetypes` (
  `id` int(11) NOT NULL AUTO_INCREMENT,
  `name` varchar(45) COLLATE utf8_unicode_ci NOT NULL,
  `type` int(11) NOT NULL,
  PRIMARY KEY (`id`)
) ENGINE=MyISAM AUTO_INCREMENT=22 DEFAULT CHARSET=utf8 COLLATE=utf8_unicode_ci;
/*!40101 SET character_set_client = @saved_cs_client */;

--
-- Dumping data for table `nodetypes`
--

LOCK TABLES `nodetypes` WRITE;
/*!40000 ALTER TABLE `nodetypes` DISABLE KEYS */;
INSERT INTO `nodetypes` VALUES (1,'Debilidades/Oportunidades',1),(2,'Perspectiva del BSC',1),(3,'Estrategia',1),(4,'Compromiso',1),(5,'MisiÃ³n',1),(6,'VisiÃ³n',1),(7,'Objetivo',1),(8,'PolÃ­ticas',1),(9,'Expectativas',2),(10,'Programas',2),(11,'Actividades',3),(12,'Iniciativas',3),(13,'Proyectos',3),(14,'Cursos',3),(15,'Tareas',3),(16,'Grupos de InterÃ©s',2),(17,'Convocatoria',3),(18,'GalerÃ­a',3),(19,'Encuestas',3),(20,'Buzon de sugerencias',3),(21,'GrÃ¡ficas',3);
/*!40000 ALTER TABLE `nodetypes` ENABLE KEYS */;
UNLOCK TABLES;

--
-- Table structure for table `questionnaires`
--

DROP TABLE IF EXISTS `questionnaires`;
/*!40101 SET @saved_cs_client     = @@character_set_client */;
/*!40101 SET character_set_client = utf8 */;
CREATE TABLE `questionnaires` (
  `id` int(11) NOT NULL AUTO_INCREMENT,
  `title` varchar(45) COLLATE utf8_unicode_ci NOT NULL,
  `description` text COLLATE utf8_unicode_ci,
  `active` tinyint(1) DEFAULT NULL,
  `acronym` varchar(5) COLLATE utf8_unicode_ci DEFAULT NULL,
  `logo` varchar(255) COLLATE utf8_unicode_ci NOT NULL,
  `icon` varchar(25) COLLATE utf8_unicode_ci NOT NULL,
  PRIMARY KEY (`id`)
) ENGINE=MyISAM AUTO_INCREMENT=11 DEFAULT CHARSET=utf8 COLLATE=utf8_unicode_ci;
/*!40101 SET character_set_client = @saved_cs_client */;

--
-- Dumping data for table `questionnaires`
--

LOCK TABLES `questionnaires` WRITE;
/*!40000 ALTER TABLE `questionnaires` DISABLE KEYS */;
INSERT INTO `questionnaires` VALUES (10,'Cuestionario de la ComisiÃ³n Europea','Empresas responsables Cuestionario de ConcienciaciÃ³n de la ComisiÃ³n Europea',1,'RSE C','files/logos/110435577dffdd12e865380e2d9666b205f889.png','');
/*!40000 ALTER TABLE `questionnaires` ENABLE KEYS */;
UNLOCK TABLES;

--
-- Table structure for table `questions`
--

DROP TABLE IF EXISTS `questions`;
/*!40101 SET @saved_cs_client     = @@character_set_client */;
/*!40101 SET character_set_client = utf8 */;
CREATE TABLE `questions` (
  `id` int(11) NOT NULL AUTO_INCREMENT,
  `name` text COLLATE utf8_unicode_ci NOT NULL,
  `section_id` int(11) NOT NULL,
  `order` int(11) DEFAULT NULL,
  PRIMARY KEY (`id`),
  KEY `section_id` (`section_id`)
) ENGINE=MyISAM AUTO_INCREMENT=36 DEFAULT CHARSET=utf8 COLLATE=utf8_unicode_ci;
/*!40101 SET character_set_client = @saved_cs_client */;

--
-- Dumping data for table `questions`
--

LOCK TABLES `questions` WRITE;
/*!40000 ALTER TABLE `questions` DISABLE KEYS */;
INSERT INTO `questions` VALUES (7,'Â¿Alienta a sus trabajadores para que desarrollen habilidades verdaderas y carreras a largo plazo (p. ej. un procedimiento para la evaluaciÃ³n de la productividad o un plan de formaciÃ³n)?',7,1),(8,'Â¿Existe un procedimiento para garantizar que se toman las medidas adecuadas contra toda forma de discriminaciÃ³n en el puesto de trabajo y en la contrataciÃ³n (p. ej., contra la mujer, grupos Ã©tnicos, discapacitados, etc.)?',7,2),(9,'Â¿Consulta con sus empleados los temas importantes?',7,3),(10,'Â¿Ha tomado su empresa las medidas adecuadas para proporcionar suficiente protecciÃ³n a sus empleados en materia de seguridad, salud y protecciÃ³n social?',7,4),(11,'Â¿Ofrece su empresa a sus empleados un buen equilibrio entre la vida privada y el trabajo como, por ejemplo, considerando un horario flexible de trabajo o permitiendo que los empleados hagan el trabajo en casa?',7,5),(12,'Â¿Ha intentado reducir el impacto medioambiental de su empresa en tÃ©rminos de: ahorro de energÃ­a?',8,6),(13,'reducciÃ³n y reciclaje de residuos?',8,7),(14,'prevenciÃ³n de la contaminaciÃ³n (emisiones al aire o al agua, vertido de aguas residuales, ruido)?',8,8),(15,'protecciÃ³n del medio ambiente?',8,9),(16,'opciones sostenibles de transporte?',8,10),(17,'Â¿Puede su empresa ahorrar dinero mediante la reducciÃ³n de su impacto medioambiental (reciclaje, reducciÃ³n del consumo de energÃ­a, prevenciÃ³n de la contaminaciÃ³n)?',8,11),(18,'Â¿Tiene en cuenta los posibles impactos medioambientales cuando desarrolla nuevos productos y servicios (evaluaciÃ³n del uso de energÃ­a, reciclaje o generaciÃ³n de contaminaciÃ³n)?',8,12),(19,'Â¿Proporciona su empresa informaciÃ³n medioambiental clara y precisa sobre sus productos y actividades a los clientes, proveedores, comunidad local, etc.?',8,13),(20,'Â¿Ha pensado en quÃ© forma podrÃ­a su empresa utilizar la sostenibilidad de sus productos y servicios para aventajar a la competencia (el reciclaje de productos, la eficacia energÃ©tica, etc.)?',8,14),(21,'Â¿Aplica su empresa alguna polÃ­tica para garantizar la honradez y calidad en todos sus contratos, tratos y publicidad (una polÃ­tica de compras justa o estipulaciones para la protecciÃ³n de los consumidores, etc.)?',9,15),(22,'Â¿Proporciona su empresa informaciÃ³n clara y precisa en el etiquetado de sus productos y servicios, que incluyan sus obligaciones postventa?',9,16),(23,'Â¿Paga puntualmente su empresa las facturas de sus proveedores?',9,17),(24,'Â¿Dispone su empresa de un procedimiento para garantizar una interacciÃ³n, consulta y/o diÃ¡logo productivos con sus clientes, proveedores y otras personas con las que hace negocios?',9,18),(25,'Â¿Admite y da soluciÃ³n su empresa a las reclamaciones de sus clientes, proveedores y colaboradores?',9,19),(26,'Â¿Ofrece su empresa oportunidades de formaciÃ³n a la gente de la comunidad (aprendizajes o experiencia laboral para jÃ³venes o discapacitados)?',10,21),(27,'Â¿Mantiene un diÃ¡logo abierto con su comunidad sobre temas delicados, polÃ©micos o negativos en los que estÃ© involucrada su empresa (la acumulaciÃ³n de residuos fuera de sus instalaciones, los vehÃ­culos que obstruyen carreteras o caminos)?',10,22),(28,'Â¿Compra su empresa productos en el mercado local?',10,23),(29,'Â¿Alienta a sus empleados para que participen en las actividades de la comunidad (poniendo a su disposiciÃ³n el tiempo y la experiencia de sus empleados u otro tipo de ayuda prÃ¡ctica)?',10,24),(30,'Â¿Brinda su empresa apoyo econÃ³mico estable a proyectos y actividades de la comunidad (obras benÃ©ficas o patrocinios)?',10,25),(31,'Â¿Ha definido de forma clara los valores y las normas de conducta de su empresa?',11,26),(32,'Â¿Hace partÃ­cipes a sus clientes, socios empresariales, proveedores y otras partes interesadas de los valores de su empresa (en presentaciones de ventas, material de marketing o comunicados informales)?',11,27),(33,'Â¿Son conscientes sus clientes de los valores y normas de conducta de su empresa?',11,28),(34,'Â¿Son conscientes sus empleados de los valores y normas de conducta de su empresa?',11,29),(35,'Â¿EnseÃ±a a sus empleados la importancia de los valores y normas de conducta de su empresa?',11,30);
/*!40000 ALTER TABLE `questions` ENABLE KEYS */;
UNLOCK TABLES;

--
-- Table structure for table `sections`
--

DROP TABLE IF EXISTS `sections`;
/*!40101 SET @saved_cs_client     = @@character_set_client */;
/*!40101 SET character_set_client = utf8 */;
CREATE TABLE `sections` (
  `id` int(11) NOT NULL AUTO_INCREMENT,
  `name` varchar(255) COLLATE utf8_unicode_ci NOT NULL,
  `questionnaire_id` int(11) NOT NULL,
  `logo` varchar(255) COLLATE utf8_unicode_ci NOT NULL,
  `icon` varchar(25) COLLATE utf8_unicode_ci NOT NULL,
  `order` int(11) DEFAULT NULL,
  PRIMARY KEY (`id`),
  KEY `questionnaire_id` (`questionnaire_id`)
) ENGINE=MyISAM AUTO_INCREMENT=12 DEFAULT CHARSET=utf8 COLLATE=utf8_unicode_ci;
/*!40101 SET character_set_client = @saved_cs_client */;

--
-- Dumping data for table `sections`
--

LOCK TABLES `sections` WRITE;
/*!40000 ALTER TABLE `sections` DISABLE KEYS */;
INSERT INTO `sections` VALUES (7,'PolÃ­tica de actuaciÃ³n en el lugar de trabajo',10,'files/logos/104320206988a8d2786a8f4a18bb34d839ead7.png','',1),(8,'PolÃ­tica medioambiental',10,'files/logos/104341206988a8d2786a8f4a18bb34d839ead7.png','',2),(9,'PolÃ­tica de mercado',10,'files/logos/104357206988a8d2786a8f4a18bb34d839ead7.png','',3),(10,'PolÃ­tica social',10,'files/logos/104415206988a8d2786a8f4a18bb34d839ead7.png','',4),(11,'Valores de la empresa',10,'files/logos/104435206988a8d2786a8f4a18bb34d839ead7.png','',5);
/*!40000 ALTER TABLE `sections` ENABLE KEYS */;
UNLOCK TABLES;

--
-- Table structure for table `surveyanswers`
--

DROP TABLE IF EXISTS `surveyanswers`;
/*!40101 SET @saved_cs_client     = @@character_set_client */;
/*!40101 SET character_set_client = utf8 */;
CREATE TABLE `surveyanswers` (
  `id` int(11) NOT NULL AUTO_INCREMENT,
  `node_id` int(11) NOT NULL,
  `datetime` timestamp NOT NULL DEFAULT CURRENT_TIMESTAMP ON UPDATE CURRENT_TIMESTAMP,
  `data` text COLLATE utf8_unicode_ci NOT NULL,
  `email` varchar(120) COLLATE utf8_unicode_ci NOT NULL,
  `name` varchar(50) COLLATE utf8_unicode_ci NOT NULL,
  `idcard` varchar(20) COLLATE utf8_unicode_ci DEFAULT NULL,
  PRIMARY KEY (`id`)
) ENGINE=MyISAM AUTO_INCREMENT=13 DEFAULT CHARSET=utf8 COLLATE=utf8_unicode_ci;
/*!40101 SET character_set_client = @saved_cs_client */;

--
-- Dumping data for table `surveyanswers`
--

LOCK TABLES `surveyanswers` WRITE;
/*!40000 ALTER TABLE `surveyanswers` DISABLE KEYS */;
INSERT INTO `surveyanswers` VALUES (7,140,'2015-11-09 01:39:26','a:3:{i:6;s:1:\"2\";i:7;a:2:{i:0;s:1:\"0\";i:1;s:1:\"2\";}i:8;s:8:\"asdfasdf\";}','asdf@asdf.com','asdf','asdf'),(8,140,'2015-11-09 01:40:20','a:3:{i:6;s:1:\"2\";i:7;a:1:{i:0;s:1:\"1\";}i:8;s:0:\"\";}','asdfasasdf@asdf.com','asdf','asdfasdf'),(6,140,'2015-11-09 01:39:06','a:3:{i:6;s:1:\"1\";i:7;a:3:{i:0;s:1:\"0\";i:1;s:1:\"1\";i:2;s:1:\"2\";}i:8;s:0:\"\";}','asdf@asdf.com','asdf','asdf'),(5,140,'2015-11-09 01:38:42','a:3:{i:6;s:1:\"0\";i:7;a:2:{i:0;s:1:\"0\";i:1;s:1:\"1\";}i:8;s:34:\"asdfasdfasdf\r\nasdf\r\nadsf\r\nasdfasdf\";}','asdf@asdf.com','asdf','asdf'),(4,140,'2015-11-08 23:44:27','a:3:{i:6;s:1:\"3\";i:7;a:2:{i:0;s:1:\"0\";i:1;s:1:\"2\";}i:8;s:16:\"seleccione 1 y 3\";}','asdf@asdf.com','wser','asdf'),(9,140,'2015-11-11 01:17:42','a:3:{i:6;s:1:\"0\";i:7;a:2:{i:0;s:1:\"0\";i:1;s:1:\"2\";}i:8;s:34:\"Me parece una excelente iniciativa\";}','lisandrom@gmail.com','Lisandro MartÃ­nez','11111111111111111'),(10,140,'2015-11-24 03:44:47','a:3:{i:6;s:1:\"0\";i:7;a:2:{i:0;s:1:\"0\";i:1;s:1:\"1\";}i:8;s:15:\"sdfasdfasdfasdf\";}','lisandrom@gmail.com','Lisandro MartÃ­nez','15451111'),(11,140,'2015-11-24 04:13:44','a:3:{i:6;s:1:\"1\";i:7;a:2:{i:0;s:1:\"0\";i:1;s:1:\"1\";}i:8;s:32:\"asd sadf sadfasdf asdf asdf asdf\";}','mg@adsf.com','Maria Gomez','32123123'),(12,140,'2015-11-24 19:09:03','a:3:{i:6;s:1:\"0\";i:7;a:2:{i:0;s:1:\"0\";i:1;s:1:\"2\";}i:8;s:15:\"adsfasdf asdf a\";}','lisandrom@gmail.com','Lisandro MartÃ­nez','1555555');
/*!40000 ALTER TABLE `surveyanswers` ENABLE KEYS */;
UNLOCK TABLES;

--
-- Table structure for table `surveyquestions`
--

DROP TABLE IF EXISTS `surveyquestions`;
/*!40101 SET @saved_cs_client     = @@character_set_client */;
/*!40101 SET character_set_client = utf8 */;
CREATE TABLE `surveyquestions` (
  `id` int(11) NOT NULL AUTO_INCREMENT,
  `name` varchar(120) COLLATE utf8_unicode_ci NOT NULL,
  `description` text COLLATE utf8_unicode_ci,
  `node_id` int(11) NOT NULL,
  `order` int(11) DEFAULT NULL,
  `answers` text COLLATE utf8_unicode_ci,
  `question_type` int(11) DEFAULT NULL,
  PRIMARY KEY (`id`),
  KEY `node_id` (`node_id`)
) ENGINE=MyISAM AUTO_INCREMENT=9 DEFAULT CHARSET=utf8 COLLATE=utf8_unicode_ci;
/*!40101 SET character_set_client = @saved_cs_client */;

--
-- Dumping data for table `surveyquestions`
--

LOCK TABLES `surveyquestions` WRITE;
/*!40000 ALTER TABLE `surveyquestions` DISABLE KEYS */;
INSERT INTO `surveyquestions` VALUES (7,'Pregunta 2','Â¿Que opina sobre tal cosa?',140,2,'opcion 1\r\nopcion 2\r\nopcion 3',2),(6,'Â¿Es esta una pregunta?','sadfasdfasd',140,1,'sdfasdfasdf\nqerqwerqwerqwer\nqwerqwerqwer\nqwerqwerqwer',1),(8,'Pregunta abierta','asdfasdf',140,3,'',3);
/*!40000 ALTER TABLE `surveyquestions` ENABLE KEYS */;
UNLOCK TABLES;

--
-- Table structure for table `users`
--

DROP TABLE IF EXISTS `users`;
/*!40101 SET @saved_cs_client     = @@character_set_client */;
/*!40101 SET character_set_client = utf8 */;
CREATE TABLE `users` (
  `id` int(11) NOT NULL AUTO_INCREMENT,
  `fname` varchar(100) NOT NULL,
  `lname` varchar(100) NOT NULL,
  `email` varchar(255) NOT NULL,
  `company_id` int(11) DEFAULT NULL,
  `corporation_id` int(11) DEFAULT NULL,
  `username` varchar(255) NOT NULL,
  `password` char(40) NOT NULL,
  `group_id` int(11) NOT NULL,
  `created` datetime DEFAULT NULL,
  `modified` datetime DEFAULT NULL,
  `age` varchar(45) DEFAULT NULL,
  `sex` int(11) DEFAULT NULL,
  `location` varchar(100) DEFAULT NULL,
  `profession` varchar(100) DEFAULT NULL,
  `active` int(11) NOT NULL,
  `interestgroup_id` int(11) NOT NULL,
  PRIMARY KEY (`id`),
  UNIQUE KEY `username` (`username`)
) ENGINE=InnoDB AUTO_INCREMENT=32 DEFAULT CHARSET=latin1;
/*!40101 SET character_set_client = @saved_cs_client */;

--
-- Dumping data for table `users`
--

LOCK TABLES `users` WRITE;
/*!40000 ALTER TABLE `users` DISABLE KEYS */;
INSERT INTO `users` VALUES (14,'Lisandro','MartÃ­nez','lisandrom@gmail.com',NULL,NULL,'lisandrom','a56547131290384e62cd0937e9a1281c3e10d824',5,'2015-10-14 16:22:29','2015-10-15 21:47:22',NULL,NULL,NULL,NULL,1,0),(17,'Pedro','Perez','pedrop@red111.net',NULL,7,'pedrop','253e6edb8139392550fff418bac6265d0d2cc934',6,'2015-10-14 19:49:27','2015-10-18 10:32:00',NULL,NULL,NULL,NULL,1,0),(18,'MarÃ­a','Perez','mariap@red111.net',11,NULL,'mariap','253e6edb8139392550fff418bac6265d0d2cc934',7,'2015-10-14 19:49:50','2015-10-15 21:48:46',NULL,NULL,NULL,NULL,1,0),(19,'Daniela','Prieto','danielap@siderysbsn.com',NULL,NULL,'danielap','253e6edb8139392550fff418bac6265d0d2cc934',9,'2015-10-15 21:58:04','2015-10-15 21:58:04',NULL,NULL,NULL,NULL,1,0),(20,'Juan','Fernandez','juanf@siderysbsn.com',NULL,NULL,'juanf','253e6edb8139392550fff418bac6265d0d2cc934',9,'2015-10-15 21:59:22','2015-10-15 21:59:22',NULL,NULL,NULL,NULL,1,0),(21,'juan','gomez','jg@asdf.com',15,NULL,'jg','253e6edb8139392550fff418bac6265d0d2cc934',8,'2015-10-23 16:30:13','2015-10-23 16:30:13',NULL,NULL,NULL,NULL,1,0),(22,'Juan','Gomez','kerns@asdf.com',16,NULL,'kerns','253e6edb8139392550fff418bac6265d0d2cc934',7,'2015-10-27 14:37:44','2015-10-27 14:37:44',NULL,NULL,NULL,NULL,1,0),(23,'Augusto','Gonzalez','ag@asdf.com',16,NULL,'kerns_company','253e6edb8139392550fff418bac6265d0d2cc934',6,'2015-10-28 17:52:07','2015-10-28 17:52:07',NULL,NULL,NULL,NULL,1,0),(24,'Mireya','Perez','mp@asdf.com',16,NULL,'kerns_strategy','253e6edb8139392550fff418bac6265d0d2cc934',7,'2015-10-28 17:52:35','2015-10-28 17:52:35',NULL,NULL,NULL,NULL,1,0),(25,'Carlos','Melendez','cm@asdf.com',16,NULL,'kerns_tactical','253e6edb8139392550fff418bac6265d0d2cc934',8,'2015-10-28 17:52:56','2015-10-28 17:52:56',NULL,NULL,NULL,NULL,1,0),(26,'Deborah','Carpio','dc@asdf.com',16,NULL,'kerns_oper','253e6edb8139392550fff418bac6265d0d2cc934',10,'2015-10-28 17:53:36','2015-10-28 17:53:36',NULL,NULL,NULL,NULL,1,0),(27,'gi','gi','gi@gi.com',NULL,NULL,'gi','253e6edb8139392550fff418bac6265d0d2cc934',11,'2015-10-31 14:12:29','2015-10-31 14:12:29',NULL,NULL,NULL,NULL,1,0),(28,'Coromoto','Barrios','coba@asdf.com',16,NULL,'coba','253e6edb8139392550fff418bac6265d0d2cc934',11,'2015-10-31 17:48:52','2015-10-31 19:37:51','123',0,'Tibas','Carpiteration',1,106),(29,'asdf','asdf','asdf@asdf.com',16,NULL,'asdf','e861dd37532ef50a32162d7c2dfb78e9fd26d428',11,'2015-10-31 18:01:49','2015-11-02 19:15:35','',NULL,'','',1,106),(30,'Lisandro','Martinez','lisandrom@gmail.com',16,NULL,'l','253e6edb8139392550fff418bac6265d0d2cc934',11,'2015-11-02 19:24:59','2015-11-02 19:24:59','44',0,'Belen','Desarrollador web',1,106),(31,'Rodolfo','GÃ³mez','rg@gmail.com',16,NULL,'rg','253e6edb8139392550fff418bac6265d0d2cc934',11,'2015-11-10 19:12:19','2015-11-10 19:12:19','35',0,'Santa Ana','Ingeniero',1,106);
/*!40000 ALTER TABLE `users` ENABLE KEYS */;
UNLOCK TABLES;

--
-- Table structure for table `values`
--

DROP TABLE IF EXISTS `values`;
/*!40101 SET @saved_cs_client     = @@character_set_client */;
/*!40101 SET character_set_client = utf8 */;
CREATE TABLE `values` (
  `id` int(11) NOT NULL AUTO_INCREMENT,
  `name` varchar(255) NOT NULL,
  `optional` varchar(255) NOT NULL,
  `master_id` int(11) NOT NULL,
  `created` datetime NOT NULL,
  `modified` datetime NOT NULL,
  PRIMARY KEY (`id`),
  KEY `fk_values_masters1_idx` (`master_id`),
  CONSTRAINT `fk_values_masters1` FOREIGN KEY (`master_id`) REFERENCES `masters` (`id`) ON DELETE NO ACTION ON UPDATE NO ACTION
) ENGINE=InnoDB DEFAULT CHARSET=latin1;
/*!40101 SET character_set_client = @saved_cs_client */;

--
-- Dumping data for table `values`
--

LOCK TABLES `values` WRITE;
/*!40000 ALTER TABLE `values` DISABLE KEYS */;
/*!40000 ALTER TABLE `values` ENABLE KEYS */;
UNLOCK TABLES;
/*!40103 SET TIME_ZONE=@OLD_TIME_ZONE */;

/*!40101 SET SQL_MODE=@OLD_SQL_MODE */;
/*!40014 SET FOREIGN_KEY_CHECKS=@OLD_FOREIGN_KEY_CHECKS */;
/*!40014 SET UNIQUE_CHECKS=@OLD_UNIQUE_CHECKS */;
/*!40101 SET CHARACTER_SET_CLIENT=@OLD_CHARACTER_SET_CLIENT */;
/*!40101 SET CHARACTER_SET_RESULTS=@OLD_CHARACTER_SET_RESULTS */;
/*!40101 SET COLLATION_CONNECTION=@OLD_COLLATION_CONNECTION */;
/*!40111 SET SQL_NOTES=@OLD_SQL_NOTES */;

-- Dump completed on 2015-12-04 14:52:40
