-- MySQL dump 10.13  Distrib 5.5.42-37.1, for Linux (x86_64)
--
-- Host: localhost    Database: siriarte_css2
-- ------------------------------------------------------
-- Server version	5.5.42-37.1

/*!40101 SET @OLD_CHARACTER_SET_CLIENT=@@CHARACTER_SET_CLIENT */;
/*!40101 SET @OLD_CHARACTER_SET_RESULTS=@@CHARACTER_SET_RESULTS */;
/*!40101 SET @OLD_COLLATION_CONNECTION=@@COLLATION_CONNECTION */;
/*!40101 SET NAMES utf8 */;
/*!40103 SET @OLD_TIME_ZONE=@@TIME_ZONE */;
/*!40103 SET TIME_ZONE='+00:00' */;
/*!40014 SET @OLD_UNIQUE_CHECKS=@@UNIQUE_CHECKS, UNIQUE_CHECKS=0 */;
/*!40014 SET @OLD_FOREIGN_KEY_CHECKS=@@FOREIGN_KEY_CHECKS, FOREIGN_KEY_CHECKS=0 */;
/*!40101 SET @OLD_SQL_MODE=@@SQL_MODE, SQL_MODE='NO_AUTO_VALUE_ON_ZERO' */;
/*!40111 SET @OLD_SQL_NOTES=@@SQL_NOTES, SQL_NOTES=0 */;

--
-- Table structure for table `acos`
--

DROP TABLE IF EXISTS `acos`;
/*!40101 SET @saved_cs_client     = @@character_set_client */;
/*!40101 SET character_set_client = utf8 */;
CREATE TABLE `acos` (
  `id` int(10) NOT NULL AUTO_INCREMENT,
  `parent_id` int(10) DEFAULT NULL,
  `model` varchar(255) DEFAULT NULL,
  `foreign_key` int(10) DEFAULT NULL,
  `alias` varchar(255) DEFAULT NULL,
  `lft` int(10) DEFAULT NULL,
  `rght` int(10) DEFAULT NULL,
  PRIMARY KEY (`id`),
  KEY `idx_acos_lft_rght` (`lft`,`rght`),
  KEY `idx_acos_alias` (`alias`),
  KEY `idx_acos_model_foreign_key` (`model`,`foreign_key`)
) ENGINE=InnoDB AUTO_INCREMENT=576 DEFAULT CHARSET=latin1;
/*!40101 SET character_set_client = @saved_cs_client */;

--
-- Dumping data for table `acos`
--

LOCK TABLES `acos` WRITE;
/*!40000 ALTER TABLE `acos` DISABLE KEYS */;
INSERT INTO `acos` VALUES (1,NULL,NULL,NULL,'controllers',1,972),(2,1,NULL,NULL,'Actions',2,57),(3,2,NULL,NULL,'paramFilters',3,4),(4,2,NULL,NULL,'get_index',5,6),(5,2,NULL,NULL,'admin_index',7,8),(6,2,NULL,NULL,'post_add',9,10),(7,2,NULL,NULL,'get_add',11,12),(8,2,NULL,NULL,'admin_add',13,14),(9,2,NULL,NULL,'get_edit',15,16),(10,2,NULL,NULL,'post_edit',17,18),(11,2,NULL,NULL,'admin_edit',19,20),(12,2,NULL,NULL,'admin_deletemulti',21,22),(13,2,NULL,NULL,'admin_delete',23,24),(14,2,NULL,NULL,'recordsforpage',25,26),(15,2,NULL,NULL,'filterConfig',27,28),(16,2,NULL,NULL,'isRoot',29,30),(17,2,NULL,NULL,'setSidebarMenu',31,32),(18,2,NULL,NULL,'setHeaderMenu',33,34),(19,2,NULL,NULL,'is_Authorizate',35,36),(20,2,NULL,NULL,'getMethod',37,38),(21,2,NULL,NULL,'ajaxVariablesInit',39,40),(22,2,NULL,NULL,'installBase',41,42),(23,2,NULL,NULL,'syncACL',43,44),(24,2,NULL,NULL,'install_acl',45,46),(25,1,NULL,NULL,'Categories',58,113),(26,25,NULL,NULL,'paramFilters',59,60),(27,25,NULL,NULL,'get_index',61,62),(28,25,NULL,NULL,'admin_index',63,64),(29,25,NULL,NULL,'post_add',65,66),(30,25,NULL,NULL,'get_add',67,68),(31,25,NULL,NULL,'admin_add',69,70),(32,25,NULL,NULL,'get_edit',71,72),(33,25,NULL,NULL,'post_edit',73,74),(34,25,NULL,NULL,'admin_edit',75,76),(35,25,NULL,NULL,'admin_delete',77,78),(36,25,NULL,NULL,'admin_deletemulti',79,80),(37,25,NULL,NULL,'recordsforpage',81,82),(38,25,NULL,NULL,'filterConfig',83,84),(39,25,NULL,NULL,'isRoot',85,86),(40,25,NULL,NULL,'setSidebarMenu',87,88),(41,25,NULL,NULL,'setHeaderMenu',89,90),(42,25,NULL,NULL,'is_Authorizate',91,92),(43,25,NULL,NULL,'getMethod',93,94),(44,25,NULL,NULL,'ajaxVariablesInit',95,96),(45,25,NULL,NULL,'installBase',97,98),(46,25,NULL,NULL,'syncACL',99,100),(47,25,NULL,NULL,'install_acl',101,102),(48,1,NULL,NULL,'Groupactions',114,163),(49,48,NULL,NULL,'paramFilters',115,116),(50,48,NULL,NULL,'get_index',117,118),(51,48,NULL,NULL,'admin_index',119,120),(52,48,NULL,NULL,'post_add',121,122),(53,48,NULL,NULL,'admin_add',123,124),(54,48,NULL,NULL,'admin_delete',125,126),(55,48,NULL,NULL,'admin_deletemulti',127,128),(56,48,NULL,NULL,'admin_acl',129,130),(57,48,NULL,NULL,'recordsforpage',131,132),(58,48,NULL,NULL,'filterConfig',133,134),(59,48,NULL,NULL,'isRoot',135,136),(60,48,NULL,NULL,'setSidebarMenu',137,138),(61,48,NULL,NULL,'setHeaderMenu',139,140),(62,48,NULL,NULL,'is_Authorizate',141,142),(63,48,NULL,NULL,'getMethod',143,144),(64,48,NULL,NULL,'ajaxVariablesInit',145,146),(65,48,NULL,NULL,'installBase',147,148),(66,48,NULL,NULL,'syncACL',149,150),(67,48,NULL,NULL,'install_acl',151,152),(68,1,NULL,NULL,'Groups',164,219),(69,68,NULL,NULL,'paramFilters',165,166),(70,68,NULL,NULL,'get_index',167,168),(71,68,NULL,NULL,'admin_index',169,170),(72,68,NULL,NULL,'admin_delete',171,172),(73,68,NULL,NULL,'get_edit',173,174),(74,68,NULL,NULL,'post_edit',175,176),(75,68,NULL,NULL,'admin_edit',177,178),(76,68,NULL,NULL,'post_add',179,180),(77,68,NULL,NULL,'get_add',181,182),(78,68,NULL,NULL,'admin_add',183,184),(79,68,NULL,NULL,'admin_deletemulti',185,186),(80,68,NULL,NULL,'recordsforpage',187,188),(81,68,NULL,NULL,'filterConfig',189,190),(82,68,NULL,NULL,'isRoot',191,192),(83,68,NULL,NULL,'setSidebarMenu',193,194),(84,68,NULL,NULL,'setHeaderMenu',195,196),(85,68,NULL,NULL,'is_Authorizate',197,198),(86,68,NULL,NULL,'getMethod',199,200),(87,68,NULL,NULL,'ajaxVariablesInit',201,202),(88,68,NULL,NULL,'installBase',203,204),(89,68,NULL,NULL,'syncACL',205,206),(90,68,NULL,NULL,'install_acl',207,208),(91,1,NULL,NULL,'Modules',220,273),(92,91,NULL,NULL,'paramFilters',221,222),(93,91,NULL,NULL,'get_index',223,224),(94,91,NULL,NULL,'admin_index',225,226),(95,91,NULL,NULL,'post_add',227,228),(96,91,NULL,NULL,'admin_add',229,230),(97,91,NULL,NULL,'get_edit',231,232),(98,91,NULL,NULL,'post_edit',233,234),(99,91,NULL,NULL,'admin_edit',235,236),(100,91,NULL,NULL,'admin_delete',237,238),(101,91,NULL,NULL,'admin_deletemulti',239,240),(102,91,NULL,NULL,'recordsforpage',241,242),(103,91,NULL,NULL,'filterConfig',243,244),(104,91,NULL,NULL,'isRoot',245,246),(105,91,NULL,NULL,'setSidebarMenu',247,248),(106,91,NULL,NULL,'setHeaderMenu',249,250),(107,91,NULL,NULL,'is_Authorizate',251,252),(108,91,NULL,NULL,'getMethod',253,254),(109,91,NULL,NULL,'ajaxVariablesInit',255,256),(110,91,NULL,NULL,'installBase',257,258),(111,91,NULL,NULL,'syncACL',259,260),(112,91,NULL,NULL,'install_acl',261,262),(113,1,NULL,NULL,'Pages',274,309),(114,113,NULL,NULL,'display',275,276),(115,113,NULL,NULL,'recordsforpage',277,278),(116,113,NULL,NULL,'filterConfig',279,280),(117,113,NULL,NULL,'isRoot',281,282),(118,113,NULL,NULL,'setSidebarMenu',283,284),(119,113,NULL,NULL,'setHeaderMenu',285,286),(120,113,NULL,NULL,'is_Authorizate',287,288),(121,113,NULL,NULL,'getMethod',289,290),(122,113,NULL,NULL,'ajaxVariablesInit',291,292),(123,113,NULL,NULL,'installBase',293,294),(124,113,NULL,NULL,'syncACL',295,296),(125,113,NULL,NULL,'install_acl',297,298),(126,1,NULL,NULL,'Users',310,383),(127,126,NULL,NULL,'getConditionsRootGroup',311,312),(128,126,NULL,NULL,'getConditionsRootUser',313,314),(129,126,NULL,NULL,'admin_initDB',315,316),(130,126,NULL,NULL,'paramFilters',317,318),(131,126,NULL,NULL,'get_index',319,320),(132,126,NULL,NULL,'admin_index',321,322),(133,126,NULL,NULL,'post_add',323,324),(134,126,NULL,NULL,'admin_add',325,326),(135,126,NULL,NULL,'get_edit',327,328),(136,126,NULL,NULL,'post_edit',329,330),(137,126,NULL,NULL,'admin_edit',331,332),(138,126,NULL,NULL,'admin_delete',333,334),(139,126,NULL,NULL,'admin_deletemulti',335,336),(140,126,NULL,NULL,'post_resetpassword',337,338),(141,126,NULL,NULL,'admin_resetpassword',339,340),(142,126,NULL,NULL,'admin_home',341,342),(143,126,NULL,NULL,'get_login',343,344),(144,126,NULL,NULL,'post_login',345,346),(145,126,NULL,NULL,'admin_login',347,348),(146,126,NULL,NULL,'admin_logout',349,350),(147,126,NULL,NULL,'recordsforpage',351,352),(148,126,NULL,NULL,'filterConfig',353,354),(149,126,NULL,NULL,'isRoot',355,356),(150,126,NULL,NULL,'setSidebarMenu',357,358),(151,126,NULL,NULL,'setHeaderMenu',359,360),(152,126,NULL,NULL,'is_Authorizate',361,362),(153,126,NULL,NULL,'getMethod',363,364),(154,126,NULL,NULL,'ajaxVariablesInit',365,366),(155,126,NULL,NULL,'installBase',367,368),(156,126,NULL,NULL,'syncACL',369,370),(157,126,NULL,NULL,'install_acl',371,372),(158,1,NULL,NULL,'AclExtras',384,385),(159,1,NULL,NULL,'Companies',386,441),(160,159,NULL,NULL,'paramFilters',387,388),(161,159,NULL,NULL,'get_index',389,390),(162,159,NULL,NULL,'admin_index',391,392),(163,159,NULL,NULL,'post_add',393,394),(164,159,NULL,NULL,'get_add',395,396),(165,159,NULL,NULL,'admin_add',397,398),(166,159,NULL,NULL,'get_edit',399,400),(167,159,NULL,NULL,'post_edit',401,402),(168,159,NULL,NULL,'admin_edit',403,404),(169,159,NULL,NULL,'admin_delete',405,406),(170,159,NULL,NULL,'admin_deletemulti',407,408),(171,159,NULL,NULL,'recordsforpage',409,410),(172,159,NULL,NULL,'filterConfig',411,412),(173,159,NULL,NULL,'isRoot',413,414),(174,159,NULL,NULL,'setSidebarMenu',415,416),(175,159,NULL,NULL,'setHeaderMenu',417,418),(176,159,NULL,NULL,'is_Authorizate',419,420),(177,159,NULL,NULL,'getMethod',421,422),(178,159,NULL,NULL,'ajaxVariablesInit',423,424),(179,159,NULL,NULL,'installBase',425,426),(180,159,NULL,NULL,'syncACL',427,428),(181,159,NULL,NULL,'install_acl',429,430),(190,1,NULL,NULL,'Corporations',442,497),(191,190,NULL,NULL,'paramFilters',443,444),(192,190,NULL,NULL,'get_index',445,446),(193,190,NULL,NULL,'admin_index',447,448),(194,190,NULL,NULL,'post_add',449,450),(195,190,NULL,NULL,'get_add',451,452),(196,190,NULL,NULL,'admin_add',453,454),(197,190,NULL,NULL,'get_edit',455,456),(198,190,NULL,NULL,'post_edit',457,458),(199,190,NULL,NULL,'admin_edit',459,460),(200,190,NULL,NULL,'admin_delete',461,462),(201,190,NULL,NULL,'admin_deletemulti',463,464),(202,190,NULL,NULL,'recordsforpage',465,466),(203,190,NULL,NULL,'filterConfig',467,468),(204,190,NULL,NULL,'isRoot',469,470),(205,190,NULL,NULL,'setSidebarMenu',471,472),(206,190,NULL,NULL,'setHeaderMenu',473,474),(207,190,NULL,NULL,'is_Authorizate',475,476),(208,190,NULL,NULL,'getMethod',477,478),(209,190,NULL,NULL,'ajaxVariablesInit',479,480),(210,190,NULL,NULL,'installBase',481,482),(211,190,NULL,NULL,'syncACL',483,484),(212,190,NULL,NULL,'install_acl',485,486),(213,1,NULL,NULL,'Welcome',498,533),(214,213,NULL,NULL,'admin_index',499,500),(215,213,NULL,NULL,'recordsforpage',501,502),(216,213,NULL,NULL,'filterConfig',503,504),(217,213,NULL,NULL,'isRoot',505,506),(218,213,NULL,NULL,'setSidebarMenu',507,508),(219,213,NULL,NULL,'setHeaderMenu',509,510),(220,213,NULL,NULL,'is_Authorizate',511,512),(221,213,NULL,NULL,'getMethod',513,514),(222,213,NULL,NULL,'ajaxVariablesInit',515,516),(223,213,NULL,NULL,'installBase',517,518),(224,213,NULL,NULL,'syncACL',519,520),(225,213,NULL,NULL,'install_acl',521,522),(226,2,NULL,NULL,'getlocalesValidates',47,48),(227,2,NULL,NULL,'readWithLocale',49,50),(228,2,NULL,NULL,'getlocales',51,52),(229,2,NULL,NULL,'validationLocale',53,54),(230,25,NULL,NULL,'getlocalesValidates',103,104),(231,25,NULL,NULL,'readWithLocale',105,106),(232,25,NULL,NULL,'getlocales',107,108),(233,25,NULL,NULL,'validationLocale',109,110),(234,159,NULL,NULL,'getlocalesValidates',431,432),(235,159,NULL,NULL,'readWithLocale',433,434),(236,159,NULL,NULL,'getlocales',435,436),(237,159,NULL,NULL,'validationLocale',437,438),(238,190,NULL,NULL,'getlocalesValidates',487,488),(239,190,NULL,NULL,'readWithLocale',489,490),(240,190,NULL,NULL,'getlocales',491,492),(241,190,NULL,NULL,'validationLocale',493,494),(242,48,NULL,NULL,'getlocalesValidates',153,154),(243,48,NULL,NULL,'readWithLocale',155,156),(244,48,NULL,NULL,'getlocales',157,158),(245,48,NULL,NULL,'validationLocale',159,160),(246,68,NULL,NULL,'getlocalesValidates',209,210),(247,68,NULL,NULL,'readWithLocale',211,212),(248,68,NULL,NULL,'getlocales',213,214),(249,68,NULL,NULL,'validationLocale',215,216),(250,91,NULL,NULL,'getlocalesValidates',263,264),(251,91,NULL,NULL,'readWithLocale',265,266),(252,91,NULL,NULL,'getlocales',267,268),(253,91,NULL,NULL,'validationLocale',269,270),(254,113,NULL,NULL,'getlocalesValidates',299,300),(255,113,NULL,NULL,'readWithLocale',301,302),(256,113,NULL,NULL,'getlocales',303,304),(257,113,NULL,NULL,'validationLocale',305,306),(258,126,NULL,NULL,'getlocalesValidates',373,374),(259,126,NULL,NULL,'readWithLocale',375,376),(260,126,NULL,NULL,'getlocales',377,378),(261,126,NULL,NULL,'validationLocale',379,380),(262,213,NULL,NULL,'getlocalesValidates',523,524),(263,213,NULL,NULL,'readWithLocale',525,526),(264,213,NULL,NULL,'getlocales',527,528),(265,213,NULL,NULL,'validationLocale',529,530),(266,1,NULL,NULL,'Questionnaires',534,589),(267,266,NULL,NULL,'paramFilters',535,536),(268,266,NULL,NULL,'get_index',537,538),(269,266,NULL,NULL,'admin_index',539,540),(270,266,NULL,NULL,'post_add',541,542),(271,266,NULL,NULL,'get_add',543,544),(272,266,NULL,NULL,'admin_add',545,546),(273,266,NULL,NULL,'get_edit',547,548),(274,266,NULL,NULL,'post_edit',549,550),(275,266,NULL,NULL,'admin_edit',551,552),(276,266,NULL,NULL,'admin_delete',553,554),(277,266,NULL,NULL,'admin_deletemulti',555,556),(278,266,NULL,NULL,'recordsforpage',557,558),(279,266,NULL,NULL,'filterConfig',559,560),(280,266,NULL,NULL,'getlocalesValidates',561,562),(281,266,NULL,NULL,'readWithLocale',563,564),(282,266,NULL,NULL,'getlocales',565,566),(283,266,NULL,NULL,'isRoot',567,568),(284,266,NULL,NULL,'validationLocale',569,570),(285,266,NULL,NULL,'setSidebarMenu',571,572),(286,266,NULL,NULL,'setHeaderMenu',573,574),(287,266,NULL,NULL,'is_Authorizate',575,576),(288,266,NULL,NULL,'getMethod',577,578),(289,266,NULL,NULL,'ajaxVariablesInit',579,580),(290,266,NULL,NULL,'installBase',581,582),(291,266,NULL,NULL,'syncACL',583,584),(292,266,NULL,NULL,'install_acl',585,586),(320,1,NULL,NULL,'Sections',590,645),(321,320,NULL,NULL,'paramFilters',591,592),(322,320,NULL,NULL,'get_index',593,594),(323,320,NULL,NULL,'admin_index',595,596),(324,320,NULL,NULL,'post_add',597,598),(325,320,NULL,NULL,'get_add',599,600),(326,320,NULL,NULL,'admin_add',601,602),(327,320,NULL,NULL,'get_edit',603,604),(328,320,NULL,NULL,'post_edit',605,606),(329,320,NULL,NULL,'admin_edit',607,608),(330,320,NULL,NULL,'admin_delete',609,610),(331,320,NULL,NULL,'admin_deletemulti',611,612),(332,320,NULL,NULL,'recordsforpage',613,614),(333,320,NULL,NULL,'filterConfig',615,616),(334,320,NULL,NULL,'getlocalesValidates',617,618),(335,320,NULL,NULL,'readWithLocale',619,620),(336,320,NULL,NULL,'getlocales',621,622),(337,320,NULL,NULL,'isRoot',623,624),(338,320,NULL,NULL,'validationLocale',625,626),(339,320,NULL,NULL,'setSidebarMenu',627,628),(340,320,NULL,NULL,'setHeaderMenu',629,630),(341,320,NULL,NULL,'is_Authorizate',631,632),(342,320,NULL,NULL,'getMethod',633,634),(343,320,NULL,NULL,'ajaxVariablesInit',635,636),(344,320,NULL,NULL,'installBase',637,638),(345,320,NULL,NULL,'syncACL',639,640),(346,320,NULL,NULL,'install_acl',641,642),(347,1,NULL,NULL,'Questions',646,701),(348,347,NULL,NULL,'paramFilters',647,648),(349,347,NULL,NULL,'get_index',649,650),(350,347,NULL,NULL,'admin_index',651,652),(351,347,NULL,NULL,'post_add',653,654),(352,347,NULL,NULL,'get_add',655,656),(353,347,NULL,NULL,'admin_add',657,658),(354,347,NULL,NULL,'get_edit',659,660),(355,347,NULL,NULL,'post_edit',661,662),(356,347,NULL,NULL,'admin_edit',663,664),(357,347,NULL,NULL,'admin_delete',665,666),(358,347,NULL,NULL,'admin_deletemulti',667,668),(359,347,NULL,NULL,'recordsforpage',669,670),(360,347,NULL,NULL,'filterConfig',671,672),(361,347,NULL,NULL,'getlocalesValidates',673,674),(362,347,NULL,NULL,'readWithLocale',675,676),(363,347,NULL,NULL,'getlocales',677,678),(364,347,NULL,NULL,'isRoot',679,680),(365,347,NULL,NULL,'validationLocale',681,682),(366,347,NULL,NULL,'setSidebarMenu',683,684),(367,347,NULL,NULL,'setHeaderMenu',685,686),(368,347,NULL,NULL,'is_Authorizate',687,688),(369,347,NULL,NULL,'getMethod',689,690),(370,347,NULL,NULL,'ajaxVariablesInit',691,692),(371,347,NULL,NULL,'installBase',693,694),(372,347,NULL,NULL,'syncACL',695,696),(373,347,NULL,NULL,'install_acl',697,698),(374,1,NULL,NULL,'Answers',702,757),(375,374,NULL,NULL,'paramFilters',703,704),(376,374,NULL,NULL,'get_index',705,706),(377,374,NULL,NULL,'admin_index',707,708),(378,374,NULL,NULL,'post_add',709,710),(379,374,NULL,NULL,'get_add',711,712),(380,374,NULL,NULL,'admin_add',713,714),(381,374,NULL,NULL,'get_edit',715,716),(382,374,NULL,NULL,'post_edit',717,718),(383,374,NULL,NULL,'admin_edit',719,720),(384,374,NULL,NULL,'admin_delete',721,722),(385,374,NULL,NULL,'admin_deletemulti',723,724),(386,374,NULL,NULL,'recordsforpage',725,726),(387,374,NULL,NULL,'filterConfig',727,728),(388,374,NULL,NULL,'getlocalesValidates',729,730),(389,374,NULL,NULL,'readWithLocale',731,732),(390,374,NULL,NULL,'getlocales',733,734),(391,374,NULL,NULL,'isRoot',735,736),(392,374,NULL,NULL,'validationLocale',737,738),(393,374,NULL,NULL,'setSidebarMenu',739,740),(394,374,NULL,NULL,'setHeaderMenu',741,742),(395,374,NULL,NULL,'is_Authorizate',743,744),(396,374,NULL,NULL,'getMethod',745,746),(397,374,NULL,NULL,'ajaxVariablesInit',747,748),(398,374,NULL,NULL,'installBase',749,750),(399,374,NULL,NULL,'syncACL',751,752),(400,374,NULL,NULL,'install_acl',753,754),(401,1,NULL,NULL,'Companyquestionnaires',758,805),(402,401,NULL,NULL,'paramFilters',759,760),(403,401,NULL,NULL,'get_index',761,762),(404,401,NULL,NULL,'admin_index',763,764),(405,401,NULL,NULL,'post_add',765,766),(406,401,NULL,NULL,'admin_add',767,768),(407,401,NULL,NULL,'admin_delete',769,770),(408,401,NULL,NULL,'admin_deletemulti',771,772),(409,401,NULL,NULL,'recordsforpage',773,774),(410,401,NULL,NULL,'filterConfig',775,776),(411,401,NULL,NULL,'getlocalesValidates',777,778),(412,401,NULL,NULL,'readWithLocale',779,780),(413,401,NULL,NULL,'getlocales',781,782),(414,401,NULL,NULL,'isRoot',783,784),(415,401,NULL,NULL,'validationLocale',785,786),(416,401,NULL,NULL,'setSidebarMenu',787,788),(417,401,NULL,NULL,'setHeaderMenu',789,790),(418,401,NULL,NULL,'is_Authorizate',791,792),(419,401,NULL,NULL,'getMethod',793,794),(420,401,NULL,NULL,'ajaxVariablesInit',795,796),(421,401,NULL,NULL,'installBase',797,798),(422,401,NULL,NULL,'syncACL',799,800),(423,401,NULL,NULL,'install_acl',801,802),(424,1,NULL,NULL,'Autoevaluations',806,863),(425,424,NULL,NULL,'paramFilters',807,808),(426,424,NULL,NULL,'get_index',809,810),(427,424,NULL,NULL,'admin_index',811,812),(428,424,NULL,NULL,'post_add',813,814),(429,424,NULL,NULL,'get_add',815,816),(430,424,NULL,NULL,'admin_add',817,818),(431,424,NULL,NULL,'get_edit',819,820),(432,424,NULL,NULL,'post_edit',821,822),(433,424,NULL,NULL,'admin_edit',823,824),(434,424,NULL,NULL,'admin_delete',825,826),(435,424,NULL,NULL,'admin_deletemulti',827,828),(436,424,NULL,NULL,'recordsforpage',829,830),(437,424,NULL,NULL,'filterConfig',831,832),(438,424,NULL,NULL,'getlocalesValidates',833,834),(439,424,NULL,NULL,'readWithLocale',835,836),(440,424,NULL,NULL,'getlocales',837,838),(441,424,NULL,NULL,'isRoot',839,840),(442,424,NULL,NULL,'validationLocale',841,842),(443,424,NULL,NULL,'setSidebarMenu',843,844),(444,424,NULL,NULL,'setHeaderMenu',845,846),(445,424,NULL,NULL,'is_Authorizate',847,848),(446,424,NULL,NULL,'getMethod',849,850),(447,424,NULL,NULL,'ajaxVariablesInit',851,852),(448,424,NULL,NULL,'installBase',853,854),(449,424,NULL,NULL,'syncACL',855,856),(450,424,NULL,NULL,'install_acl',857,858),(451,424,NULL,NULL,'admin_view',859,860),(452,2,NULL,NULL,'beforeFind',55,56),(453,374,NULL,NULL,'beforeFind',755,756),(454,424,NULL,NULL,'beforeFind',861,862),(455,25,NULL,NULL,'beforeFind',111,112),(456,159,NULL,NULL,'beforeFind',439,440),(457,401,NULL,NULL,'beforeFind',803,804),(458,190,NULL,NULL,'beforeFind',495,496),(459,48,NULL,NULL,'beforeFind',161,162),(460,68,NULL,NULL,'beforeFind',217,218),(461,91,NULL,NULL,'beforeFind',271,272),(462,1,NULL,NULL,'Nodetypes',864,917),(463,462,NULL,NULL,'paramFilters',865,866),(464,462,NULL,NULL,'get_index',867,868),(465,462,NULL,NULL,'admin_index',869,870),(466,462,NULL,NULL,'post_add',871,872),(467,462,NULL,NULL,'admin_add',873,874),(468,462,NULL,NULL,'get_edit',875,876),(469,462,NULL,NULL,'post_edit',877,878),(470,462,NULL,NULL,'admin_edit',879,880),(471,462,NULL,NULL,'admin_delete',881,882),(472,462,NULL,NULL,'admin_deletemulti',883,884),(473,462,NULL,NULL,'beforeFind',885,886),(474,462,NULL,NULL,'recordsforpage',887,888),(475,462,NULL,NULL,'filterConfig',889,890),(476,462,NULL,NULL,'getlocalesValidates',891,892),(477,462,NULL,NULL,'readWithLocale',893,894),(478,462,NULL,NULL,'getlocales',895,896),(479,462,NULL,NULL,'isRoot',897,898),(480,462,NULL,NULL,'validationLocale',899,900),(481,462,NULL,NULL,'setSidebarMenu',901,902),(482,462,NULL,NULL,'setHeaderMenu',903,904),(483,462,NULL,NULL,'is_Authorizate',905,906),(484,462,NULL,NULL,'getMethod',907,908),(485,462,NULL,NULL,'ajaxVariablesInit',909,910),(486,462,NULL,NULL,'installBase',911,912),(487,462,NULL,NULL,'syncACL',913,914),(488,462,NULL,NULL,'install_acl',915,916),(489,113,NULL,NULL,'beforeFind',307,308),(490,266,NULL,NULL,'beforeFind',587,588),(491,347,NULL,NULL,'beforeFind',699,700),(492,320,NULL,NULL,'beforeFind',643,644),(493,126,NULL,NULL,'beforeFind',381,382),(494,213,NULL,NULL,'beforeFind',531,532),(495,1,NULL,NULL,'Nodesources',918,971),(496,495,NULL,NULL,'paramFilters',919,920),(497,495,NULL,NULL,'get_index',921,922),(498,495,NULL,NULL,'admin_index',923,924),(499,495,NULL,NULL,'post_add',925,926),(500,495,NULL,NULL,'admin_add',927,928),(501,495,NULL,NULL,'get_edit',929,930),(502,495,NULL,NULL,'post_edit',931,932),(503,495,NULL,NULL,'admin_edit',933,934),(504,495,NULL,NULL,'admin_delete',935,936),(505,495,NULL,NULL,'admin_deletemulti',937,938),(506,495,NULL,NULL,'beforeFind',939,940),(507,495,NULL,NULL,'recordsforpage',941,942),(508,495,NULL,NULL,'filterConfig',943,944),(509,495,NULL,NULL,'getlocalesValidates',945,946),(510,495,NULL,NULL,'readWithLocale',947,948),(511,495,NULL,NULL,'getlocales',949,950),(512,495,NULL,NULL,'isRoot',951,952),(513,495,NULL,NULL,'validationLocale',953,954),(514,495,NULL,NULL,'setSidebarMenu',955,956),(515,495,NULL,NULL,'setHeaderMenu',957,958),(516,495,NULL,NULL,'is_Authorizate',959,960),(517,495,NULL,NULL,'getMethod',961,962),(518,495,NULL,NULL,'ajaxVariablesInit',963,964),(519,495,NULL,NULL,'installBase',965,966),(520,495,NULL,NULL,'syncACL',967,968),(521,495,NULL,NULL,'install_acl',969,970);
/*!40000 ALTER TABLE `acos` ENABLE KEYS */;
UNLOCK TABLES;

--
-- Table structure for table `actions`
--

DROP TABLE IF EXISTS `actions`;
/*!40101 SET @saved_cs_client     = @@character_set_client */;
/*!40101 SET character_set_client = utf8 */;
CREATE TABLE `actions` (
  `id` int(11) NOT NULL AUTO_INCREMENT,
  `name` varchar(255) NOT NULL,
  `url` varchar(255) NOT NULL,
  `order` int(2) NOT NULL,
  `category_id` int(11) NOT NULL,
  `created` datetime NOT NULL,
  `modified` datetime NOT NULL,
  PRIMARY KEY (`id`),
  KEY `fk_actions_categories1_idx` (`category_id`),
  CONSTRAINT `fk_actions_categories1` FOREIGN KEY (`category_id`) REFERENCES `categories` (`id`) ON DELETE NO ACTION ON UPDATE NO ACTION
) ENGINE=InnoDB AUTO_INCREMENT=53 DEFAULT CHARSET=latin1;
/*!40101 SET character_set_client = @saved_cs_client */;

--
-- Dumping data for table `actions`
--

LOCK TABLES `actions` WRITE;
/*!40000 ALTER TABLE `actions` DISABLE KEYS */;
INSERT INTO `actions` VALUES (30,'CategorÃ­as : Listado','/admin/categories/index',0,16,'2015-10-14 15:52:17','2015-10-14 15:52:17'),(31,'Corporaciones : Listado','/admin/corporations/index',0,10,'2015-10-14 15:52:37','2015-10-14 15:52:37'),(32,'Empresas : Listado','/admin/companies/index',0,11,'2015-10-14 15:52:59','2015-10-14 15:52:59'),(33,'Funciones : Listado','/admin/actions/index',0,17,'2015-10-14 15:53:55','2015-10-14 15:53:55'),(34,'Grupos : Listado','/admin/groups/index',0,14,'2015-10-14 15:54:19','2015-10-14 15:54:19'),(35,'Modulos : Listado','/admin/modules/index',0,15,'2015-10-14 15:54:40','2015-10-14 15:54:40'),(36,'Permisos : ACL','/admin/groupactions/acl',1,18,'2015-10-14 15:55:11','2015-10-14 15:55:11'),(37,'Permisos : Listado','/admin/groupactions/index',0,18,'2015-10-14 15:55:33','2015-10-14 15:55:33'),(38,'Usuarios : Listado','/admin/users/index',0,12,'2015-10-14 15:55:58','2015-10-14 15:55:58'),(39,'Usuarios : Sync','/admin/users/initDB',1,12,'2015-10-14 15:56:20','2015-10-14 15:56:20'),(40,'Administrar Cuestionarios','/admin/questionnaires/index/',0,19,'2015-10-16 11:09:31','2015-10-16 11:09:31'),(41,'Administrar Secciones','/admin/sections/index/',1,19,'2015-10-16 13:59:32','2015-10-17 11:07:24'),(42,'Administrar Preguntas','/admin/questions/index/ ',2,19,'2015-10-16 19:43:49','2015-10-17 11:07:30'),(43,'Administrar Respuestas','/admin/answers/index/',5,19,'2015-10-16 21:01:39','2015-10-17 11:07:34'),(44,'Asignar Cuestionarios a Empresas','/admin/companyquestionnaires/index',1,23,'2015-10-17 15:32:08','2015-10-17 15:35:34'),(45,'GestiÃ³n EstratÃ©gica','/admin/users/home/',0,24,'2015-10-19 10:29:33','2015-10-19 10:29:33'),(46,'PlanificaciÃ³n TÃ¡ctica','/admin/users/home/',0,27,'2015-10-19 10:29:54','2015-10-19 10:29:54'),(47,'GestiÃ³n Operativa','/admin/users/home/',0,25,'2015-10-19 10:30:16','2015-10-19 10:30:16'),(48,'Memoria y Cuenta','/admin/users/home/',0,26,'2015-10-19 10:30:29','2015-10-19 10:30:29'),(49,'Instrumentos','/admin/users/home/ ',0,28,'2015-10-19 10:43:50','2015-10-19 10:43:50'),(50,'Realizar una AutoevaluaciÃ³n','/admin/autoevaluations/index',1,29,'2015-10-19 23:24:27','2015-10-19 23:27:27'),(51,'Tipos de nodo','/admin/nodetypes/index',0,30,'2015-10-20 18:47:27','2015-10-20 18:47:27'),(52,'Fuentes de nodos','/admin/nodesources/index',0,31,'2015-10-20 18:58:34','2015-10-20 18:58:34');
/*!40000 ALTER TABLE `actions` ENABLE KEYS */;
UNLOCK TABLES;

--
-- Table structure for table `answers`
--

DROP TABLE IF EXISTS `answers`;
/*!40101 SET @saved_cs_client     = @@character_set_client */;
/*!40101 SET character_set_client = utf8 */;
CREATE TABLE `answers` (
  `id` int(11) NOT NULL AUTO_INCREMENT,
  `question_id` int(11) NOT NULL,
  `name` varchar(45) COLLATE utf8_unicode_ci NOT NULL,
  `points` int(11) NOT NULL,
  `feedback_title` text COLLATE utf8_unicode_ci,
  `feedback` text COLLATE utf8_unicode_ci,
  `order` int(11) DEFAULT NULL,
  PRIMARY KEY (`id`),
  KEY `question_id` (`question_id`)
) ENGINE=MyISAM AUTO_INCREMENT=164 DEFAULT CHARSET=utf8 COLLATE=utf8_unicode_ci;
/*!40101 SET character_set_client = @saved_cs_client */;

--
-- Dumping data for table `answers`
--

LOCK TABLES `answers` WRITE;
/*!40000 ALTER TABLE `answers` DISABLE KEYS */;
INSERT INTO `answers` VALUES (130,32,'No aplicable',0,'','',5),(129,32,'No sÃ©',0,'','',4),(126,32,'Si',2,'','',1),(127,32,'En parte',1,'','',2),(128,32,'No',0,'','',3),(11,9,'Si',2,'','',1),(3,7,'No',0,'','',3),(4,7,'No sÃ©',0,'','',4),(5,7,'No aplicable',0,'','',5),(6,8,'Si',2,'','',1),(7,8,'En parte',1,'','',2),(8,8,'No',0,'','',3),(9,8,'No sÃ©',0,'','',4),(10,8,'No aplicable',0,'','',5),(2,7,'En parte',1,'','',2),(1,7,'Si',2,'','',1),(125,31,'No aplicable',0,'','',5),(124,31,'No sÃ©',0,'','',4),(123,31,'No',0,'','',3),(122,31,'En parte',1,'','',2),(121,31,'Si',2,'','',1),(120,30,'No aplicable',0,'','',5),(119,30,'No sÃ©',0,'','',4),(118,30,'No',0,'','',3),(117,30,'En parte',1,'','',2),(116,30,'Si',2,'','',1),(115,29,'No aplicable',0,'','',5),(114,29,'No sÃ©',0,'','',4),(113,29,'No',0,'','',3),(112,29,'En parte',1,'','',2),(111,29,'Si',2,'','',1),(110,28,'No aplicable',0,'','',5),(109,28,'No sÃ©',0,'','',4),(108,28,'No',0,'','',3),(107,28,'En parte',1,'','',2),(106,28,'Si',2,'','',1),(105,27,'No aplicable',0,'','',5),(104,27,'No sÃ©',0,'','',4),(103,27,'No',0,'','',3),(102,27,'En parte',1,'','',2),(101,27,'Si',2,'','',1),(100,26,'No aplicable',0,'','',5),(99,26,'No sÃ©',0,'','',4),(98,26,'No',0,'','',3),(97,26,'En parte',1,'','',2),(96,26,'Si',2,'','',1),(95,25,'No aplicable',0,'','',5),(94,25,'No sÃ©',0,'','',4),(93,25,'No',0,'','',3),(92,25,'En parte',1,'','',2),(91,25,'Si',2,'','',1),(90,24,'No aplicable',0,'','',5),(89,24,'No sÃ©',0,'','',4),(88,24,'No',0,'','',3),(87,24,'En parte',1,'','',2),(86,24,'Si',2,'','',1),(85,23,'No aplicable',0,'','',5),(84,23,'No sÃ©',0,'','',4),(83,23,'No',0,'','',3),(82,23,'En parte',1,'','',2),(81,23,'Si',2,'','',1),(80,22,'No aplicable',0,'','',5),(79,22,'No sÃ©',0,'','',4),(78,22,'No',0,'','',3),(77,22,'En parte',1,'','',2),(76,22,'Si',2,'','',1),(75,21,'No aplicable',0,'','',5),(74,21,'No sÃ©',0,'','',4),(73,21,'No',0,'','',3),(72,21,'En parte',1,'','',2),(71,21,'Si',2,'','',1),(70,20,'No aplicable',0,'','',5),(69,20,'No sÃ©',0,'','',4),(68,20,'No',0,'','',3),(67,20,'En parte',1,'','',2),(66,20,'Si',2,'','',1),(65,19,'No aplicable',0,'','',5),(64,19,'No sÃ©',0,'','',4),(63,19,'No',0,'','',3),(62,19,'En parte',1,'','',2),(61,19,'Si',2,'','',1),(60,18,'No aplicable',0,'','',5),(59,18,'No sÃ©',0,'','',4),(58,18,'No',0,'','',3),(57,18,'En parte',1,'','',2),(56,18,'Si',2,'','',1),(55,17,'No aplicable',0,'','',5),(54,17,'No sÃ©',0,'','',4),(53,17,'No',0,'','',3),(52,17,'En parte',1,'','',2),(51,17,'Si',2,'','',1),(50,16,'No aplicable',0,'','',5),(49,16,'No sÃ©',0,'','',4),(48,16,'No',0,'','',3),(47,16,'En parte',1,'','',2),(46,16,'Si',2,'','',1),(45,15,'No aplicable',0,'','',5),(44,15,'No sÃ©',0,'','',4),(43,15,'No',0,'','',3),(42,15,'En parte',1,'','',2),(41,15,'Si',2,'','',1),(40,14,'No aplicable',0,'','',5),(39,14,'No sÃ©',0,'','',4),(38,14,'No',0,'','',3),(37,14,'En parte',1,'','',2),(36,14,'Si',2,'','',1),(35,13,'No aplicable',0,'','',5),(34,13,'No sÃ©',0,'','',4),(33,13,'No',0,'','',3),(32,13,'En parte',1,'','',2),(31,13,'Si',2,'','',1),(30,12,'No aplicable',0,'','',5),(29,12,'No sÃ©',0,'','',4),(28,12,'No',0,'','',3),(27,12,'En parte',1,'','',2),(26,12,'Si',2,'','',1),(25,11,'No aplicable',0,'','',5),(24,11,'No sÃ©',0,'','',4),(23,11,'No',0,'','',3),(22,11,'En parte',1,'','',2),(21,11,'Si',2,'','',1),(20,10,'No aplicable',0,'','',5),(19,10,'No sÃ©',0,'','',4),(18,10,'No',0,'','',3),(17,10,'En parte',1,'','',2),(16,10,'Si',2,'','',1),(15,9,'No aplicable',0,'','',5),(14,9,'No sÃ©',0,'','',4),(13,9,'No',0,'','',3),(12,9,'En parte',1,'','',2),(131,33,'Si',2,'','',1),(132,33,'En parte',1,'','',2),(133,33,'No',0,'','',3),(134,33,'No sÃ©',0,'','',4),(135,33,'No aplicable',0,'','',5),(136,34,'Si',2,'','',1),(137,34,'En parte',1,'','',2),(138,34,'No',0,'','',3),(139,34,'No sÃ©',0,'','',4),(140,34,'No aplicable',0,'','',5),(141,35,'Si',2,'','',1),(142,35,'En parte',1,'','',2),(143,35,'No',0,'','',3),(144,35,'No sÃ©',0,'','',4),(145,35,'No aplicable',0,'','',5);
/*!40000 ALTER TABLE `answers` ENABLE KEYS */;
UNLOCK TABLES;

--
-- Table structure for table `aros`
--

DROP TABLE IF EXISTS `aros`;
/*!40101 SET @saved_cs_client     = @@character_set_client */;
/*!40101 SET character_set_client = utf8 */;
CREATE TABLE `aros` (
  `id` int(10) NOT NULL AUTO_INCREMENT,
  `parent_id` int(10) DEFAULT NULL,
  `model` varchar(255) DEFAULT NULL,
  `foreign_key` int(10) DEFAULT NULL,
  `alias` varchar(255) DEFAULT NULL,
  `lft` int(10) DEFAULT NULL,
  `rght` int(10) DEFAULT NULL,
  PRIMARY KEY (`id`),
  KEY `idx_aros_lft_rght` (`lft`,`rght`),
  KEY `idx_aros_alias` (`alias`),
  KEY `idx_aros_model_foreign_key` (`model`,`foreign_key`)
) ENGINE=InnoDB AUTO_INCREMENT=865 DEFAULT CHARSET=latin1;
/*!40101 SET character_set_client = @saved_cs_client */;

--
-- Dumping data for table `aros`
--

LOCK TABLES `aros` WRITE;
/*!40000 ALTER TABLE `aros` DISABLE KEYS */;
INSERT INTO `aros` VALUES (1,NULL,'Group',1,NULL,1,6),(2,1,'User',1,NULL,2,3),(3,NULL,'Module',1,NULL,7,8),(4,NULL,'Category',1,NULL,9,10),(5,NULL,'Category',2,NULL,11,12),(6,NULL,'Category',3,NULL,13,14),(7,NULL,'Category',4,NULL,15,16),(8,NULL,'Category',5,NULL,17,18),(9,NULL,'Category',6,NULL,19,20),(10,NULL,'Module',2,NULL,21,22),(11,NULL,'Category',7,NULL,23,24),(12,NULL,'Company',1,NULL,25,26),(16,1,'User',3,NULL,4,5),(17,NULL,'Group',2,NULL,27,32),(20,NULL,'Module',3,NULL,33,34),(21,17,'User',6,NULL,28,29),(22,NULL,'Group',3,NULL,35,42),(23,NULL,'Company',4,NULL,43,44),(24,22,'User',7,NULL,36,37),(25,22,'User',8,NULL,38,39),(26,NULL,'Module',4,NULL,45,46),(27,NULL,'Category',8,NULL,47,48),(28,NULL,'Corporation',0,NULL,49,50),(30,NULL,'Corporation',3,NULL,51,52),(31,22,'User',9,NULL,40,41),(32,NULL,'Group',4,NULL,53,60),(33,32,'User',10,NULL,54,55),(34,NULL,'Corporation',4,NULL,61,62),(36,NULL,'Company',6,NULL,63,64),(37,NULL,'Company',7,NULL,65,66),(39,32,'User',11,NULL,56,57),(40,32,'User',12,NULL,58,59),(41,NULL,'Module',5,NULL,67,68),(42,NULL,'Category',9,NULL,69,70),(43,17,'User',13,NULL,30,31),(44,NULL,'Module',6,NULL,71,72),(45,NULL,'Module',7,NULL,73,74),(46,NULL,'Module',8,NULL,75,76),(48,NULL,'Group',5,NULL,77,80),(49,NULL,'Group',6,NULL,81,86),(50,NULL,'Group',7,NULL,87,92),(51,NULL,'Group',8,NULL,93,94),(53,NULL,'Module',11,NULL,95,96),(55,NULL,'Module',13,NULL,97,98),(57,NULL,'Category',10,NULL,99,100),(58,NULL,'Category',11,NULL,101,102),(59,NULL,'Category',12,NULL,103,104),(61,NULL,'Category',14,NULL,105,106),(62,NULL,'Category',15,NULL,107,108),(63,NULL,'Category',16,NULL,109,110),(64,NULL,'Category',17,NULL,111,112),(65,NULL,'Category',18,NULL,113,114),(66,48,'User',14,NULL,78,79),(67,NULL,'Corporation',5,NULL,115,116),(68,NULL,'Company',9,NULL,117,118),(69,NULL,'Company',10,NULL,119,120),(70,49,'User',15,NULL,82,83),(71,50,'User',16,NULL,88,89),(73,NULL,'Corporation',7,NULL,121,122),(74,NULL,'Company',11,NULL,123,124),(76,49,'User',17,NULL,84,85),(77,50,'User',18,NULL,90,91),(79,NULL,'Group',9,NULL,125,130),(80,79,'User',19,NULL,126,127),(81,79,'User',20,NULL,128,129),(82,NULL,'Questionnaire',0,NULL,131,132),(86,NULL,'Questionnaire',5,NULL,133,134),(88,NULL,'Module',15,NULL,135,136),(89,NULL,'Category',19,NULL,137,138),(90,NULL,'Section',0,NULL,139,140),(91,NULL,'Section',2,NULL,141,142),(92,NULL,'Section',1,NULL,143,144),(93,NULL,'Section',2,NULL,145,146),(95,NULL,'Questionnaire',7,NULL,147,148),(96,NULL,'Section',4,NULL,149,150),(99,NULL,'Question',3,NULL,151,152),(100,NULL,'Question',4,NULL,153,154),(101,NULL,'Question',5,NULL,155,156),(102,NULL,'Answer',1,NULL,157,158),(103,NULL,'Corporation',9,NULL,159,160),(104,NULL,'Company',13,NULL,161,162),(106,NULL,'Section',5,NULL,163,164),(107,NULL,'Section',6,NULL,165,166),(108,NULL,'Question',6,NULL,167,168),(109,NULL,'Answer',2,NULL,169,170),(110,NULL,'Answer',3,NULL,171,172),(114,NULL,'Questionnaire',9,NULL,173,174),(115,NULL,'Category',23,NULL,175,176),(116,NULL,'Module',16,NULL,177,178),(117,NULL,'Module',17,NULL,179,180),(118,NULL,'Module',18,NULL,181,182),(119,NULL,'Module',19,NULL,183,184),(120,NULL,'Category',24,NULL,185,186),(121,NULL,'Category',25,NULL,187,188),(122,NULL,'Category',26,NULL,189,190),(123,NULL,'Category',27,NULL,191,192),(124,NULL,'Module',20,NULL,193,194),(125,NULL,'Category',28,NULL,195,196),(126,NULL,'Company',14,NULL,197,198),(127,NULL,'Autoevaluation',1,NULL,199,200),(128,NULL,'Autoevaluation',2,NULL,201,202),(129,NULL,'Autoevaluation',3,NULL,203,204),(130,NULL,'Autoevaluation',4,NULL,205,206),(131,NULL,'Autoevaluation',5,NULL,207,208),(132,NULL,'Autoevaluation',6,NULL,209,210),(133,NULL,'Autoevaluation',7,NULL,211,212),(134,NULL,'Autoevaluation',8,NULL,213,214),(135,NULL,'Autoevaluation',9,NULL,215,216),(136,NULL,'Autoevaluation',10,NULL,217,218),(137,NULL,'Autoevaluation',11,NULL,219,220),(138,NULL,'Autoevaluation',12,NULL,221,222),(139,NULL,'Autoevaluation',13,NULL,223,224),(140,NULL,'Autoevaluation',14,NULL,225,226),(141,NULL,'Autoevaluation',15,NULL,227,228),(142,NULL,'Autoevaluation',16,NULL,229,230),(143,NULL,'Autoevaluation',17,NULL,231,232),(144,NULL,'Autoevaluation',18,NULL,233,234),(145,NULL,'Autoevaluation',19,NULL,235,236),(146,NULL,'Autoevaluationanswer',1,NULL,237,238),(147,NULL,'Autoevaluationanswer',2,NULL,239,240),(148,NULL,'Autoevaluation',20,NULL,241,242),(149,NULL,'Autoevaluationanswer',3,NULL,243,244),(150,NULL,'Autoevaluationanswer',4,NULL,245,246),(151,NULL,'Autoevaluation',21,NULL,247,248),(152,NULL,'Autoevaluationanswer',5,NULL,249,250),(153,NULL,'Autoevaluationanswer',6,NULL,251,252),(154,NULL,'Autoevaluation',22,NULL,253,254),(155,NULL,'Autoevaluationanswer',7,NULL,255,256),(156,NULL,'Autoevaluationanswer',8,NULL,257,258),(157,NULL,'Autoevaluation',23,NULL,259,260),(158,NULL,'Autoevaluationanswer',9,NULL,261,262),(159,NULL,'Autoevaluationanswer',10,NULL,263,264),(160,NULL,'Autoevaluation',24,NULL,265,266),(161,NULL,'Autoevaluationanswer',11,NULL,267,268),(162,NULL,'Autoevaluationanswer',12,NULL,269,270),(163,NULL,'Autoevaluation',25,NULL,271,272),(164,NULL,'Autoevaluationanswer',13,NULL,273,274),(165,NULL,'Autoevaluationanswer',14,NULL,275,276),(166,NULL,'Autoevaluation',26,NULL,277,278),(167,NULL,'Autoevaluationanswer',15,NULL,279,280),(168,NULL,'Autoevaluationanswer',16,NULL,281,282),(169,NULL,'Autoevaluation',27,NULL,283,284),(170,NULL,'Autoevaluation',28,NULL,285,286),(171,NULL,'Autoevaluationanswer',17,NULL,287,288),(172,NULL,'Autoevaluationanswer',18,NULL,289,290),(173,NULL,'Autoevaluation',29,NULL,291,292),(174,NULL,'Autoevaluation',30,NULL,293,294),(175,NULL,'Autoevaluationanswer',19,NULL,295,296),(176,NULL,'Autoevaluationanswer',20,NULL,297,298),(177,NULL,'Autoevaluation',31,NULL,299,300),(178,NULL,'Autoevaluation',32,NULL,301,302),(179,NULL,'Autoevaluationanswer',21,NULL,303,304),(180,NULL,'Autoevaluationanswer',22,NULL,305,306),(181,NULL,'Autoevaluation',5,NULL,307,308),(182,NULL,'Autoevaluation',17,NULL,309,310),(183,NULL,'Autoevaluation',11,NULL,311,312),(184,NULL,'Autoevaluation',7,NULL,313,314),(185,NULL,'Autoevaluation',33,NULL,315,316),(186,NULL,'Autoevaluationanswer',23,NULL,317,318),(187,NULL,'Autoevaluationanswer',24,NULL,319,320),(188,NULL,'Autoevaluation',34,NULL,321,322),(189,NULL,'Autoevaluationanswer',25,NULL,323,324),(190,NULL,'Autoevaluationanswer',26,NULL,325,326),(191,NULL,'Autoevaluation',35,NULL,327,328),(192,NULL,'Autoevaluationanswer',27,NULL,329,330),(193,NULL,'Autoevaluationanswer',28,NULL,331,332),(194,NULL,'Autoevaluation',36,NULL,333,334),(195,NULL,'Autoevaluationanswer',29,NULL,335,336),(196,NULL,'Autoevaluationanswer',30,NULL,337,338),(197,NULL,'Autoevaluation',37,NULL,339,340),(198,NULL,'Autoevaluationanswer',31,NULL,341,342),(199,NULL,'Autoevaluationanswer',32,NULL,343,344),(200,NULL,'Autoevaluation',38,NULL,345,346),(201,NULL,'Autoevaluationanswer',33,NULL,347,348),(202,NULL,'Autoevaluationanswer',34,NULL,349,350),(203,NULL,'Autoevaluation',39,NULL,351,352),(204,NULL,'Autoevaluationanswer',35,NULL,353,354),(205,NULL,'Autoevaluationanswer',36,NULL,355,356),(206,NULL,'Autoevaluation',40,NULL,357,358),(207,NULL,'Autoevaluationanswer',37,NULL,359,360),(208,NULL,'Autoevaluationanswer',38,NULL,361,362),(209,NULL,'Autoevaluation',41,NULL,363,364),(210,NULL,'Autoevaluationanswer',39,NULL,365,366),(211,NULL,'Autoevaluationanswer',40,NULL,367,368),(212,NULL,'Autoevaluation',42,NULL,369,370),(213,NULL,'Autoevaluationanswer',41,NULL,371,372),(214,NULL,'Autoevaluationanswer',42,NULL,373,374),(215,NULL,'Autoevaluation',43,NULL,375,376),(216,NULL,'Autoevaluationanswer',43,NULL,377,378),(217,NULL,'Autoevaluationanswer',44,NULL,379,380),(218,NULL,'Autoevaluation',44,NULL,381,382),(219,NULL,'Autoevaluationanswer',45,NULL,383,384),(220,NULL,'Autoevaluationanswer',46,NULL,385,386),(221,NULL,'Autoevaluation',45,NULL,387,388),(222,NULL,'Autoevaluationanswer',47,NULL,389,390),(223,NULL,'Autoevaluationanswer',48,NULL,391,392),(224,NULL,'Autoevaluation',46,NULL,393,394),(225,NULL,'Autoevaluationanswer',49,NULL,395,396),(226,NULL,'Autoevaluationanswer',50,NULL,397,398),(228,NULL,'Autoevaluationanswer',51,NULL,399,400),(229,NULL,'Autoevaluationanswer',52,NULL,401,402),(230,NULL,'Autoevaluation',48,NULL,403,404),(231,NULL,'Autoevaluationanswer',53,NULL,405,406),(232,NULL,'Autoevaluationanswer',54,NULL,407,408),(233,NULL,'Autoevaluation',49,NULL,409,410),(234,NULL,'Autoevaluationanswer',55,NULL,411,412),(235,NULL,'Autoevaluationanswer',56,NULL,413,414),(236,NULL,'Autoevaluation',50,NULL,415,416),(237,NULL,'Autoevaluationanswer',57,NULL,417,418),(238,NULL,'Autoevaluationanswer',58,NULL,419,420),(239,NULL,'Autoevaluation',51,NULL,421,422),(240,NULL,'Autoevaluationanswer',59,NULL,423,424),(241,NULL,'Autoevaluationanswer',60,NULL,425,426),(242,NULL,'Autoevaluation',52,NULL,427,428),(243,NULL,'Autoevaluationanswer',61,NULL,429,430),(244,NULL,'Autoevaluationanswer',62,NULL,431,432),(245,NULL,'Autoevaluation',53,NULL,433,434),(246,NULL,'Autoevaluationanswer',63,NULL,435,436),(247,NULL,'Autoevaluationanswer',64,NULL,437,438),(248,NULL,'Autoevaluation',54,NULL,439,440),(249,NULL,'Autoevaluationanswer',65,NULL,441,442),(250,NULL,'Autoevaluationanswer',66,NULL,443,444),(251,NULL,'Autoevaluation',55,NULL,445,446),(252,NULL,'Autoevaluationanswer',67,NULL,447,448),(253,NULL,'Autoevaluationanswer',68,NULL,449,450),(254,NULL,'Autoevaluation',56,NULL,451,452),(255,NULL,'Autoevaluationanswer',69,NULL,453,454),(256,NULL,'Autoevaluationanswer',70,NULL,455,456),(257,NULL,'Autoevaluation',57,NULL,457,458),(258,NULL,'Autoevaluationanswer',71,NULL,459,460),(259,NULL,'Autoevaluationanswer',72,NULL,461,462),(260,NULL,'Autoevaluation',58,NULL,463,464),(261,NULL,'Autoevaluationanswer',73,NULL,465,466),(262,NULL,'Autoevaluationanswer',74,NULL,467,468),(263,NULL,'Autoevaluation',59,NULL,469,470),(264,NULL,'Autoevaluationanswer',75,NULL,471,472),(265,NULL,'Autoevaluationanswer',76,NULL,473,474),(266,NULL,'Autoevaluation',60,NULL,475,476),(267,NULL,'Autoevaluationanswer',77,NULL,477,478),(268,NULL,'Autoevaluationanswer',78,NULL,479,480),(269,NULL,'Autoevaluation',61,NULL,481,482),(270,NULL,'Autoevaluationanswer',79,NULL,483,484),(271,NULL,'Autoevaluationanswer',80,NULL,485,486),(272,NULL,'Autoevaluation',62,NULL,487,488),(273,NULL,'Autoevaluationanswer',81,NULL,489,490),(274,NULL,'Autoevaluationanswer',82,NULL,491,492),(275,NULL,'Autoevaluation',63,NULL,493,494),(276,NULL,'Autoevaluationanswer',83,NULL,495,496),(277,NULL,'Autoevaluationanswer',84,NULL,497,498),(278,NULL,'Autoevaluation',64,NULL,499,500),(279,NULL,'Autoevaluationanswer',85,NULL,501,502),(280,NULL,'Autoevaluationanswer',86,NULL,503,504),(281,NULL,'Autoevaluation',65,NULL,505,506),(282,NULL,'Autoevaluationanswer',87,NULL,507,508),(283,NULL,'Autoevaluationanswer',88,NULL,509,510),(284,NULL,'Autoevaluation',66,NULL,511,512),(285,NULL,'Autoevaluationanswer',89,NULL,513,514),(286,NULL,'Autoevaluationanswer',90,NULL,515,516),(287,NULL,'Autoevaluation',67,NULL,517,518),(288,NULL,'Autoevaluationanswer',91,NULL,519,520),(289,NULL,'Autoevaluationanswer',92,NULL,521,522),(290,NULL,'Autoevaluation',68,NULL,523,524),(291,NULL,'Autoevaluationanswer',93,NULL,525,526),(292,NULL,'Autoevaluationanswer',94,NULL,527,528),(293,NULL,'Autoevaluation',69,NULL,529,530),(294,NULL,'Autoevaluationanswer',95,NULL,531,532),(295,NULL,'Autoevaluationanswer',96,NULL,533,534),(296,NULL,'Autoevaluation',70,NULL,535,536),(297,NULL,'Autoevaluationanswer',97,NULL,537,538),(298,NULL,'Autoevaluationanswer',98,NULL,539,540),(299,NULL,'Autoevaluation',71,NULL,541,542),(300,NULL,'Autoevaluationanswer',99,NULL,543,544),(301,NULL,'Autoevaluationanswer',100,NULL,545,546),(302,NULL,'Autoevaluation',72,NULL,547,548),(303,NULL,'Autoevaluationanswer',101,NULL,549,550),(304,NULL,'Autoevaluationanswer',102,NULL,551,552),(305,NULL,'Autoevaluation',73,NULL,553,554),(306,NULL,'Autoevaluationanswer',103,NULL,555,556),(307,NULL,'Autoevaluationanswer',104,NULL,557,558),(308,NULL,'Autoevaluation',74,NULL,559,560),(309,NULL,'Autoevaluationanswer',105,NULL,561,562),(310,NULL,'Autoevaluationanswer',106,NULL,563,564),(312,NULL,'Autoevaluationanswer',107,NULL,565,566),(313,NULL,'Autoevaluationanswer',108,NULL,567,568),(314,NULL,'Autoevaluation',76,NULL,569,570),(315,NULL,'Autoevaluationanswer',109,NULL,571,572),(316,NULL,'Autoevaluationanswer',110,NULL,573,574),(317,NULL,'Autoevaluation',77,NULL,575,576),(318,NULL,'Autoevaluationanswer',111,NULL,577,578),(319,NULL,'Autoevaluationanswer',112,NULL,579,580),(320,NULL,'Autoevaluation',78,NULL,581,582),(321,NULL,'Autoevaluationanswer',113,NULL,583,584),(322,NULL,'Autoevaluationanswer',114,NULL,585,586),(323,NULL,'Autoevaluation',79,NULL,587,588),(324,NULL,'Autoevaluationanswer',115,NULL,589,590),(325,NULL,'Autoevaluationanswer',116,NULL,591,592),(326,NULL,'Autoevaluation',80,NULL,593,594),(327,NULL,'Autoevaluationanswer',117,NULL,595,596),(328,NULL,'Autoevaluationanswer',118,NULL,597,598),(329,NULL,'Autoevaluation',81,NULL,599,600),(330,NULL,'Autoevaluationanswer',119,NULL,601,602),(331,NULL,'Autoevaluationanswer',120,NULL,603,604),(332,NULL,'Autoevaluation',82,NULL,605,606),(333,NULL,'Autoevaluationanswer',121,NULL,607,608),(334,NULL,'Autoevaluationanswer',122,NULL,609,610),(335,NULL,'Autoevaluation',83,NULL,611,612),(336,NULL,'Autoevaluationanswer',123,NULL,613,614),(337,NULL,'Autoevaluationanswer',124,NULL,615,616),(338,NULL,'Autoevaluation',84,NULL,617,618),(339,NULL,'Autoevaluationanswer',125,NULL,619,620),(340,NULL,'Autoevaluationanswer',126,NULL,621,622),(341,NULL,'Autoevaluation',85,NULL,623,624),(342,NULL,'Autoevaluationanswer',127,NULL,625,626),(343,NULL,'Autoevaluationanswer',128,NULL,627,628),(344,NULL,'Autoevaluation',86,NULL,629,630),(345,NULL,'Autoevaluationanswer',129,NULL,631,632),(346,NULL,'Autoevaluationanswer',130,NULL,633,634),(347,NULL,'Autoevaluation',87,NULL,635,636),(348,NULL,'Autoevaluationanswer',131,NULL,637,638),(349,NULL,'Autoevaluationanswer',132,NULL,639,640),(350,NULL,'Autoevaluation',88,NULL,641,642),(351,NULL,'Autoevaluationanswer',133,NULL,643,644),(352,NULL,'Autoevaluationanswer',134,NULL,645,646),(353,NULL,'Autoevaluation',89,NULL,647,648),(354,NULL,'Autoevaluationanswer',135,NULL,649,650),(355,NULL,'Autoevaluationanswer',136,NULL,651,652),(356,NULL,'Autoevaluation',90,NULL,653,654),(357,NULL,'Autoevaluationanswer',137,NULL,655,656),(358,NULL,'Autoevaluationanswer',138,NULL,657,658),(359,NULL,'Autoevaluation',91,NULL,659,660),(360,NULL,'Autoevaluationanswer',139,NULL,661,662),(361,NULL,'Autoevaluationanswer',140,NULL,663,664),(362,NULL,'Autoevaluation',92,NULL,665,666),(363,NULL,'Autoevaluationanswer',141,NULL,667,668),(364,NULL,'Autoevaluationanswer',142,NULL,669,670),(365,NULL,'Autoevaluation',93,NULL,671,672),(366,NULL,'Autoevaluationanswer',143,NULL,673,674),(367,NULL,'Autoevaluationanswer',144,NULL,675,676),(368,NULL,'Autoevaluation',94,NULL,677,678),(369,NULL,'Autoevaluationanswer',145,NULL,679,680),(370,NULL,'Autoevaluationanswer',146,NULL,681,682),(371,NULL,'Autoevaluation',95,NULL,683,684),(372,NULL,'Autoevaluationanswer',147,NULL,685,686),(373,NULL,'Autoevaluationanswer',148,NULL,687,688),(374,NULL,'Autoevaluation',96,NULL,689,690),(375,NULL,'Autoevaluationanswer',149,NULL,691,692),(376,NULL,'Autoevaluationanswer',150,NULL,693,694),(378,NULL,'Autoevaluationanswer',151,NULL,695,696),(379,NULL,'Autoevaluationanswer',152,NULL,697,698),(381,NULL,'Autoevaluationanswer',153,NULL,699,700),(382,NULL,'Autoevaluationanswer',154,NULL,701,702),(384,NULL,'Autoevaluationanswer',155,NULL,703,704),(385,NULL,'Autoevaluationanswer',156,NULL,705,706),(387,NULL,'Autoevaluationanswer',157,NULL,707,708),(388,NULL,'Autoevaluationanswer',158,NULL,709,710),(390,NULL,'Autoevaluationanswer',159,NULL,711,712),(391,NULL,'Autoevaluationanswer',160,NULL,713,714),(393,NULL,'Autoevaluationanswer',161,NULL,715,716),(394,NULL,'Autoevaluationanswer',162,NULL,717,718),(395,NULL,'Category',29,NULL,719,720),(397,NULL,'Autoevaluation',104,NULL,721,722),(398,NULL,'Autoevaluation',105,NULL,723,724),(399,NULL,'Autoevaluationanswer',163,NULL,725,726),(400,NULL,'Autoevaluationanswer',164,NULL,727,728),(401,NULL,'Autoevaluation',106,NULL,729,730),(402,NULL,'Autoevaluationanswer',165,NULL,731,732),(403,NULL,'Autoevaluationanswer',166,NULL,733,734),(404,NULL,'Questionnaire',10,NULL,735,736),(405,NULL,'Section',7,NULL,737,738),(406,NULL,'Section',8,NULL,739,740),(407,NULL,'Section',9,NULL,741,742),(408,NULL,'Section',10,NULL,743,744),(409,NULL,'Section',11,NULL,745,746),(410,NULL,'Question',7,NULL,747,748),(411,NULL,'Question',8,NULL,749,750),(412,NULL,'Question',9,NULL,751,752),(413,NULL,'Question',10,NULL,753,754),(414,NULL,'Question',11,NULL,755,756),(415,NULL,'Question',12,NULL,757,758),(416,NULL,'Question',13,NULL,759,760),(417,NULL,'Question',14,NULL,761,762),(418,NULL,'Question',15,NULL,763,764),(419,NULL,'Question',16,NULL,765,766),(420,NULL,'Question',17,NULL,767,768),(421,NULL,'Question',18,NULL,769,770),(422,NULL,'Question',19,NULL,771,772),(423,NULL,'Question',20,NULL,773,774),(424,NULL,'Question',21,NULL,775,776),(425,NULL,'Question',22,NULL,777,778),(426,NULL,'Question',23,NULL,779,780),(427,NULL,'Question',24,NULL,781,782),(428,NULL,'Question',25,NULL,783,784),(429,NULL,'Question',26,NULL,785,786),(430,NULL,'Question',27,NULL,787,788),(431,NULL,'Question',28,NULL,789,790),(432,NULL,'Question',29,NULL,791,792),(433,NULL,'Question',30,NULL,793,794),(434,NULL,'Question',31,NULL,795,796),(435,NULL,'Question',32,NULL,797,798),(436,NULL,'Question',33,NULL,799,800),(437,NULL,'Question',34,NULL,801,802),(438,NULL,'Question',35,NULL,803,804),(439,NULL,'Answer',4,NULL,805,806),(440,NULL,'Answer',5,NULL,807,808),(441,NULL,'Answer',6,NULL,809,810),(442,NULL,'Answer',7,NULL,811,812),(443,NULL,'Answer',8,NULL,813,814),(445,NULL,'Autoevaluationanswer',167,NULL,815,816),(446,NULL,'Autoevaluationanswer',168,NULL,817,818),(447,NULL,'Autoevaluationanswer',169,NULL,819,820),(448,NULL,'Autoevaluationanswer',170,NULL,821,822),(449,NULL,'Autoevaluationanswer',171,NULL,823,824),(450,NULL,'Autoevaluationanswer',172,NULL,825,826),(451,NULL,'Autoevaluationanswer',173,NULL,827,828),(452,NULL,'Autoevaluationanswer',174,NULL,829,830),(453,NULL,'Autoevaluationanswer',175,NULL,831,832),(454,NULL,'Autoevaluationanswer',176,NULL,833,834),(455,NULL,'Autoevaluationanswer',177,NULL,835,836),(456,NULL,'Autoevaluationanswer',178,NULL,837,838),(457,NULL,'Autoevaluationanswer',179,NULL,839,840),(458,NULL,'Autoevaluationanswer',180,NULL,841,842),(459,NULL,'Autoevaluationanswer',181,NULL,843,844),(460,NULL,'Autoevaluationanswer',182,NULL,845,846),(461,NULL,'Autoevaluationanswer',183,NULL,847,848),(462,NULL,'Autoevaluationanswer',184,NULL,849,850),(463,NULL,'Autoevaluationanswer',185,NULL,851,852),(464,NULL,'Autoevaluationanswer',186,NULL,853,854),(465,NULL,'Autoevaluationanswer',187,NULL,855,856),(466,NULL,'Autoevaluationanswer',188,NULL,857,858),(467,NULL,'Autoevaluationanswer',189,NULL,859,860),(468,NULL,'Autoevaluationanswer',190,NULL,861,862),(469,NULL,'Autoevaluationanswer',191,NULL,863,864),(470,NULL,'Autoevaluationanswer',192,NULL,865,866),(471,NULL,'Autoevaluationanswer',193,NULL,867,868),(472,NULL,'Autoevaluationanswer',194,NULL,869,870),(474,NULL,'Autoevaluationanswer',195,NULL,871,872),(475,NULL,'Autoevaluationanswer',196,NULL,873,874),(476,NULL,'Autoevaluationanswer',197,NULL,875,876),(477,NULL,'Autoevaluationanswer',198,NULL,877,878),(478,NULL,'Autoevaluationanswer',199,NULL,879,880),(479,NULL,'Autoevaluationanswer',200,NULL,881,882),(480,NULL,'Autoevaluationanswer',201,NULL,883,884),(481,NULL,'Autoevaluationanswer',202,NULL,885,886),(482,NULL,'Autoevaluationanswer',203,NULL,887,888),(483,NULL,'Autoevaluationanswer',204,NULL,889,890),(484,NULL,'Autoevaluationanswer',205,NULL,891,892),(485,NULL,'Autoevaluationanswer',206,NULL,893,894),(486,NULL,'Autoevaluationanswer',207,NULL,895,896),(487,NULL,'Autoevaluationanswer',208,NULL,897,898),(488,NULL,'Autoevaluationanswer',209,NULL,899,900),(489,NULL,'Autoevaluationanswer',210,NULL,901,902),(490,NULL,'Autoevaluationanswer',211,NULL,903,904),(491,NULL,'Autoevaluationanswer',212,NULL,905,906),(492,NULL,'Autoevaluationanswer',213,NULL,907,908),(493,NULL,'Autoevaluationanswer',214,NULL,909,910),(494,NULL,'Autoevaluationanswer',215,NULL,911,912),(495,NULL,'Autoevaluationanswer',216,NULL,913,914),(496,NULL,'Autoevaluationanswer',217,NULL,915,916),(497,NULL,'Autoevaluationanswer',218,NULL,917,918),(498,NULL,'Autoevaluationanswer',219,NULL,919,920),(499,NULL,'Autoevaluationanswer',220,NULL,921,922),(500,NULL,'Autoevaluationanswer',221,NULL,923,924),(501,NULL,'Autoevaluationanswer',222,NULL,925,926),(502,NULL,'Autoevaluationanswer',223,NULL,927,928),(504,NULL,'Autoevaluationanswer',224,NULL,929,930),(505,NULL,'Autoevaluationanswer',225,NULL,931,932),(506,NULL,'Autoevaluationanswer',226,NULL,933,934),(507,NULL,'Autoevaluationanswer',227,NULL,935,936),(508,NULL,'Autoevaluationanswer',228,NULL,937,938),(509,NULL,'Autoevaluationanswer',229,NULL,939,940),(510,NULL,'Autoevaluationanswer',230,NULL,941,942),(511,NULL,'Autoevaluationanswer',231,NULL,943,944),(512,NULL,'Autoevaluationanswer',232,NULL,945,946),(513,NULL,'Autoevaluationanswer',233,NULL,947,948),(514,NULL,'Autoevaluationanswer',234,NULL,949,950),(515,NULL,'Autoevaluationanswer',235,NULL,951,952),(516,NULL,'Autoevaluationanswer',236,NULL,953,954),(517,NULL,'Autoevaluationanswer',237,NULL,955,956),(518,NULL,'Autoevaluationanswer',238,NULL,957,958),(519,NULL,'Autoevaluationanswer',239,NULL,959,960),(520,NULL,'Autoevaluationanswer',240,NULL,961,962),(521,NULL,'Autoevaluationanswer',241,NULL,963,964),(522,NULL,'Autoevaluationanswer',242,NULL,965,966),(523,NULL,'Autoevaluationanswer',243,NULL,967,968),(524,NULL,'Autoevaluationanswer',244,NULL,969,970),(525,NULL,'Autoevaluationanswer',245,NULL,971,972),(526,NULL,'Autoevaluationanswer',246,NULL,973,974),(527,NULL,'Autoevaluationanswer',247,NULL,975,976),(528,NULL,'Autoevaluationanswer',248,NULL,977,978),(529,NULL,'Autoevaluationanswer',249,NULL,979,980),(530,NULL,'Autoevaluationanswer',250,NULL,981,982),(531,NULL,'Autoevaluationanswer',251,NULL,983,984),(532,NULL,'Autoevaluationanswer',252,NULL,985,986),(533,NULL,'Nodetype',1,NULL,987,988),(534,NULL,'Nodetype',2,NULL,989,990),(535,NULL,'Nodetype',3,NULL,991,992),(536,NULL,'Nodetype',4,NULL,993,994),(537,NULL,'Nodetype',5,NULL,995,996),(538,NULL,'Nodetype',6,NULL,997,998),(539,NULL,'Nodetype',7,NULL,999,1000),(540,NULL,'Nodetype',8,NULL,1001,1002),(541,NULL,'Nodetype',9,NULL,1003,1004),(542,NULL,'Nodetype',10,NULL,1005,1006),(543,NULL,'Nodetype',11,NULL,1007,1008),(544,NULL,'Nodetype',12,NULL,1009,1010),(545,NULL,'Nodetype',13,NULL,1011,1012),(546,NULL,'Nodetype',14,NULL,1013,1014),(547,NULL,'Nodetype',15,NULL,1015,1016),(548,NULL,'Category',30,NULL,1017,1018),(549,NULL,'Nodesource',1,NULL,1019,1020),(550,NULL,'Nodesource',2,NULL,1021,1022),(551,NULL,'Nodesource',3,NULL,1023,1024),(552,NULL,'Category',31,NULL,1025,1026),(554,NULL,'Node',0,NULL,1027,1028),(555,NULL,'Node',0,NULL,1029,1030),(556,NULL,'Node',0,NULL,1031,1032),(557,NULL,'Node',1,NULL,1033,1034),(558,NULL,'Node',2,NULL,1035,1036),(559,NULL,'Node',3,NULL,1037,1038),(560,NULL,'Node',4,NULL,1039,1040),(561,NULL,'Node',5,NULL,1041,1042),(564,NULL,'Node',6,NULL,1043,1044),(565,NULL,'Node',7,NULL,1045,1046),(566,NULL,'Node',8,NULL,1047,1048),(567,NULL,'Node',9,NULL,1049,1050),(568,NULL,'Node',10,NULL,1051,1052),(569,NULL,'Node',11,NULL,1053,1054),(570,NULL,'Node',12,NULL,1055,1056),(571,NULL,'Node',13,NULL,1057,1058),(572,NULL,'Node',14,NULL,1059,1060),(573,NULL,'Node',15,NULL,1061,1062),(574,NULL,'Node',16,NULL,1063,1064),(575,NULL,'Node',17,NULL,1065,1066),(576,NULL,'Node',18,NULL,1067,1068),(577,NULL,'Node',19,NULL,1069,1070),(578,NULL,'Node',20,NULL,1071,1072),(579,NULL,'Node',21,NULL,1073,1074),(580,NULL,'Node',22,NULL,1075,1076),(581,NULL,'Node',23,NULL,1077,1078),(582,NULL,'Node',24,NULL,1079,1080),(583,NULL,'Node',25,NULL,1081,1082),(584,NULL,'Node',26,NULL,1083,1084),(585,NULL,'Node',27,NULL,1085,1086),(586,NULL,'Node',28,NULL,1087,1088),(587,NULL,'Nodecompany',0,NULL,1089,1090),(588,NULL,'Node',29,NULL,1091,1092),(589,NULL,'Nodecompany',0,NULL,1093,1094),(590,NULL,'Node',30,NULL,1095,1096),(591,NULL,'Nodecompany',0,NULL,1097,1098),(592,NULL,'Node',31,NULL,1099,1100),(593,NULL,'Nodecompany',0,NULL,1101,1102),(594,NULL,'Node',32,NULL,1103,1104),(595,NULL,'Node',33,NULL,1105,1106),(596,NULL,'Nodecompany',0,NULL,1107,1108),(597,NULL,'Node',34,NULL,1109,1110),(598,NULL,'Node',35,NULL,1111,1112),(599,NULL,'Nodecompany',0,NULL,1113,1114),(600,NULL,'Node',36,NULL,1115,1116),(601,NULL,'Node',37,NULL,1117,1118),(602,NULL,'Nodecompany',0,NULL,1119,1120),(603,NULL,'Node',38,NULL,1121,1122),(604,NULL,'Nodecompany',0,NULL,1123,1124),(605,NULL,'Node',39,NULL,1125,1126),(606,NULL,'Node',40,NULL,1127,1128),(607,NULL,'Nodecompany',0,NULL,1129,1130),(608,NULL,'Node',41,NULL,1131,1132),(609,NULL,'Node',42,NULL,1133,1134),(610,NULL,'Nodecompany',0,NULL,1135,1136),(611,NULL,'Node',43,NULL,1137,1138),(612,NULL,'Node',44,NULL,1139,1140),(613,NULL,'Nodecompany',0,NULL,1141,1142),(614,NULL,'Node',45,NULL,1143,1144),(615,NULL,'Node',46,NULL,1145,1146),(616,NULL,'Nodecompany',0,NULL,1147,1148),(617,NULL,'Node',47,NULL,1149,1150),(618,NULL,'Node',48,NULL,1151,1152),(619,NULL,'Nodecompany',0,NULL,1153,1154),(620,NULL,'Node',49,NULL,1155,1156),(621,NULL,'Node',50,NULL,1157,1158),(622,NULL,'Nodecompany',0,NULL,1159,1160),(623,NULL,'Node',51,NULL,1161,1162),(624,NULL,'Node',52,NULL,1163,1164),(625,NULL,'Nodecompany',0,NULL,1165,1166),(626,NULL,'Node',53,NULL,1167,1168),(627,NULL,'Node',54,NULL,1169,1170),(628,NULL,'Nodecompany',0,NULL,1171,1172),(629,NULL,'Node',55,NULL,1173,1174),(630,NULL,'Node',56,NULL,1175,1176),(631,NULL,'Nodecompany',0,NULL,1177,1178),(632,NULL,'Node',57,NULL,1179,1180),(633,NULL,'Node',58,NULL,1181,1182),(634,NULL,'Nodecompany',0,NULL,1183,1184),(635,NULL,'Node',59,NULL,1185,1186),(636,NULL,'Node',60,NULL,1187,1188),(637,NULL,'Nodecompany',0,NULL,1189,1190),(638,NULL,'Node',61,NULL,1191,1192),(639,NULL,'Node',62,NULL,1193,1194),(640,NULL,'Nodecompany',0,NULL,1195,1196),(641,NULL,'Node',63,NULL,1197,1198),(642,NULL,'Node',64,NULL,1199,1200),(643,NULL,'Nodecompany',0,NULL,1201,1202),(644,NULL,'Node',65,NULL,1203,1204),(646,NULL,'Autoevaluationanswer',253,NULL,1205,1206),(647,NULL,'Autoevaluationanswer',254,NULL,1207,1208),(648,NULL,'Autoevaluationanswer',255,NULL,1209,1210),(649,NULL,'Autoevaluationanswer',256,NULL,1211,1212),(650,NULL,'Autoevaluationanswer',257,NULL,1213,1214),(651,NULL,'Autoevaluationanswer',258,NULL,1215,1216),(652,NULL,'Autoevaluationanswer',259,NULL,1217,1218),(653,NULL,'Autoevaluationanswer',260,NULL,1219,1220),(654,NULL,'Autoevaluationanswer',261,NULL,1221,1222),(655,NULL,'Autoevaluationanswer',262,NULL,1223,1224),(656,NULL,'Autoevaluationanswer',263,NULL,1225,1226),(657,NULL,'Autoevaluationanswer',264,NULL,1227,1228),(658,NULL,'Autoevaluationanswer',265,NULL,1229,1230),(659,NULL,'Autoevaluationanswer',266,NULL,1231,1232),(660,NULL,'Autoevaluationanswer',267,NULL,1233,1234),(661,NULL,'Autoevaluationanswer',268,NULL,1235,1236),(662,NULL,'Autoevaluationanswer',269,NULL,1237,1238),(663,NULL,'Autoevaluationanswer',270,NULL,1239,1240),(664,NULL,'Autoevaluationanswer',271,NULL,1241,1242),(665,NULL,'Autoevaluationanswer',272,NULL,1243,1244),(666,NULL,'Autoevaluationanswer',273,NULL,1245,1246),(667,NULL,'Autoevaluationanswer',274,NULL,1247,1248),(668,NULL,'Autoevaluationanswer',275,NULL,1249,1250),(669,NULL,'Autoevaluationanswer',276,NULL,1251,1252),(670,NULL,'Autoevaluationanswer',277,NULL,1253,1254),(671,NULL,'Autoevaluationanswer',278,NULL,1255,1256),(672,NULL,'Autoevaluationanswer',279,NULL,1257,1258),(673,NULL,'Autoevaluationanswer',280,NULL,1259,1260),(674,NULL,'Autoevaluationanswer',281,NULL,1261,1262),(675,NULL,'Node',66,NULL,1263,1264),(676,NULL,'Nodecompany',0,NULL,1265,1266),(677,NULL,'Node',67,NULL,1267,1268),(678,NULL,'Node',68,NULL,1269,1270),(679,NULL,'Nodecompany',0,NULL,1271,1272),(680,NULL,'Node',69,NULL,1273,1274),(681,NULL,'Node',70,NULL,1275,1276),(682,NULL,'Nodecompany',0,NULL,1277,1278),(683,NULL,'Node',71,NULL,1279,1280),(684,NULL,'Node',72,NULL,1281,1282),(685,NULL,'Nodecompany',0,NULL,1283,1284),(686,NULL,'Node',73,NULL,1285,1286),(687,NULL,'Node',74,NULL,1287,1288),(688,NULL,'Nodecompany',0,NULL,1289,1290),(689,NULL,'Node',75,NULL,1291,1292),(690,NULL,'Node',76,NULL,1293,1294),(691,NULL,'Nodecompany',0,NULL,1295,1296),(692,NULL,'Node',77,NULL,1297,1298),(693,NULL,'Node',78,NULL,1299,1300),(694,NULL,'Nodecompany',0,NULL,1301,1302),(695,NULL,'Node',79,NULL,1303,1304),(696,NULL,'Node',80,NULL,1305,1306),(697,NULL,'Nodecompany',0,NULL,1307,1308),(698,NULL,'Node',81,NULL,1309,1310),(699,NULL,'Node',82,NULL,1311,1312),(700,NULL,'Nodecompany',0,NULL,1313,1314),(701,NULL,'Node',83,NULL,1315,1316),(702,NULL,'Node',84,NULL,1317,1318),(703,NULL,'Nodecompany',0,NULL,1319,1320),(704,NULL,'Node',85,NULL,1321,1322),(705,NULL,'Node',86,NULL,1323,1324),(706,NULL,'Nodecompany',0,NULL,1325,1326),(707,NULL,'Node',87,NULL,1327,1328),(708,NULL,'Node',88,NULL,1329,1330),(709,NULL,'Node',89,NULL,1331,1332),(710,NULL,'Node',90,NULL,1333,1334),(711,NULL,'Nodecompany',0,NULL,1335,1336),(712,NULL,'Node',91,NULL,1337,1338),(713,NULL,'Node',92,NULL,1339,1340),(714,NULL,'Node',93,NULL,1341,1342),(715,NULL,'Node',94,NULL,1343,1344),(716,NULL,'Node',95,NULL,1345,1346),(717,NULL,'Node',96,NULL,1347,1348),(718,NULL,'Nodecompany',0,NULL,1349,1350),(719,NULL,'Node',97,NULL,1351,1352),(720,NULL,'Node',98,NULL,1353,1354),(721,NULL,'Nodecompany',0,NULL,1355,1356),(722,NULL,'Node',99,NULL,1357,1358),(723,NULL,'Node',101,NULL,1359,1360),(724,NULL,'Nodecompany',0,NULL,1361,1362),(725,NULL,'Node',102,NULL,1363,1364),(726,NULL,'Node',103,NULL,1365,1366),(727,NULL,'Nodecompany',0,NULL,1367,1368),(728,NULL,'Node',104,NULL,1369,1370),(729,NULL,'Node',105,NULL,1371,1372),(730,NULL,'Nodecompany',0,NULL,1373,1374),(731,NULL,'Node',106,NULL,1375,1376),(732,NULL,'Node',107,NULL,1377,1378),(733,NULL,'Nodecompany',0,NULL,1379,1380),(734,NULL,'Node',108,NULL,1381,1382),(735,NULL,'Node',1,NULL,1383,1384),(736,NULL,'Nodecompany',0,NULL,1385,1386),(737,NULL,'Node',2,NULL,1387,1388),(738,NULL,'Node',3,NULL,1389,1390),(739,NULL,'Nodecompany',0,NULL,1391,1392),(740,NULL,'Autoevaluationanswer',110,NULL,1393,1394),(741,NULL,'Autoevaluationanswer',19,NULL,1395,1396),(742,NULL,'Autoevaluationanswer',63,NULL,1397,1398),(743,NULL,'Node',4,NULL,1399,1400),(744,NULL,'Node',5,NULL,1401,1402),(745,NULL,'Nodecompany',0,NULL,1403,1404),(746,NULL,'Node',6,NULL,1405,1406),(747,NULL,'Node',7,NULL,1407,1408),(748,NULL,'Nodecompany',0,NULL,1409,1410),(749,NULL,'Node',8,NULL,1411,1412),(750,NULL,'Node',9,NULL,1413,1414),(751,NULL,'Node',10,NULL,1415,1416),(752,NULL,'Node',11,NULL,1417,1418),(754,NULL,'Autoevaluationanswer',282,NULL,1419,1420),(755,NULL,'Autoevaluationanswer',283,NULL,1421,1422),(756,NULL,'Autoevaluationanswer',284,NULL,1423,1424),(757,NULL,'Autoevaluationanswer',285,NULL,1425,1426),(758,NULL,'Autoevaluationanswer',286,NULL,1427,1428),(759,NULL,'Autoevaluationanswer',287,NULL,1429,1430),(760,NULL,'Autoevaluationanswer',288,NULL,1431,1432),(761,NULL,'Autoevaluationanswer',289,NULL,1433,1434),(762,NULL,'Autoevaluationanswer',290,NULL,1435,1436),(763,NULL,'Autoevaluationanswer',291,NULL,1437,1438),(764,NULL,'Autoevaluationanswer',292,NULL,1439,1440),(765,NULL,'Autoevaluationanswer',293,NULL,1441,1442),(766,NULL,'Autoevaluationanswer',294,NULL,1443,1444),(767,NULL,'Autoevaluationanswer',295,NULL,1445,1446),(768,NULL,'Autoevaluationanswer',296,NULL,1447,1448),(769,NULL,'Autoevaluationanswer',297,NULL,1449,1450),(770,NULL,'Autoevaluationanswer',298,NULL,1451,1452),(771,NULL,'Autoevaluationanswer',299,NULL,1453,1454),(772,NULL,'Autoevaluationanswer',300,NULL,1455,1456),(773,NULL,'Autoevaluationanswer',301,NULL,1457,1458),(774,NULL,'Autoevaluationanswer',302,NULL,1459,1460),(775,NULL,'Autoevaluationanswer',303,NULL,1461,1462),(776,NULL,'Autoevaluationanswer',304,NULL,1463,1464),(777,NULL,'Autoevaluationanswer',305,NULL,1465,1466),(778,NULL,'Autoevaluationanswer',306,NULL,1467,1468),(779,NULL,'Autoevaluationanswer',307,NULL,1469,1470),(780,NULL,'Autoevaluationanswer',308,NULL,1471,1472),(781,NULL,'Autoevaluationanswer',309,NULL,1473,1474),(782,NULL,'Autoevaluationanswer',310,NULL,1475,1476),(783,NULL,'Node',12,NULL,1477,1478),(784,NULL,'Nodecompany',0,NULL,1479,1480),(785,NULL,'Autoevaluationanswer',111,NULL,1481,1482),(786,NULL,'Autoevaluationanswer',8,NULL,1483,1484),(787,NULL,'Autoevaluationanswer',7,NULL,1485,1486),(788,NULL,'Node',13,NULL,1487,1488),(789,NULL,'Node',14,NULL,1489,1490),(790,NULL,'Node',15,NULL,1491,1492),(791,NULL,'Node',16,NULL,1493,1494),(792,NULL,'Node',17,NULL,1495,1496),(793,NULL,'Node',18,NULL,1497,1498),(794,NULL,'Node',19,NULL,1499,1500),(796,NULL,'Autoevaluationanswer',311,NULL,1501,1502),(797,NULL,'Autoevaluationanswer',312,NULL,1503,1504),(798,NULL,'Autoevaluationanswer',313,NULL,1505,1506),(799,NULL,'Autoevaluationanswer',314,NULL,1507,1508),(800,NULL,'Autoevaluationanswer',315,NULL,1509,1510),(801,NULL,'Autoevaluationanswer',316,NULL,1511,1512),(802,NULL,'Autoevaluationanswer',317,NULL,1513,1514),(803,NULL,'Autoevaluationanswer',318,NULL,1515,1516),(804,NULL,'Autoevaluationanswer',319,NULL,1517,1518),(805,NULL,'Autoevaluationanswer',320,NULL,1519,1520),(806,NULL,'Autoevaluationanswer',321,NULL,1521,1522),(807,NULL,'Autoevaluationanswer',322,NULL,1523,1524),(808,NULL,'Autoevaluationanswer',323,NULL,1525,1526),(809,NULL,'Autoevaluationanswer',324,NULL,1527,1528),(810,NULL,'Autoevaluationanswer',325,NULL,1529,1530),(811,NULL,'Autoevaluationanswer',326,NULL,1531,1532),(812,NULL,'Autoevaluationanswer',327,NULL,1533,1534),(813,NULL,'Autoevaluationanswer',328,NULL,1535,1536),(814,NULL,'Autoevaluationanswer',329,NULL,1537,1538),(815,NULL,'Autoevaluationanswer',330,NULL,1539,1540),(816,NULL,'Autoevaluationanswer',331,NULL,1541,1542),(817,NULL,'Autoevaluationanswer',332,NULL,1543,1544),(818,NULL,'Autoevaluationanswer',333,NULL,1545,1546),(819,NULL,'Autoevaluationanswer',334,NULL,1547,1548),(820,NULL,'Autoevaluationanswer',335,NULL,1549,1550),(821,NULL,'Autoevaluationanswer',336,NULL,1551,1552),(822,NULL,'Autoevaluationanswer',337,NULL,1553,1554),(823,NULL,'Autoevaluationanswer',338,NULL,1555,1556),(824,NULL,'Autoevaluationanswer',339,NULL,1557,1558),(825,NULL,'Autoevaluation',113,NULL,1559,1560),(826,NULL,'Autoevaluationanswer',340,NULL,1561,1562),(827,NULL,'Autoevaluationanswer',341,NULL,1563,1564),(828,NULL,'Autoevaluationanswer',342,NULL,1565,1566),(829,NULL,'Autoevaluationanswer',343,NULL,1567,1568),(830,NULL,'Autoevaluationanswer',344,NULL,1569,1570),(831,NULL,'Autoevaluationanswer',345,NULL,1571,1572),(832,NULL,'Autoevaluationanswer',346,NULL,1573,1574),(833,NULL,'Autoevaluationanswer',347,NULL,1575,1576),(834,NULL,'Autoevaluationanswer',348,NULL,1577,1578),(835,NULL,'Autoevaluationanswer',349,NULL,1579,1580),(836,NULL,'Autoevaluationanswer',350,NULL,1581,1582),(837,NULL,'Autoevaluationanswer',351,NULL,1583,1584),(838,NULL,'Autoevaluationanswer',352,NULL,1585,1586),(839,NULL,'Autoevaluationanswer',353,NULL,1587,1588),(840,NULL,'Autoevaluationanswer',354,NULL,1589,1590),(841,NULL,'Autoevaluationanswer',355,NULL,1591,1592),(842,NULL,'Autoevaluationanswer',356,NULL,1593,1594),(843,NULL,'Autoevaluationanswer',357,NULL,1595,1596),(844,NULL,'Autoevaluationanswer',358,NULL,1597,1598),(845,NULL,'Autoevaluationanswer',359,NULL,1599,1600),(846,NULL,'Autoevaluationanswer',360,NULL,1601,1602),(847,NULL,'Autoevaluationanswer',361,NULL,1603,1604),(848,NULL,'Autoevaluationanswer',362,NULL,1605,1606),(849,NULL,'Autoevaluationanswer',363,NULL,1607,1608),(850,NULL,'Autoevaluationanswer',364,NULL,1609,1610),(851,NULL,'Autoevaluationanswer',365,NULL,1611,1612),(852,NULL,'Autoevaluationanswer',366,NULL,1613,1614),(853,NULL,'Autoevaluationanswer',367,NULL,1615,1616),(854,NULL,'Autoevaluationanswer',368,NULL,1617,1618),(855,NULL,'Node',20,NULL,1619,1620),(856,NULL,'Nodecompany',0,NULL,1621,1622),(857,NULL,'Autoevaluationanswer',113,NULL,1623,1624),(858,NULL,'Node',21,NULL,1625,1626),(859,NULL,'Node',22,NULL,1627,1628),(860,NULL,'Node',23,NULL,1629,1630),(861,NULL,'Node',24,NULL,1631,1632),(862,NULL,'Node',25,NULL,1633,1634),(863,NULL,'Node',26,NULL,1635,1636),(864,NULL,'Node',27,NULL,1637,1638);
/*!40000 ALTER TABLE `aros` ENABLE KEYS */;
UNLOCK TABLES;

--
-- Table structure for table `aros_acos`
--

DROP TABLE IF EXISTS `aros_acos`;
/*!40101 SET @saved_cs_client     = @@character_set_client */;
/*!40101 SET character_set_client = utf8 */;
CREATE TABLE `aros_acos` (
  `id` int(10) NOT NULL AUTO_INCREMENT,
  `aro_id` int(10) NOT NULL,
  `aco_id` int(10) NOT NULL,
  `_create` varchar(2) NOT NULL DEFAULT '0',
  `_read` varchar(2) NOT NULL DEFAULT '0',
  `_update` varchar(2) NOT NULL DEFAULT '0',
  `_delete` varchar(2) NOT NULL DEFAULT '0',
  PRIMARY KEY (`id`),
  UNIQUE KEY `ARO_ACO_KEY` (`aro_id`,`aco_id`),
  KEY `aco_id` (`aco_id`),
  CONSTRAINT `aros_acos_ibfk_1` FOREIGN KEY (`aro_id`) REFERENCES `aros` (`id`),
  CONSTRAINT `aros_acos_ibfk_2` FOREIGN KEY (`aco_id`) REFERENCES `acos` (`id`)
) ENGINE=InnoDB AUTO_INCREMENT=783 DEFAULT CHARSET=latin1;
/*!40101 SET character_set_client = @saved_cs_client */;

--
-- Dumping data for table `aros_acos`
--

LOCK TABLES `aros_acos` WRITE;
/*!40000 ALTER TABLE `aros_acos` DISABLE KEYS */;
INSERT INTO `aros_acos` VALUES (1,2,1,'1','1','1','1'),(2,1,1,'1','1','1','1'),(3,17,126,'1','1','1','1'),(4,17,159,'-1','-1','-1','-1'),(5,22,142,'1','1','1','1'),(6,22,143,'1','1','1','1'),(7,22,144,'1','1','1','1'),(8,22,145,'1','1','1','1'),(9,22,146,'1','1','1','1'),(10,22,147,'1','1','1','1'),(11,22,148,'1','1','1','1'),(12,22,149,'1','1','1','1'),(13,22,150,'1','1','1','1'),(14,22,151,'1','1','1','1'),(15,22,152,'1','1','1','1'),(16,22,153,'1','1','1','1'),(17,22,154,'1','1','1','1'),(18,17,190,'-1','-1','-1','-1'),(19,17,191,'-1','-1','-1','-1'),(20,17,192,'-1','-1','-1','-1'),(21,17,193,'-1','-1','-1','-1'),(22,17,194,'-1','-1','-1','-1'),(23,17,195,'-1','-1','-1','-1'),(24,17,196,'-1','-1','-1','-1'),(25,17,197,'-1','-1','-1','-1'),(26,17,198,'-1','-1','-1','-1'),(27,17,199,'-1','-1','-1','-1'),(28,17,200,'-1','-1','-1','-1'),(29,17,201,'-1','-1','-1','-1'),(30,17,202,'-1','-1','-1','-1'),(31,17,203,'-1','-1','-1','-1'),(32,17,204,'-1','-1','-1','-1'),(33,17,205,'-1','-1','-1','-1'),(34,17,206,'-1','-1','-1','-1'),(35,17,207,'-1','-1','-1','-1'),(36,17,208,'-1','-1','-1','-1'),(37,17,209,'-1','-1','-1','-1'),(38,17,210,'-1','-1','-1','-1'),(39,17,211,'-1','-1','-1','-1'),(40,17,212,'-1','-1','-1','-1'),(41,32,126,'1','1','1','1'),(42,32,127,'1','1','1','1'),(43,32,128,'1','1','1','1'),(44,32,129,'1','1','1','1'),(45,32,130,'1','1','1','1'),(46,32,131,'1','1','1','1'),(47,32,132,'1','1','1','1'),(48,32,133,'1','1','1','1'),(49,32,134,'1','1','1','1'),(50,32,135,'1','1','1','1'),(51,32,136,'1','1','1','1'),(52,32,137,'1','1','1','1'),(53,32,138,'1','1','1','1'),(54,32,139,'1','1','1','1'),(55,32,140,'1','1','1','1'),(56,32,141,'1','1','1','1'),(57,32,142,'1','1','1','1'),(58,32,143,'1','1','1','1'),(59,32,144,'1','1','1','1'),(60,32,145,'1','1','1','1'),(61,32,146,'1','1','1','1'),(62,32,147,'1','1','1','1'),(63,32,148,'1','1','1','1'),(64,32,149,'1','1','1','1'),(65,32,150,'1','1','1','1'),(66,32,151,'1','1','1','1'),(67,32,152,'1','1','1','1'),(68,32,153,'1','1','1','1'),(69,32,154,'1','1','1','1'),(70,32,155,'1','1','1','1'),(71,32,156,'1','1','1','1'),(72,32,157,'1','1','1','1'),(73,32,158,'1','1','1','1'),(75,32,159,'1','1','1','1'),(76,32,160,'1','1','1','1'),(77,32,161,'1','1','1','1'),(78,32,162,'1','1','1','1'),(79,32,163,'1','1','1','1'),(80,32,164,'1','1','1','1'),(81,32,165,'1','1','1','1'),(82,32,166,'1','1','1','1'),(83,32,167,'1','1','1','1'),(84,32,168,'1','1','1','1'),(85,32,169,'1','1','1','1'),(86,32,170,'1','1','1','1'),(87,32,171,'1','1','1','1'),(88,32,172,'1','1','1','1'),(89,32,173,'1','1','1','1'),(90,32,174,'1','1','1','1'),(91,32,175,'1','1','1','1'),(92,32,176,'1','1','1','1'),(93,32,177,'1','1','1','1'),(94,32,178,'1','1','1','1'),(95,32,179,'1','1','1','1'),(96,32,180,'1','1','1','1'),(97,32,181,'1','1','1','1'),(98,32,190,'1','1','1','1'),(99,32,191,'1','1','1','1'),(100,32,192,'1','1','1','1'),(101,32,193,'1','1','1','1'),(102,32,194,'1','1','1','1'),(103,32,195,'1','1','1','1'),(104,32,196,'1','1','1','1'),(105,32,197,'1','1','1','1'),(106,32,198,'1','1','1','1'),(107,32,199,'1','1','1','1'),(108,32,200,'1','1','1','1'),(109,32,202,'1','1','1','1'),(110,32,201,'1','1','1','1'),(111,32,203,'1','1','1','1'),(112,32,204,'1','1','1','1'),(113,32,205,'1','1','1','1'),(114,32,206,'1','1','1','1'),(115,32,207,'1','1','1','1'),(116,32,208,'1','1','1','1'),(117,32,209,'1','1','1','1'),(118,32,210,'1','1','1','1'),(119,32,211,'1','1','1','1'),(120,32,212,'1','1','1','1'),(123,17,213,'1','1','1','1'),(124,22,213,'1','1','1','1'),(125,32,213,'1','1','1','1'),(126,32,214,'1','1','1','1'),(127,22,214,'1','1','1','1'),(128,17,214,'1','1','1','1'),(129,17,215,'1','1','1','1'),(130,22,215,'1','1','1','1'),(131,32,215,'1','1','1','1'),(132,32,216,'1','1','1','1'),(133,22,216,'1','1','1','1'),(134,17,216,'1','1','1','1'),(135,17,217,'1','1','1','1'),(136,22,217,'1','1','1','1'),(137,32,217,'1','1','1','1'),(138,32,218,'1','1','1','1'),(139,22,218,'1','1','1','1'),(140,17,218,'1','1','1','1'),(141,17,219,'1','1','1','1'),(142,22,219,'1','1','1','1'),(143,32,219,'1','1','1','1'),(144,32,220,'1','1','1','1'),(145,22,220,'1','1','1','1'),(146,17,220,'1','1','1','1'),(147,17,221,'1','1','1','1'),(148,22,221,'1','1','1','1'),(149,32,221,'1','1','1','1'),(150,32,222,'1','1','1','1'),(151,22,222,'1','1','1','1'),(152,17,222,'1','1','1','1'),(153,17,223,'1','1','1','1'),(154,22,223,'1','1','1','1'),(155,32,223,'1','1','1','1'),(156,32,224,'1','1','1','1'),(157,22,224,'1','1','1','1'),(158,17,224,'1','1','1','1'),(159,17,225,'1','1','1','1'),(160,22,225,'1','1','1','1'),(161,32,225,'1','1','1','1'),(162,17,160,'-1','-1','-1','-1'),(163,17,161,'-1','-1','-1','-1'),(164,17,162,'-1','-1','-1','-1'),(165,17,163,'-1','-1','-1','-1'),(166,17,164,'-1','-1','-1','-1'),(167,17,165,'-1','-1','-1','-1'),(168,17,166,'-1','-1','-1','-1'),(169,17,167,'-1','-1','-1','-1'),(170,17,168,'-1','-1','-1','-1'),(171,17,169,'-1','-1','-1','-1'),(172,17,170,'-1','-1','-1','-1'),(173,17,171,'-1','-1','-1','-1'),(174,17,172,'-1','-1','-1','-1'),(175,17,173,'-1','-1','-1','-1'),(176,17,175,'-1','-1','-1','-1'),(177,17,176,'-1','-1','-1','-1'),(178,17,174,'-1','-1','-1','-1'),(179,17,177,'-1','-1','-1','-1'),(180,17,178,'-1','-1','-1','-1'),(181,17,179,'-1','-1','-1','-1'),(182,17,180,'-1','-1','-1','-1'),(183,17,181,'-1','-1','-1','-1'),(184,22,140,'1','1','1','1'),(185,22,141,'1','1','1','1'),(186,48,1,'1','1','1','1'),(187,48,2,'1','1','1','1'),(188,48,3,'1','1','1','1'),(189,48,4,'1','1','1','1'),(190,48,5,'1','1','1','1'),(191,48,6,'1','1','1','1'),(192,48,7,'1','1','1','1'),(193,48,8,'1','1','1','1'),(194,48,9,'1','1','1','1'),(195,48,10,'1','1','1','1'),(196,48,11,'1','1','1','1'),(197,48,12,'1','1','1','1'),(198,48,13,'1','1','1','1'),(199,48,14,'1','1','1','1'),(200,48,15,'1','1','1','1'),(201,48,16,'1','1','1','1'),(202,48,17,'1','1','1','1'),(203,48,18,'1','1','1','1'),(204,48,19,'1','1','1','1'),(205,48,20,'1','1','1','1'),(206,48,21,'1','1','1','1'),(207,48,22,'1','1','1','1'),(208,48,23,'1','1','1','1'),(209,48,24,'1','1','1','1'),(210,48,25,'1','1','1','1'),(211,48,26,'1','1','1','1'),(212,48,27,'1','1','1','1'),(213,48,28,'1','1','1','1'),(214,48,29,'1','1','1','1'),(215,48,30,'1','1','1','1'),(216,48,31,'1','1','1','1'),(217,48,32,'1','1','1','1'),(218,48,33,'1','1','1','1'),(219,48,34,'1','1','1','1'),(220,48,35,'1','1','1','1'),(221,48,36,'1','1','1','1'),(222,48,37,'1','1','1','1'),(223,48,38,'1','1','1','1'),(224,48,39,'1','1','1','1'),(225,48,40,'1','1','1','1'),(226,48,41,'1','1','1','1'),(227,48,42,'1','1','1','1'),(228,48,43,'1','1','1','1'),(229,48,44,'1','1','1','1'),(230,48,45,'1','1','1','1'),(231,48,46,'1','1','1','1'),(232,48,47,'1','1','1','1'),(233,48,48,'1','1','1','1'),(234,48,49,'1','1','1','1'),(235,48,50,'1','1','1','1'),(236,48,51,'1','1','1','1'),(237,48,52,'1','1','1','1'),(238,48,53,'1','1','1','1'),(239,48,54,'1','1','1','1'),(240,48,55,'1','1','1','1'),(241,48,56,'1','1','1','1'),(242,48,57,'1','1','1','1'),(243,48,58,'1','1','1','1'),(244,48,59,'1','1','1','1'),(245,48,60,'1','1','1','1'),(246,48,61,'1','1','1','1'),(247,48,62,'1','1','1','1'),(248,48,63,'1','1','1','1'),(249,48,64,'1','1','1','1'),(250,48,65,'1','1','1','1'),(251,48,66,'1','1','1','1'),(252,48,67,'1','1','1','1'),(253,48,68,'1','1','1','1'),(254,48,69,'1','1','1','1'),(255,48,70,'1','1','1','1'),(256,48,71,'1','1','1','1'),(257,48,72,'1','1','1','1'),(258,48,73,'1','1','1','1'),(259,48,74,'1','1','1','1'),(260,48,75,'1','1','1','1'),(261,48,76,'1','1','1','1'),(262,48,77,'1','1','1','1'),(263,48,78,'1','1','1','1'),(264,48,79,'1','1','1','1'),(265,48,80,'1','1','1','1'),(266,48,81,'1','1','1','1'),(267,48,82,'1','1','1','1'),(268,48,83,'1','1','1','1'),(269,48,84,'1','1','1','1'),(270,48,85,'1','1','1','1'),(271,48,86,'1','1','1','1'),(272,48,87,'1','1','1','1'),(273,48,88,'1','1','1','1'),(274,48,89,'1','1','1','1'),(275,48,90,'1','1','1','1'),(276,48,91,'1','1','1','1'),(277,48,92,'1','1','1','1'),(280,48,93,'1','1','1','1'),(281,48,94,'1','1','1','1'),(282,48,95,'1','1','1','1'),(283,48,96,'1','1','1','1'),(284,48,97,'1','1','1','1'),(285,48,98,'1','1','1','1'),(286,48,99,'1','1','1','1'),(287,48,100,'1','1','1','1'),(288,48,101,'1','1','1','1'),(289,48,102,'1','1','1','1'),(290,48,103,'1','1','1','1'),(291,48,104,'1','1','1','1'),(292,48,105,'1','1','1','1'),(293,48,106,'1','1','1','1'),(294,48,107,'1','1','1','1'),(295,48,108,'1','1','1','1'),(296,48,109,'1','1','1','1'),(297,48,110,'1','1','1','1'),(298,48,111,'1','1','1','1'),(299,48,112,'1','1','1','1'),(300,48,113,'1','1','1','1'),(301,48,114,'1','1','1','1'),(302,48,115,'1','1','1','1'),(303,48,116,'1','1','1','1'),(304,48,117,'1','1','1','1'),(305,48,118,'1','1','1','1'),(306,48,119,'1','1','1','1'),(307,48,120,'1','1','1','1'),(308,48,121,'1','1','1','1'),(309,48,122,'1','1','1','1'),(310,48,123,'1','1','1','1'),(311,48,124,'1','1','1','1'),(312,48,125,'1','1','1','1'),(313,48,126,'1','1','1','1'),(314,48,127,'1','1','1','1'),(315,48,128,'1','1','1','1'),(316,48,129,'1','1','1','1'),(317,48,130,'1','1','1','1'),(318,48,131,'1','1','1','1'),(319,48,132,'1','1','1','1'),(320,48,133,'1','1','1','1'),(321,48,134,'1','1','1','1'),(322,48,135,'1','1','1','1'),(323,48,136,'1','1','1','1'),(324,48,137,'1','1','1','1'),(325,48,138,'1','1','1','1'),(326,48,139,'1','1','1','1'),(327,48,140,'1','1','1','1'),(328,48,141,'1','1','1','1'),(329,48,142,'1','1','1','1'),(330,48,143,'1','1','1','1'),(331,48,144,'1','1','1','1'),(332,48,145,'1','1','1','1'),(333,48,146,'1','1','1','1'),(334,48,147,'1','1','1','1'),(335,48,148,'1','1','1','1'),(336,48,149,'1','1','1','1'),(337,48,150,'1','1','1','1'),(338,48,151,'1','1','1','1'),(339,48,152,'1','1','1','1'),(340,48,153,'1','1','1','1'),(341,48,154,'1','1','1','1'),(342,48,155,'1','1','1','1'),(343,48,156,'1','1','1','1'),(344,48,157,'1','1','1','1'),(345,48,158,'1','1','1','1'),(346,48,159,'1','1','1','1'),(347,48,160,'1','1','1','1'),(348,48,161,'1','1','1','1'),(349,48,162,'1','1','1','1'),(350,48,163,'1','1','1','1'),(351,48,164,'1','1','1','1'),(352,48,165,'1','1','1','1'),(353,48,166,'1','1','1','1'),(354,48,167,'1','1','1','1'),(355,48,168,'1','1','1','1'),(356,48,169,'1','1','1','1'),(357,48,170,'1','1','1','1'),(358,48,171,'1','1','1','1'),(359,48,172,'1','1','1','1'),(360,48,173,'1','1','1','1'),(361,48,174,'1','1','1','1'),(362,48,175,'1','1','1','1'),(363,48,176,'1','1','1','1'),(364,48,177,'1','1','1','1'),(365,48,178,'1','1','1','1'),(366,48,179,'1','1','1','1'),(367,48,180,'1','1','1','1'),(368,48,181,'1','1','1','1'),(369,48,190,'1','1','1','1'),(370,48,191,'1','1','1','1'),(371,48,192,'1','1','1','1'),(372,48,193,'1','1','1','1'),(373,48,194,'1','1','1','1'),(374,48,195,'1','1','1','1'),(375,48,196,'1','1','1','1'),(376,48,197,'1','1','1','1'),(377,48,198,'1','1','1','1'),(378,48,199,'1','1','1','1'),(379,48,200,'1','1','1','1'),(380,48,201,'1','1','1','1'),(381,48,202,'1','1','1','1'),(382,48,203,'1','1','1','1'),(383,48,204,'1','1','1','1'),(384,48,205,'1','1','1','1'),(385,48,206,'1','1','1','1'),(386,48,207,'1','1','1','1'),(387,48,208,'1','1','1','1'),(388,48,209,'1','1','1','1'),(389,48,210,'1','1','1','1'),(390,48,211,'1','1','1','1'),(391,48,212,'1','1','1','1'),(392,48,213,'1','1','1','1'),(393,48,214,'1','1','1','1'),(394,48,215,'1','1','1','1'),(395,48,216,'1','1','1','1'),(396,48,217,'1','1','1','1'),(397,48,218,'1','1','1','1'),(398,48,219,'1','1','1','1'),(399,48,220,'1','1','1','1'),(400,48,221,'1','1','1','1'),(401,48,222,'1','1','1','1'),(402,48,223,'1','1','1','1'),(403,48,224,'1','1','1','1'),(404,48,225,'1','1','1','1'),(405,49,213,'1','1','1','1'),(406,50,213,'1','1','1','1'),(407,51,213,'1','1','1','1'),(408,51,214,'1','1','1','1'),(409,50,214,'1','1','1','1'),(410,49,214,'1','1','1','1'),(411,49,215,'1','1','1','1'),(412,50,215,'1','1','1','1'),(413,51,215,'1','1','1','1'),(414,51,216,'1','1','1','1'),(415,50,216,'1','1','1','1'),(416,49,216,'1','1','1','1'),(417,49,217,'1','1','1','1'),(418,50,217,'1','1','1','1'),(419,51,217,'1','1','1','1'),(420,51,218,'1','1','1','1'),(421,50,218,'1','1','1','1'),(422,49,218,'1','1','1','1'),(423,49,219,'1','1','1','1'),(424,50,219,'1','1','1','1'),(425,51,219,'1','1','1','1'),(426,49,225,'1','1','1','1'),(427,50,225,'1','1','1','1'),(428,51,225,'1','1','1','1'),(429,51,224,'1','1','1','1'),(430,50,224,'1','1','1','1'),(431,49,224,'1','1','1','1'),(432,49,223,'1','1','1','1'),(433,50,223,'1','1','1','1'),(434,51,222,'1','1','1','1'),(435,50,222,'1','1','1','1'),(436,49,222,'1','1','1','1'),(437,49,221,'1','1','1','1'),(438,49,220,'1','1','1','1'),(439,51,220,'1','1','1','1'),(440,50,220,'1','1','1','1'),(441,51,221,'1','1','1','1'),(442,50,221,'1','1','1','1'),(443,51,223,'1','1','1','1'),(444,49,141,'1','1','1','1'),(445,50,141,'1','1','1','1'),(446,51,141,'1','1','1','1'),(447,51,140,'1','1','1','1'),(448,50,140,'1','1','1','1'),(449,49,140,'1','1','1','1'),(450,49,142,'1','1','1','1'),(451,50,142,'1','1','1','1'),(452,51,142,'1','1','1','1'),(453,49,143,'1','1','1','1'),(454,50,143,'1','1','1','1'),(455,51,143,'1','1','1','1'),(456,50,144,'1','1','1','1'),(457,51,144,'1','1','1','1'),(458,49,144,'1','1','1','1'),(459,49,145,'1','1','1','1'),(460,50,145,'1','1','1','1'),(461,51,146,'1','1','1','1'),(462,51,145,'1','1','1','1'),(463,50,146,'1','1','1','1'),(464,49,146,'1','1','1','1'),(465,79,126,'1','1','1','1'),(466,79,127,'1','1','1','1'),(467,79,128,'1','1','1','1'),(468,79,129,'1','1','1','1'),(469,79,130,'1','1','1','1'),(470,79,131,'1','1','1','1'),(471,79,132,'1','1','1','1'),(472,79,133,'1','1','1','1'),(473,79,134,'1','1','1','1'),(474,79,135,'1','1','1','1'),(475,79,136,'1','1','1','1'),(476,79,137,'1','1','1','1'),(477,79,138,'1','1','1','1'),(478,79,139,'1','1','1','1'),(479,79,140,'1','1','1','1'),(480,79,141,'1','1','1','1'),(481,79,142,'1','1','1','1'),(482,79,143,'1','1','1','1'),(483,79,144,'1','1','1','1'),(484,79,145,'1','1','1','1'),(485,79,146,'1','1','1','1'),(486,79,147,'1','1','1','1'),(487,79,148,'1','1','1','1'),(488,79,149,'1','1','1','1'),(489,79,150,'1','1','1','1'),(490,79,151,'1','1','1','1'),(491,79,152,'1','1','1','1'),(492,79,153,'1','1','1','1'),(493,79,154,'1','1','1','1'),(494,79,155,'1','1','1','1'),(495,79,156,'1','1','1','1'),(496,79,157,'1','1','1','1'),(497,79,159,'1','1','1','1'),(498,79,181,'1','1','1','1'),(499,79,190,'1','1','1','1'),(500,79,212,'1','1','1','1'),(501,79,211,'1','1','1','1'),(502,79,210,'1','1','1','1'),(503,79,209,'1','1','1','1'),(504,79,208,'1','1','1','1'),(505,79,207,'1','1','1','1'),(506,79,206,'1','1','1','1'),(507,79,205,'1','1','1','1'),(508,79,160,'1','1','1','1'),(509,79,161,'1','1','1','1'),(510,79,162,'1','1','1','1'),(511,79,163,'1','1','1','1'),(512,79,164,'1','1','1','1'),(513,79,165,'1','1','1','1'),(514,79,166,'1','1','1','1'),(515,79,167,'1','1','1','1'),(516,79,168,'1','1','1','1'),(517,79,169,'1','1','1','1'),(518,79,170,'1','1','1','1'),(519,79,171,'1','1','1','1'),(520,79,172,'1','1','1','1'),(521,79,173,'1','1','1','1'),(522,79,174,'1','1','1','1'),(523,79,175,'1','1','1','1'),(524,79,176,'1','1','1','1'),(525,79,177,'1','1','1','1'),(526,79,178,'1','1','1','1'),(527,79,179,'1','1','1','1'),(528,79,180,'1','1','1','1'),(529,79,204,'1','1','1','1'),(530,79,203,'1','1','1','1'),(531,79,202,'1','1','1','1'),(532,79,201,'1','1','1','1'),(533,79,200,'1','1','1','1'),(534,79,199,'1','1','1','1'),(535,79,198,'1','1','1','1'),(536,79,197,'1','1','1','1'),(537,79,196,'1','1','1','1'),(538,79,195,'1','1','1','1'),(539,79,194,'1','1','1','1'),(540,79,193,'1','1','1','1'),(541,79,192,'1','1','1','1'),(542,79,191,'1','1','1','1'),(543,79,266,'1','1','1','1'),(544,79,267,'1','1','1','1'),(545,79,268,'1','1','1','1'),(546,79,269,'1','1','1','1'),(547,79,270,'1','1','1','1'),(548,79,271,'1','1','1','1'),(549,79,272,'1','1','1','1'),(550,79,273,'1','1','1','1'),(551,79,274,'1','1','1','1'),(552,79,275,'1','1','1','1'),(553,79,276,'1','1','1','1'),(554,79,277,'1','1','1','1'),(555,79,278,'1','1','1','1'),(556,79,279,'1','1','1','1'),(557,79,280,'1','1','1','1'),(558,79,281,'1','1','1','1'),(559,79,282,'1','1','1','1'),(560,79,283,'1','1','1','1'),(561,79,284,'1','1','1','1'),(562,79,285,'1','1','1','1'),(563,79,286,'1','1','1','1'),(564,79,287,'1','1','1','1'),(565,79,288,'1','1','1','1'),(566,79,289,'1','1','1','1'),(567,79,290,'1','1','1','1'),(568,79,291,'1','1','1','1'),(569,79,292,'1','1','1','1'),(570,79,347,'1','1','1','1'),(571,79,373,'1','1','1','1'),(572,79,372,'1','1','1','1'),(573,79,371,'1','1','1','1'),(574,79,370,'1','1','1','1'),(575,79,369,'1','1','1','1'),(576,79,368,'1','1','1','1'),(577,79,367,'1','1','1','1'),(578,79,366,'1','1','1','1'),(579,79,365,'1','1','1','1'),(580,79,364,'1','1','1','1'),(581,79,363,'1','1','1','1'),(582,79,362,'1','1','1','1'),(583,79,361,'1','1','1','1'),(584,79,360,'1','1','1','1'),(585,79,359,'1','1','1','1'),(586,79,358,'1','1','1','1'),(587,79,357,'1','1','1','1'),(588,79,356,'1','1','1','1'),(589,79,355,'1','1','1','1'),(590,79,354,'1','1','1','1'),(591,79,353,'1','1','1','1'),(592,79,352,'1','1','1','1'),(593,79,351,'1','1','1','1'),(594,79,350,'1','1','1','1'),(595,79,349,'1','1','1','1'),(596,79,348,'1','1','1','1'),(597,79,374,'1','1','1','1'),(598,79,375,'1','1','1','1'),(599,79,376,'1','1','1','1'),(600,79,377,'1','1','1','1'),(601,79,378,'1','1','1','1'),(602,79,379,'1','1','1','1'),(603,79,380,'1','1','1','1'),(604,79,381,'1','1','1','1'),(605,79,382,'1','1','1','1'),(606,79,383,'1','1','1','1'),(607,79,384,'1','1','1','1'),(608,79,385,'1','1','1','1'),(609,79,386,'1','1','1','1'),(610,79,387,'1','1','1','1'),(611,79,388,'1','1','1','1'),(612,79,389,'1','1','1','1'),(613,79,390,'1','1','1','1'),(614,79,391,'1','1','1','1'),(615,79,392,'1','1','1','1'),(616,79,393,'1','1','1','1'),(617,79,394,'1','1','1','1'),(618,79,395,'1','1','1','1'),(619,79,396,'1','1','1','1'),(620,79,397,'1','1','1','1'),(621,79,398,'1','1','1','1'),(622,79,399,'1','1','1','1'),(623,79,400,'1','1','1','1'),(624,79,320,'1','1','1','1'),(625,79,321,'1','1','1','1'),(626,79,346,'1','1','1','1'),(627,79,345,'1','1','1','1'),(628,79,344,'1','1','1','1'),(629,79,343,'1','1','1','1'),(630,79,342,'1','1','1','1'),(631,79,341,'1','1','1','1'),(632,79,340,'1','1','1','1'),(633,79,338,'1','1','1','1'),(634,79,339,'1','1','1','1'),(635,79,337,'1','1','1','1'),(636,79,336,'1','1','1','1'),(637,79,335,'1','1','1','1'),(638,79,334,'1','1','1','1'),(639,79,333,'1','1','1','1'),(640,79,332,'1','1','1','1'),(641,79,331,'1','1','1','1'),(642,79,330,'1','1','1','1'),(643,79,329,'1','1','1','1'),(644,79,328,'1','1','1','1'),(645,79,327,'1','1','1','1'),(646,79,323,'1','1','1','1'),(647,79,325,'1','1','1','1'),(648,79,326,'1','1','1','1'),(649,79,324,'1','1','1','1'),(650,79,322,'1','1','1','1'),(651,79,401,'1','1','1','1'),(652,79,402,'1','1','1','1'),(653,79,403,'1','1','1','1'),(654,79,404,'1','1','1','1'),(655,79,405,'1','1','1','1'),(656,79,406,'1','1','1','1'),(657,79,407,'1','1','1','1'),(658,79,408,'1','1','1','1'),(659,79,409,'1','1','1','1'),(660,79,410,'1','1','1','1'),(661,79,411,'1','1','1','1'),(662,79,412,'1','1','1','1'),(663,79,413,'1','1','1','1'),(664,79,414,'1','1','1','1'),(665,79,415,'1','1','1','1'),(666,79,416,'1','1','1','1'),(667,79,417,'1','1','1','1'),(668,79,418,'1','1','1','1'),(669,79,419,'1','1','1','1'),(670,79,420,'1','1','1','1'),(671,79,421,'1','1','1','1'),(672,79,422,'1','1','1','1'),(673,79,423,'1','1','1','1'),(674,49,424,'1','1','1','1'),(675,50,424,'1','1','1','1'),(676,51,424,'1','1','1','1'),(677,51,425,'1','1','1','1'),(678,50,425,'1','1','1','1'),(679,49,425,'1','1','1','1'),(680,49,426,'1','1','1','1'),(681,50,426,'1','1','1','1'),(682,51,426,'1','1','1','1'),(683,51,427,'1','1','1','1'),(684,50,427,'1','1','1','1'),(685,49,427,'1','1','1','1'),(686,49,428,'1','1','1','1'),(687,50,428,'1','1','1','1'),(688,51,428,'1','1','1','1'),(689,51,429,'1','1','1','1'),(690,50,429,'1','1','1','1'),(691,49,430,'1','1','1','1'),(692,50,430,'1','1','1','1'),(693,51,430,'1','1','1','1'),(694,49,429,'1','1','1','1'),(695,49,431,'1','1','1','1'),(696,50,431,'1','1','1','1'),(697,51,431,'1','1','1','1'),(698,51,432,'1','1','1','1'),(699,50,432,'1','1','1','1'),(700,49,432,'1','1','1','1'),(701,49,433,'1','1','1','1'),(702,49,434,'1','1','1','1'),(703,49,435,'1','1','1','1'),(704,49,436,'1','1','1','1'),(705,49,437,'1','1','1','1'),(706,50,437,'1','1','1','1'),(707,50,436,'1','1','1','1'),(708,50,435,'1','1','1','1'),(709,50,434,'1','1','1','1'),(710,50,433,'1','1','1','1'),(711,51,433,'1','1','1','1'),(712,51,434,'1','1','1','1'),(713,51,435,'1','1','1','1'),(714,51,436,'1','1','1','1'),(715,51,437,'1','1','1','1'),(716,51,438,'1','1','1','1'),(717,50,438,'1','1','1','1'),(718,49,438,'1','1','1','1'),(719,49,439,'1','1','1','1'),(720,49,440,'1','1','1','1'),(721,49,441,'1','1','1','1'),(722,49,442,'1','1','1','1'),(723,49,443,'1','1','1','1'),(724,50,443,'1','1','1','1'),(725,50,442,'1','1','1','1'),(726,50,441,'1','1','1','1'),(727,50,440,'1','1','1','1'),(728,50,439,'1','1','1','1'),(729,51,439,'1','1','1','1'),(730,51,440,'1','1','1','1'),(731,51,441,'1','1','1','1'),(732,51,442,'1','1','1','1'),(733,51,443,'1','1','1','1'),(734,49,444,'1','1','1','1'),(735,50,444,'1','1','1','1'),(736,51,444,'1','1','1','1'),(737,51,445,'1','1','1','1'),(738,51,446,'1','1','1','1'),(739,51,447,'1','1','1','1'),(740,51,448,'1','1','1','1'),(741,51,449,'1','1','1','1'),(742,51,450,'1','1','1','1'),(743,50,450,'1','1','1','1'),(744,49,450,'1','1','1','1'),(745,49,449,'1','1','1','1'),(746,49,448,'1','1','1','1'),(747,49,447,'1','1','1','1'),(748,49,446,'1','1','1','1'),(749,49,445,'1','1','1','1'),(750,50,445,'1','1','1','1'),(751,50,446,'1','1','1','1'),(752,50,447,'1','1','1','1'),(753,50,448,'1','1','1','1'),(754,50,449,'1','1','1','1'),(755,79,462,'1','1','1','1'),(756,79,463,'1','1','1','1'),(757,79,464,'1','1','1','1'),(758,79,465,'1','1','1','1'),(759,79,466,'1','1','1','1'),(760,79,467,'1','1','1','1'),(761,79,468,'1','1','1','1'),(762,79,469,'1','1','1','1'),(763,79,470,'1','1','1','1'),(764,79,471,'1','1','1','1'),(765,79,472,'1','1','1','1'),(766,79,473,'1','1','1','1'),(767,79,474,'1','1','1','1'),(768,79,475,'1','1','1','1'),(769,79,477,'1','1','1','1'),(770,79,478,'1','1','1','1'),(771,79,476,'1','1','1','1'),(772,79,479,'1','1','1','1'),(773,79,480,'1','1','1','1'),(774,79,481,'1','1','1','1'),(775,79,482,'1','1','1','1'),(776,79,489,'1','1','1','1'),(777,79,488,'1','1','1','1'),(778,79,487,'1','1','1','1'),(779,79,486,'1','1','1','1'),(780,79,485,'1','1','1','1'),(781,79,484,'1','1','1','1'),(782,79,483,'1','1','1','1');
/*!40000 ALTER TABLE `aros_acos` ENABLE KEYS */;
UNLOCK TABLES;

--
-- Table structure for table `autoevaluationanswers`
--

DROP TABLE IF EXISTS `autoevaluationanswers`;
/*!40101 SET @saved_cs_client     = @@character_set_client */;
/*!40101 SET character_set_client = utf8 */;
CREATE TABLE `autoevaluationanswers` (
  `id` int(11) NOT NULL AUTO_INCREMENT,
  `autoevaluation_id` int(11) NOT NULL,
  `question_id` int(11) NOT NULL,
  `answer_id` int(11) NOT NULL,
  `saved` int(11) NOT NULL DEFAULT '0',
  PRIMARY KEY (`id`,`question_id`),
  KEY `fk_table1_AutoEvaluacion1_idx` (`id`),
  KEY `fk_table1_Pregunta1_idx` (`question_id`),
  KEY `fk_table1_Respuesta1_idx` (`answer_id`),
  KEY `question_id` (`question_id`),
  KEY `answer_id` (`answer_id`),
  KEY `autoevaluation_id` (`autoevaluation_id`)
) ENGINE=MyISAM AUTO_INCREMENT=369 DEFAULT CHARSET=utf8 COLLATE=utf8_unicode_ci;
/*!40101 SET character_set_client = @saved_cs_client */;

--
-- Dumping data for table `autoevaluationanswers`
--

LOCK TABLES `autoevaluationanswers` WRITE;
/*!40000 ALTER TABLE `autoevaluationanswers` DISABLE KEYS */;
INSERT INTO `autoevaluationanswers` VALUES (252,109,35,141,0),(251,109,34,136,0),(250,109,33,131,0),(249,109,32,126,0),(248,109,31,122,1),(247,109,30,116,0),(246,109,29,111,0),(245,109,28,106,0),(244,109,27,102,1),(243,109,26,96,0),(242,109,25,91,0),(241,109,24,88,1),(240,109,23,81,0),(239,109,22,76,0),(238,109,21,71,0),(237,109,20,69,1),(236,109,19,63,1),(235,109,18,56,0),(234,109,17,51,0),(233,109,16,46,0),(232,109,15,44,1),(231,109,14,36,0),(230,109,13,32,1),(229,109,12,26,0),(228,109,11,21,0),(227,109,10,16,0),(226,109,9,11,0),(225,109,8,7,0),(224,109,7,1,0),(223,108,35,141,0),(222,108,34,136,0),(221,108,33,131,0),(220,108,32,126,0),(219,108,31,122,0),(218,108,30,116,0),(217,108,29,111,0),(216,108,28,106,0),(215,108,27,102,0),(214,108,26,96,0),(213,108,25,91,0),(212,108,24,88,0),(211,108,23,81,0),(210,108,22,76,0),(209,108,21,71,0),(208,108,20,69,0),(207,108,19,63,0),(206,108,18,56,0),(205,108,17,51,0),(204,108,16,46,0),(203,108,15,44,0),(202,108,14,36,0),(201,108,13,32,0),(200,108,12,26,0),(199,108,11,21,0),(198,108,10,16,0),(197,108,9,11,0),(196,108,8,7,0),(195,108,7,1,0),(194,107,35,141,0),(193,107,34,136,0),(192,107,33,132,0),(191,107,32,126,0),(190,107,31,122,0),(189,107,30,120,0),(188,107,29,114,0),(187,107,28,108,0),(186,107,27,102,0),(185,107,26,96,0),(184,107,24,88,0),(183,107,23,82,0),(182,107,22,76,0),(181,107,21,75,0),(180,107,20,69,0),(179,107,19,63,0),(178,107,18,57,0),(177,107,17,51,0),(176,107,16,50,0),(175,107,15,44,0),(174,107,14,38,0),(173,107,13,32,0),(172,107,12,26,0),(171,107,11,25,0),(170,107,10,19,0),(169,107,9,13,0),(168,107,8,7,0),(167,107,7,1,0),(253,110,7,1,0),(254,110,8,7,1),(255,110,9,11,0),(256,110,10,16,0),(257,110,11,21,0),(258,110,12,26,0),(259,110,13,32,1),(260,110,14,36,0),(261,110,15,44,1),(262,110,16,46,0),(263,110,17,51,0),(264,110,18,56,0),(265,110,19,63,1),(266,110,20,69,1),(267,110,21,71,0),(268,110,22,76,0),(269,110,23,81,0),(270,110,24,88,1),(271,110,25,91,0),(272,110,26,96,0),(273,110,27,102,1),(274,110,28,106,0),(275,110,29,111,0),(276,110,30,116,0),(277,110,31,122,1),(278,110,32,126,0),(279,110,33,131,0),(280,110,34,136,0),(281,110,35,141,0),(110,0,0,0,0),(19,0,0,0,0),(63,0,19,0,0),(20,0,0,0,0),(69,0,20,0,0),(24,0,0,0,0),(88,0,24,0,0),(27,0,0,0,0),(102,0,27,0,0),(31,0,0,0,0),(122,0,31,0,0),(282,111,7,1,0),(283,111,8,7,1),(284,111,9,11,0),(285,111,10,16,0),(286,111,11,21,0),(287,111,12,26,0),(288,111,13,32,1),(289,111,14,36,0),(290,111,15,44,1),(291,111,16,46,0),(292,111,17,51,0),(293,111,18,56,0),(294,111,19,63,1),(295,111,20,69,1),(296,111,21,71,0),(297,111,22,76,0),(298,111,23,81,0),(299,111,24,88,1),(300,111,25,91,0),(301,111,26,96,0),(302,111,27,102,1),(303,111,28,106,0),(304,111,29,111,0),(305,111,30,116,0),(306,111,31,122,1),(307,111,32,126,0),(308,111,33,131,0),(309,111,34,136,0),(310,111,35,141,0),(111,0,0,0,0),(8,0,0,0,0),(7,0,8,0,0),(13,0,0,0,0),(32,0,13,0,0),(15,0,0,0,0),(44,0,15,0,0),(311,112,7,1,0),(312,112,8,7,0),(313,112,9,11,0),(314,112,10,16,0),(315,112,11,21,0),(316,112,12,26,0),(317,112,13,32,0),(318,112,14,36,0),(319,112,15,44,0),(320,112,16,46,0),(321,112,17,51,0),(322,112,18,56,0),(323,112,19,63,0),(324,112,20,69,0),(325,112,21,71,0),(326,112,22,76,0),(327,112,23,81,0),(328,112,24,88,0),(329,112,25,91,0),(330,112,26,96,0),(331,112,27,102,0),(332,112,28,106,0),(333,112,29,111,0),(334,112,30,116,0),(335,112,31,122,0),(336,112,32,126,0),(337,112,33,131,0),(338,112,34,136,0),(339,112,35,141,0),(340,113,7,1,0),(341,113,8,7,1),(342,113,9,11,0),(343,113,10,16,0),(344,113,11,21,0),(345,113,12,26,0),(346,113,13,32,1),(347,113,14,36,0),(348,113,15,44,1),(349,113,16,46,0),(350,113,17,51,0),(351,113,18,56,0),(352,113,19,63,1),(353,113,20,69,1),(354,113,21,71,0),(355,113,22,76,0),(356,113,23,81,0),(357,113,24,88,1),(358,113,25,91,0),(359,113,26,96,0),(360,113,27,102,1),(361,113,28,106,0),(362,113,29,111,0),(363,113,30,116,0),(364,113,31,122,1),(365,113,32,126,0),(366,113,33,131,0),(367,113,34,136,0),(368,113,35,141,0),(113,0,0,0,0);
/*!40000 ALTER TABLE `autoevaluationanswers` ENABLE KEYS */;
UNLOCK TABLES;

--
-- Table structure for table `autoevaluations`
--

DROP TABLE IF EXISTS `autoevaluations`;
/*!40101 SET @saved_cs_client     = @@character_set_client */;
/*!40101 SET character_set_client = utf8 */;
CREATE TABLE `autoevaluations` (
  `id` int(11) NOT NULL AUTO_INCREMENT,
  `date_time` timestamp NULL DEFAULT CURRENT_TIMESTAMP,
  `user_id` int(11) NOT NULL,
  `questionnaire_id` int(11) NOT NULL,
  `total_points` int(11) DEFAULT NULL,
  `company_id` int(11) NOT NULL,
  `corporation_id` int(11) NOT NULL,
  PRIMARY KEY (`id`,`questionnaire_id`),
  KEY `fk_AutoEvaluacion_Usuario1_idx` (`user_id`),
  KEY `fk_AutoEvaluacion_Cuestionario1_idx` (`questionnaire_id`)
) ENGINE=MyISAM AUTO_INCREMENT=114 DEFAULT CHARSET=utf8 COLLATE=utf8_unicode_ci;
/*!40101 SET character_set_client = @saved_cs_client */;

--
-- Dumping data for table `autoevaluations`
--

LOCK TABLES `autoevaluations` WRITE;
/*!40000 ALTER TABLE `autoevaluations` DISABLE KEYS */;
INSERT INTO `autoevaluations` VALUES (113,'2015-10-21 05:47:20',17,10,46,11,7);
/*!40000 ALTER TABLE `autoevaluations` ENABLE KEYS */;
UNLOCK TABLES;

--
-- Table structure for table `categories`
--

DROP TABLE IF EXISTS `categories`;
/*!40101 SET @saved_cs_client     = @@character_set_client */;
/*!40101 SET character_set_client = utf8 */;
CREATE TABLE `categories` (
  `id` int(11) NOT NULL AUTO_INCREMENT,
  `name` varchar(255) NOT NULL,
  `order` int(2) NOT NULL,
  `module_id` int(11) NOT NULL,
  `created` datetime NOT NULL,
  `modified` datetime NOT NULL,
  PRIMARY KEY (`id`),
  KEY `fk_categories_modules_idx` (`module_id`),
  CONSTRAINT `fk_categories_modules` FOREIGN KEY (`module_id`) REFERENCES `modules` (`id`) ON DELETE NO ACTION ON UPDATE NO ACTION
) ENGINE=InnoDB AUTO_INCREMENT=32 DEFAULT CHARSET=latin1;
/*!40101 SET character_set_client = @saved_cs_client */;

--
-- Dumping data for table `categories`
--

LOCK TABLES `categories` WRITE;
/*!40000 ALTER TABLE `categories` DISABLE KEYS */;
INSERT INTO `categories` VALUES (10,'Corporaciones',0,13,'2015-10-14 15:48:38','2015-10-17 11:04:31'),(11,'Empresas',1,13,'2015-10-14 15:48:51','2015-10-17 11:04:42'),(12,'Usuarios',2,13,'2015-10-14 15:49:02','2015-10-17 11:04:51'),(14,'Grupos',0,11,'2015-10-14 15:49:53','2015-10-14 15:49:53'),(15,'Modulos',1,11,'2015-10-14 15:50:07','2015-10-14 15:50:07'),(16,'Categorias',2,11,'2015-10-14 15:50:31','2015-10-14 15:50:31'),(17,'Funciones',3,11,'2015-10-14 15:50:48','2015-10-14 15:50:48'),(18,'Permisos',5,11,'2015-10-14 15:51:07','2015-10-14 15:51:07'),(19,'Cuestionarios',0,15,'2015-10-16 11:08:38','2015-10-17 11:05:02'),(23,'Asignar Cuestionarios a Empresas',1,15,'2015-10-17 15:31:04','2015-10-17 15:31:04'),(24,'Gestion EstratÃ©gica',0,16,'2015-10-19 10:27:42','2015-10-19 10:27:42'),(25,'GestiÃ³n Operativa',0,18,'2015-10-19 10:28:18','2015-10-19 10:28:18'),(26,'Memoria y Cuenta',0,19,'2015-10-19 10:28:35','2015-10-19 10:28:35'),(27,'PlanificaciÃ³n TÃ¡ctica',0,17,'2015-10-19 10:28:50','2015-10-19 10:28:50'),(28,'Instrumentos',0,20,'2015-10-19 10:42:26','2015-10-19 10:42:26'),(29,'Realizar una autoevaluaciÃ³n',0,20,'2015-10-19 23:26:41','2015-10-19 23:26:41'),(30,'Nodetypes',10,11,'2015-10-20 18:46:51','2015-10-20 18:46:51'),(31,'Fuentes de Nodos',20,11,'2015-10-20 18:57:43','2015-10-20 18:57:43');
/*!40000 ALTER TABLE `categories` ENABLE KEYS */;
UNLOCK TABLES;

--
-- Table structure for table `companies`
--

DROP TABLE IF EXISTS `companies`;
/*!40101 SET @saved_cs_client     = @@character_set_client */;
/*!40101 SET character_set_client = utf8 */;
CREATE TABLE `companies` (
  `id` int(11) NOT NULL AUTO_INCREMENT,
  `name` varchar(255) NOT NULL,
  `logo` varchar(255) DEFAULT NULL,
  `description` text,
  `phone` varchar(255) DEFAULT NULL,
  `address` text,
  `modified` datetime DEFAULT NULL,
  `created` datetime DEFAULT NULL,
  `corporation_id` int(11) DEFAULT NULL,
  `active` int(11) NOT NULL,
  PRIMARY KEY (`id`),
  KEY `corporation_id` (`corporation_id`)
) ENGINE=InnoDB AUTO_INCREMENT=15 DEFAULT CHARSET=latin1;
/*!40101 SET character_set_client = @saved_cs_client */;

--
-- Dumping data for table `companies`
--

LOCK TABLES `companies` WRITE;
/*!40000 ALTER TABLE `companies` DISABLE KEYS */;
INSERT INTO `companies` VALUES (11,'Musmanni','files/logos/172554405ca27e59a8c042ce0fdc804ba1a830.png','PanaderÃ­a y pastelerÃ­a','66665555','La direcciÃ³n','2015-10-17 17:25:54','2015-10-14 19:38:08',7,1),(13,'ffffffffffffff','','','','','2015-10-16 22:11:36','2015-10-16 22:10:03',NULL,0),(14,'Florida','files/logos/145324550e106237930dbc966c24ff6abbfef7.jpg','1','123','1','2015-10-19 14:53:24','2015-10-19 14:53:24',7,1);
/*!40000 ALTER TABLE `companies` ENABLE KEYS */;
UNLOCK TABLES;

--
-- Table structure for table `companyquestionnaires`
--

DROP TABLE IF EXISTS `companyquestionnaires`;
/*!40101 SET @saved_cs_client     = @@character_set_client */;
/*!40101 SET character_set_client = utf8 */;
CREATE TABLE `companyquestionnaires` (
  `id` int(11) NOT NULL AUTO_INCREMENT,
  `company_id` int(11) NOT NULL,
  `questionnaire_id` int(11) NOT NULL,
  `created` datetime NOT NULL,
  `modified` datetime NOT NULL,
  PRIMARY KEY (`id`),
  KEY `company_id` (`company_id`),
  KEY `questionnaire_id` (`questionnaire_id`)
) ENGINE=MyISAM AUTO_INCREMENT=7 DEFAULT CHARSET=utf8 COLLATE=utf8_unicode_ci;
/*!40101 SET character_set_client = @saved_cs_client */;

--
-- Dumping data for table `companyquestionnaires`
--

LOCK TABLES `companyquestionnaires` WRITE;
/*!40000 ALTER TABLE `companyquestionnaires` DISABLE KEYS */;
INSERT INTO `companyquestionnaires` VALUES (6,14,10,'2015-10-20 11:05:54','2015-10-20 11:05:54'),(5,11,10,'2015-10-20 11:05:50','2015-10-20 11:05:50');
/*!40000 ALTER TABLE `companyquestionnaires` ENABLE KEYS */;
UNLOCK TABLES;

--
-- Table structure for table `corporations`
--

DROP TABLE IF EXISTS `corporations`;
/*!40101 SET @saved_cs_client     = @@character_set_client */;
/*!40101 SET character_set_client = utf8 */;
CREATE TABLE `corporations` (
  `id` int(11) NOT NULL AUTO_INCREMENT,
  `name` varchar(255) NOT NULL,
  `logo` varchar(255) DEFAULT NULL,
  `description` text,
  `phone` varchar(255) DEFAULT NULL,
  `address` text,
  `modified` datetime DEFAULT NULL,
  `created` datetime DEFAULT NULL,
  `active` int(11) DEFAULT NULL,
  PRIMARY KEY (`id`)
) ENGINE=InnoDB AUTO_INCREMENT=10 DEFAULT CHARSET=latin1;
/*!40101 SET character_set_client = @saved_cs_client */;

--
-- Dumping data for table `corporations`
--

LOCK TABLES `corporations` WRITE;
/*!40000 ALTER TABLE `corporations` DISABLE KEYS */;
INSERT INTO `corporations` VALUES (7,'Florida Ice & Farm Company','files/logos/172724c9c2bce82b74978a3e87079f2ce6e52b.png','Es una empresa de bebidas y alimentos','22224444','San JosÃ©','2015-10-17 17:27:24','2015-10-14 19:08:23',1),(9,'asdf',NULL,'','','','2015-10-16 22:03:01','2015-10-16 22:03:01',0);
/*!40000 ALTER TABLE `corporations` ENABLE KEYS */;
UNLOCK TABLES;

--
-- Table structure for table `groupactions`
--

DROP TABLE IF EXISTS `groupactions`;
/*!40101 SET @saved_cs_client     = @@character_set_client */;
/*!40101 SET character_set_client = utf8 */;
CREATE TABLE `groupactions` (
  `id` int(11) NOT NULL AUTO_INCREMENT,
  `group_id` int(11) NOT NULL,
  `action_id` int(11) NOT NULL,
  `created` datetime NOT NULL,
  `modified` datetime NOT NULL,
  PRIMARY KEY (`id`),
  UNIQUE KEY `uk_group_action` (`group_id`,`action_id`),
  KEY `fk_groupactions_groups1_idx` (`group_id`),
  KEY `fk_groupactions_actions1_idx` (`action_id`),
  CONSTRAINT `fk_groupactions_actions1` FOREIGN KEY (`action_id`) REFERENCES `actions` (`id`) ON DELETE NO ACTION ON UPDATE NO ACTION,
  CONSTRAINT `fk_groupactions_groups1` FOREIGN KEY (`group_id`) REFERENCES `groups` (`id`) ON DELETE NO ACTION ON UPDATE NO ACTION
) ENGINE=InnoDB AUTO_INCREMENT=74 DEFAULT CHARSET=latin1;
/*!40101 SET character_set_client = @saved_cs_client */;

--
-- Dumping data for table `groupactions`
--

LOCK TABLES `groupactions` WRITE;
/*!40000 ALTER TABLE `groupactions` DISABLE KEYS */;
INSERT INTO `groupactions` VALUES (19,5,30,'2015-10-14 15:57:08','2015-10-14 15:57:08'),(20,5,31,'2015-10-14 15:57:13','2015-10-14 15:57:13'),(21,5,32,'2015-10-14 15:57:27','2015-10-14 15:57:27'),(22,5,33,'2015-10-14 15:57:33','2015-10-14 15:57:33'),(23,5,34,'2015-10-14 15:57:39','2015-10-14 15:57:39'),(24,5,35,'2015-10-14 15:57:50','2015-10-14 15:57:50'),(25,5,36,'2015-10-14 15:57:55','2015-10-14 15:57:55'),(26,5,37,'2015-10-14 15:58:01','2015-10-14 15:58:01'),(27,5,38,'2015-10-14 15:58:09','2015-10-14 15:58:09'),(28,5,39,'2015-10-14 15:58:15','2015-10-14 15:58:15'),(35,9,31,'2015-10-15 21:50:35','2015-10-15 21:50:35'),(36,9,32,'2015-10-15 21:50:41','2015-10-15 21:50:41'),(37,9,38,'2015-10-15 21:50:54','2015-10-15 21:50:54'),(38,5,40,'2015-10-16 11:09:59','2015-10-16 11:09:59'),(39,9,40,'2015-10-16 11:10:06','2015-10-16 11:10:06'),(40,5,41,'2015-10-16 14:00:17','2015-10-16 14:00:17'),(41,9,41,'2015-10-16 14:00:24','2015-10-16 14:00:24'),(42,5,42,'2015-10-16 19:44:50','2015-10-16 19:44:50'),(43,9,42,'2015-10-16 19:44:56','2015-10-16 19:44:56'),(44,5,43,'2015-10-16 21:03:22','2015-10-16 21:03:22'),(45,9,43,'2015-10-16 21:03:28','2015-10-16 21:03:28'),(49,5,44,'2015-10-17 15:33:04','2015-10-17 15:33:04'),(50,9,44,'2015-10-17 15:33:09','2015-10-17 15:33:09'),(52,6,46,'2015-10-19 10:31:15','2015-10-19 10:31:15'),(53,6,45,'2015-10-19 10:32:11','2015-10-19 10:32:11'),(55,6,47,'2015-10-19 10:32:25','2015-10-19 10:32:25'),(56,6,48,'2015-10-19 10:32:31','2015-10-19 10:32:31'),(57,7,45,'2015-10-19 10:32:39','2015-10-19 10:32:39'),(58,7,46,'2015-10-19 10:32:44','2015-10-19 10:32:44'),(59,7,47,'2015-10-19 10:32:50','2015-10-19 10:32:50'),(60,7,48,'2015-10-19 10:32:56','2015-10-19 10:32:56'),(61,8,45,'2015-10-19 10:33:03','2015-10-19 10:33:03'),(62,8,46,'2015-10-19 10:33:08','2015-10-19 10:33:08'),(63,8,47,'2015-10-19 10:33:17','2015-10-19 10:33:17'),(64,8,48,'2015-10-19 10:33:24','2015-10-19 10:33:24'),(65,6,49,'2015-10-19 10:44:09','2015-10-19 10:44:09'),(66,7,49,'2015-10-19 10:44:15','2015-10-19 10:44:15'),(67,8,49,'2015-10-19 10:44:22','2015-10-19 10:44:22'),(68,6,50,'2015-10-19 23:24:50','2015-10-19 23:24:50'),(69,7,50,'2015-10-19 23:24:57','2015-10-19 23:24:57'),(70,8,50,'2015-10-19 23:25:04','2015-10-19 23:25:04'),(71,9,51,'2015-10-20 18:47:54','2015-10-20 18:47:54'),(72,5,51,'2015-10-20 18:48:02','2015-10-20 18:48:02'),(73,5,52,'2015-10-20 18:59:12','2015-10-20 18:59:12');
/*!40000 ALTER TABLE `groupactions` ENABLE KEYS */;
UNLOCK TABLES;

--
-- Table structure for table `groups`
--

DROP TABLE IF EXISTS `groups`;
/*!40101 SET @saved_cs_client     = @@character_set_client */;
/*!40101 SET character_set_client = utf8 */;
CREATE TABLE `groups` (
  `id` int(11) NOT NULL AUTO_INCREMENT,
  `name` varchar(100) NOT NULL,
  `created` datetime DEFAULT NULL,
  `modified` datetime DEFAULT NULL,
  PRIMARY KEY (`id`)
) ENGINE=InnoDB AUTO_INCREMENT=10 DEFAULT CHARSET=latin1;
/*!40101 SET character_set_client = @saved_cs_client */;

--
-- Dumping data for table `groups`
--

LOCK TABLES `groups` WRITE;
/*!40000 ALTER TABLE `groups` DISABLE KEYS */;
INSERT INTO `groups` VALUES (5,'Root','2015-10-14 15:46:28','2015-10-19 19:14:30'),(6,'Administrador Corporativo','2015-10-14 15:46:38','2015-10-14 15:46:38'),(7,'Administrador','2015-10-14 15:46:48','2015-10-14 15:46:48'),(8,'Perfil Usuario Normal','2015-10-14 15:46:56','2015-10-14 15:46:56'),(9,'Administrador CSS','2015-10-15 21:50:04','2015-10-15 21:50:04');
/*!40000 ALTER TABLE `groups` ENABLE KEYS */;
UNLOCK TABLES;

--
-- Table structure for table `i18n`
--

DROP TABLE IF EXISTS `i18n`;
/*!40101 SET @saved_cs_client     = @@character_set_client */;
/*!40101 SET character_set_client = utf8 */;
CREATE TABLE `i18n` (
  `id` int(10) NOT NULL AUTO_INCREMENT,
  `locale` varchar(6) NOT NULL,
  `model` varchar(255) NOT NULL,
  `foreign_key` int(10) NOT NULL,
  `field` varchar(255) NOT NULL,
  `content` text,
  PRIMARY KEY (`id`),
  UNIQUE KEY `unique` (`foreign_key`,`field`,`locale`,`model`),
  KEY `locale` (`locale`),
  KEY `model` (`model`),
  KEY `row_id` (`foreign_key`),
  KEY `field` (`field`)
) ENGINE=InnoDB AUTO_INCREMENT=2963 DEFAULT CHARSET=latin1;
/*!40101 SET character_set_client = @saved_cs_client */;

--
-- Dumping data for table `i18n`
--

LOCK TABLES `i18n` WRITE;
/*!40000 ALTER TABLE `i18n` DISABLE KEYS */;
INSERT INTO `i18n` VALUES (9,'esp','Group',5,'name','Root'),(10,'eng','Group',5,'name','Root'),(11,'esp','Group',6,'name','Administrador Corporativo'),(12,'eng','Group',6,'name','Corporation Administrator'),(13,'esp','Group',7,'name','Administrador'),(14,'eng','Group',7,'name','Administrator'),(15,'esp','Group',8,'name','Perfil Usuario Normal'),(16,'eng','Group',8,'name','Normal User Profile'),(19,'esp','Module',11,'name','Sistema Base'),(20,'eng','Module',11,'name','Base System'),(23,'esp','Module',13,'name','Empresas'),(24,'eng','Module',13,'name','Companies'),(27,'esp','Category',10,'name','Corporaciones'),(28,'eng','Category',10,'name','Corporations '),(29,'esp','Category',11,'name','Empresas'),(30,'eng','Category',11,'name','Companies'),(31,'esp','Category',12,'name','Usuarios'),(32,'eng','Category',12,'name','User '),(35,'esp','Category',14,'name','Grupos'),(36,'eng','Category',14,'name','Groups'),(37,'esp','Category',15,'name','Modulos'),(38,'eng','Category',15,'name','Modules'),(39,'esp','Category',16,'name','Categorias'),(40,'eng','Category',16,'name','Categories'),(41,'esp','Category',17,'name','Funciones'),(42,'eng','Category',17,'name','Functions'),(43,'esp','Category',18,'name','Permisos'),(44,'eng','Category',18,'name','Permission'),(47,'esp','Action',30,'name','CategorÃ­as : Listado'),(48,'eng','Action',30,'name','Categories : List'),(49,'esp','Action',31,'name','Corporaciones : Listado'),(50,'eng','Action',31,'name','Corporations : List'),(51,'esp','Action',32,'name','Empresas : Listado'),(52,'eng','Action',32,'name','Companies : List'),(53,'esp','Action',33,'name','Funciones : Listado'),(54,'eng','Action',33,'name','Functions : List'),(55,'esp','Action',34,'name','Grupos : Listado'),(56,'eng','Action',34,'name','Groups : List'),(57,'esp','Action',35,'name','Modulos : Listado'),(58,'eng','Action',35,'name','Modules : List'),(59,'esp','Action',36,'name','Permisos : ACL'),(60,'eng','Action',36,'name','Permissions : ACL'),(61,'esp','Action',37,'name','Permisos : Listado'),(62,'eng','Action',37,'name','Permissions : List'),(63,'esp','Action',38,'name','Usuarios : Listado'),(64,'eng','Action',38,'name','Users : List'),(65,'esp','Action',39,'name','Usuarios : Sync'),(66,'eng','Action',39,'name','Users : Sync'),(67,'esp','Corporation',7,'description','Es una empresa de bebidas y alimentos'),(68,'eng','Corporation',7,'description','A food and drinks company'),(69,'esp','Corporation',7,'address','San JosÃ©'),(70,'eng','Corporation',7,'address','Saint Joseph.'),(71,'esp','Company',11,'description','PanaderÃ­a y pastelerÃ­a'),(72,'eng','Company',11,'description','Bakery '),(73,'esp','Company',11,'address','La direcciÃ³n'),(74,'eng','Company',11,'address','The address'),(83,'esp','Group',9,'name','Administrador CSS'),(84,'eng','Group',9,'name','CSS Administrator'),(85,'esp','Questionnaire',0,'title','1'),(86,'eng','Questionnaire',0,'title','2'),(87,'esp','Questionnaire',0,'description','3'),(88,'eng','Questionnaire',0,'description','4'),(89,'esp','Questionnaire',0,'acronym','5'),(90,'eng','Questionnaire',0,'acronym','6'),(109,'esp','Questionnaire',5,'title','Cuestionario 1'),(110,'eng','Questionnaire',5,'title','Questionnaire 1'),(111,'esp','Questionnaire',5,'description','9'),(112,'eng','Questionnaire',5,'description','9'),(113,'esp','Questionnaire',5,'acronym','9'),(114,'eng','Questionnaire',5,'acronym','9'),(121,'esp','Module',15,'name','Instrumentos'),(122,'eng','Module',15,'name','Instruments'),(123,'esp','Category',19,'name','Cuestionarios'),(124,'eng','Category',19,'name','Questionnaires'),(125,'esp','Action',40,'name','Administrar Cuestionarios'),(126,'eng','Action',40,'name','Questionnaires Management'),(127,'esp','Section',0,'name','SecciÃ³n 1'),(128,'eng','Section',0,'name','Section 1'),(129,'esp','Action',41,'name','Administrar Secciones'),(130,'eng','Action',41,'name','Sections Management'),(131,'esp','Section',2,'name','SecciÃ³n dos'),(132,'eng','Section',2,'name','Section two'),(133,'esp','Section',1,'name','SecciÃ³n 1'),(134,'eng','Section',1,'name','Section 1'),(137,'esp','Questionnaire',7,'title','Cuestionario 2'),(138,'eng','Questionnaire',7,'title','two'),(139,'esp','Questionnaire',7,'description','3'),(140,'eng','Questionnaire',7,'description','4'),(141,'esp','Questionnaire',7,'acronym','5'),(142,'eng','Questionnaire',7,'acronym','6'),(143,'esp','Section',4,'name','Otra secciÃ³n'),(144,'eng','Section',4,'name','Another section'),(147,'esp','Action',42,'name','Administrar Preguntas'),(148,'eng','Action',42,'name','Questions Management'),(151,'esp','Question',3,'name','Â¿asdfasdf asdf asdf asdf asdf asdf asdf asdf ?'),(152,'eng','Question',3,'name','qwerqwe rqwer qwer qwer qwer qwerqwer?'),(153,'esp','Question',4,'name','pregunta en esp'),(154,'eng','Question',4,'name','question in english'),(155,'esp','Question',5,'name','zxcvzxcv'),(156,'eng','Question',5,'name','asdfasdf'),(163,'esp','Action',43,'name','Administrar Respuestas'),(164,'eng','Action',43,'name','Answers Management'),(165,'esp','Corporation',9,'description',''),(166,'eng','Corporation',9,'description',''),(167,'esp','Corporation',9,'address',''),(168,'eng','Corporation',9,'address',''),(169,'esp','Company',13,'description',''),(170,'eng','Company',13,'description',''),(171,'esp','Company',13,'address',''),(172,'eng','Company',13,'address',''),(179,'esp','Section',5,'name','a'),(180,'eng','Section',5,'name','b'),(181,'esp','Section',6,'name','1'),(182,'eng','Section',6,'name','2'),(183,'esp','Question',6,'name','1'),(184,'eng','Question',6,'name','2'),(203,'esp','Questionnaire',9,'title','1'),(204,'eng','Questionnaire',9,'title','2'),(205,'esp','Questionnaire',9,'description',''),(206,'eng','Questionnaire',9,'description',''),(207,'esp','Questionnaire',9,'acronym',''),(208,'eng','Questionnaire',9,'acronym',''),(209,'esp','Category',23,'name','Asignar Cuestionarios a Empresas'),(210,'eng','Category',23,'name','Assign Questionnaires to Companies'),(211,'esp','Action',44,'name','Asignar Cuestionarios a Empresas'),(212,'eng','Action',44,'name','Assign Questionnaires to Companies'),(213,'esp','Module',16,'name','GestiÃ³n EstratÃ©gica'),(214,'eng','Module',16,'name','Strategic Management'),(215,'esp','Module',17,'name','PlanificaciÃ³n TÃ¡ctica'),(216,'eng','Module',17,'name','Tactical Planning'),(217,'esp','Module',18,'name','GestiÃ³n Operativa'),(218,'eng','Module',18,'name','Operational Management'),(219,'esp','Module',19,'name','Memoria y Cuenta'),(220,'eng','Module',19,'name','Report and Accounts'),(221,'esp','Category',24,'name','Gestion EstratÃ©gica'),(222,'eng','Category',24,'name','Strategic Management'),(223,'esp','Category',25,'name','GestiÃ³n Operativa'),(224,'eng','Category',25,'name','Operational Management'),(225,'esp','Category',26,'name','Memoria y Cuenta'),(226,'eng','Category',26,'name','Reports and Accounts'),(227,'esp','Category',27,'name','PlanificaciÃ³n TÃ¡ctica'),(228,'eng','Category',27,'name','Tactical Planning'),(229,'esp','Action',45,'name','GestiÃ³n EstratÃ©gica'),(230,'eng','Action',45,'name','Strategic Management'),(231,'esp','Action',46,'name','PlanificaciÃ³n TÃ¡ctica'),(232,'eng','Action',46,'name','Tactical Planning'),(233,'esp','Action',47,'name','GestiÃ³n Operativa'),(234,'eng','Action',47,'name','Operational Management'),(235,'esp','Action',48,'name','Memoria y Cuenta'),(236,'eng','Action',48,'name','Reports and Accounts'),(237,'esp','Module',20,'name','Instrumentos'),(238,'eng','Module',20,'name','Instruments'),(239,'esp','Category',28,'name','Instrumentos'),(240,'eng','Category',28,'name','Instruments'),(241,'esp','Action',49,'name','Instrumentos'),(242,'eng','Action',49,'name','Instruments'),(243,'esp','Company',14,'description','1'),(244,'eng','Company',14,'description','1'),(245,'esp','Company',14,'address','1'),(246,'eng','Company',14,'address','1'),(247,'esp','Action',50,'name','Realizar una AutoevaluaciÃ³n'),(248,'eng','Action',50,'name','Conduct a Self-Assessment'),(249,'esp','Category',29,'name','Realizar una autoevaluaciÃ³n'),(250,'eng','Category',29,'name','Conduct a Self-Assessment'),(251,'esp','Questionnaire',10,'title','Cuestionario de la ComisiÃ³n Europea'),(252,'eng','Questionnaire',10,'title','ENG Cuestionario de la ComisiÃ³n Europea'),(253,'esp','Questionnaire',10,'description','Empresas responsables Cuestionario de ConcienciaciÃ³n de la ComisiÃ³n Europea'),(254,'eng','Questionnaire',10,'description','Empresas responsables Cuestionario de ConcienciaciÃ³n de la ComisiÃ³n Europea ENG'),(255,'esp','Questionnaire',10,'acronym','RSE CE'),(256,'eng','Questionnaire',10,'acronym','RSE CE'),(257,'esp','Section',7,'name','PolÃ­tica de actuaciÃ³n en el lugar de trabajo'),(258,'eng','Section',7,'name','PolÃ­tica de actuaciÃ³n en el lugar de trabajo ENG'),(259,'esp','Section',8,'name','PolÃ­tica medioambiental'),(260,'eng','Section',8,'name','PolÃ­tica medioambiental ENG'),(261,'esp','Section',9,'name','PolÃ­tica de mercado'),(262,'eng','Section',9,'name','PolÃ­tica de mercado ENG'),(263,'esp','Section',10,'name','PolÃ­tica social'),(264,'eng','Section',10,'name','PolÃ­tica social ENG'),(265,'esp','Section',11,'name','Valores de la empresa'),(266,'eng','Section',11,'name','Valores de la empresa ENG'),(267,'esp','Question',7,'name','Â¿Alienta a sus trabajadores para que desarrollen habilidades verdaderas y carreras a largo plazo (p. ej. un procedimiento para la evaluaciÃ³n de la productividad o un plan de formaciÃ³n)?'),(268,'eng','Question',7,'name','Â¿Alienta a sus trabajadores para que desarrollen habilidades verdaderas y carreras a largo plazo (p. ej. un procedimiento para la evaluaciÃ³n de la productividad o un plan de formaciÃ³n)? ENG'),(269,'esp','Question',8,'name','Â¿Existe un procedimiento para garantizar que se toman las medidas adecuadas contra toda forma de discriminaciÃ³n en el puesto de trabajo y en la contrataciÃ³n (p. ej., contra la mujer, grupos Ã©tnicos, discapacitados, etc.)?'),(270,'eng','Question',8,'name','Â¿Existe un procedimiento para garantizar que se toman las medidas adecuadas contra toda forma de discriminaciÃ³n en el puesto de trabajo y en la contrataciÃ³n (p. ej., contra la mujer, grupos Ã©tnicos, discapacitados, etc.)? ENG'),(271,'esp','Question',9,'name','Â¿Consulta con sus empleados los temas importantes?'),(272,'eng','Question',9,'name','Â¿Consulta con sus empleados los temas importantes? ENG'),(273,'esp','Question',10,'name','Â¿Ha tomado su empresa las medidas adecuadas para proporcionar suficiente protecciÃ³n a sus empleados en materia de seguridad, salud y protecciÃ³n social?'),(274,'eng','Question',10,'name','Â¿Ha tomado su empresa las medidas adecuadas para proporcionar suficiente protecciÃ³n a sus empleados en materia de seguridad, salud y protecciÃ³n social? ENG'),(275,'esp','Question',11,'name','Â¿Ofrece su empresa a sus empleados un buen equilibrio entre la vida privada y el trabajo como, por ejemplo, considerando un horario flexible de trabajo o permitiendo que los empleados hagan el trabajo en casa?'),(276,'eng','Question',11,'name','Â¿Ofrece su empresa a sus empleados un buen equilibrio entre la vida privada y el trabajo como, por ejemplo, considerando un horario flexible de trabajo o permitiendo que los empleados hagan el trabajo en casa? ENG'),(277,'esp','Question',12,'name','Â¿Ha intentado reducir el impacto medioambiental de su empresa en tÃ©rminos de: ahorro de energÃ­a?'),(278,'eng','Question',12,'name','Â¿Ha intentado reducir el impacto medioambiental de su empresa en tÃ©rminos de: ahorro de energÃ­a? ENG'),(279,'esp','Question',13,'name','reducciÃ³n y reciclaje de residuos?'),(280,'eng','Question',13,'name','reducciÃ³n y reciclaje de residuos? ENG'),(281,'esp','Question',14,'name','prevenciÃ³n de la contaminaciÃ³n (emisiones al aire o al agua, vertido de aguas residuales, ruido)?'),(282,'eng','Question',14,'name','prevenciÃ³n de la contaminaciÃ³n (emisiones al aire o al agua, vertido de aguas residuales, ruido)? ENG'),(283,'esp','Question',15,'name','protecciÃ³n del medio ambiente?'),(284,'eng','Question',15,'name','protecciÃ³n del medio ambiente? ENG'),(285,'esp','Question',16,'name','opciones sostenibles de transporte?'),(286,'eng','Question',16,'name','opciones sostenibles de transporte? ENG'),(287,'esp','Question',17,'name','Â¿Puede su empresa ahorrar dinero mediante la reducciÃ³n de su impacto medioambiental (reciclaje, reducciÃ³n del consumo de energÃ­a, prevenciÃ³n de la contaminaciÃ³n)?'),(288,'eng','Question',17,'name','Â¿Puede su empresa ahorrar dinero mediante la reducciÃ³n de su impacto medioambiental (reciclaje, reducciÃ³n del consumo de energÃ­a, prevenciÃ³n de la contaminaciÃ³n)? ENG'),(289,'esp','Question',18,'name','Â¿Tiene en cuenta los posibles impactos medioambientales cuando desarrolla nuevos productos y servicios (evaluaciÃ³n del uso de energÃ­a, reciclaje o generaciÃ³n de contaminaciÃ³n)?'),(290,'eng','Question',18,'name','Â¿Tiene en cuenta los posibles impactos medioambientales cuando desarrolla nuevos productos y servicios (evaluaciÃ³n del uso de energÃ­a, reciclaje o generaciÃ³n de contaminaciÃ³n)? ENG'),(291,'esp','Question',19,'name','Â¿Proporciona su empresa informaciÃ³n medioambiental clara y precisa sobre sus productos y actividades a los clientes, proveedores, comunidad local, etc.?'),(292,'eng','Question',19,'name','Â¿Proporciona su empresa informaciÃ³n medioambiental clara y precisa sobre sus productos y actividades a los clientes, proveedores, comunidad local, etc.? ENG'),(293,'esp','Question',20,'name','Â¿Ha pensado en quÃ© forma podrÃ­a su empresa utilizar la sostenibilidad de sus productos y servicios para aventajar a la competencia (el reciclaje de productos, la eficacia energÃ©tica, etc.)?'),(294,'eng','Question',20,'name','Â¿Ha pensado en quÃ© forma podrÃ­a su empresa utilizar la sostenibilidad de sus productos y servicios para aventajar a la competencia (el reciclaje de productos, la eficacia energÃ©tica, etc.)? ENG'),(295,'esp','Question',21,'name','Â¿Aplica su empresa alguna polÃ­tica para garantizar la honradez y calidad en todos sus contratos, tratos y publicidad (una polÃ­tica de compras justa o estipulaciones para la protecciÃ³n de los consumidores, etc.)?'),(296,'eng','Question',21,'name','Â¿Aplica su empresa alguna polÃ­tica para garantizar la honradez y calidad en todos sus contratos, tratos y publicidad (una polÃ­tica de compras justa o estipulaciones para la protecciÃ³n de los consumidores, etc.)? ENG'),(297,'esp','Question',22,'name','Â¿Proporciona su empresa informaciÃ³n clara y precisa en el etiquetado de sus productos y servicios, que incluyan sus obligaciones postventa?'),(298,'eng','Question',22,'name','Â¿Proporciona su empresa informaciÃ³n clara y precisa en el etiquetado de sus productos y servicios, que incluyan sus obligaciones postventa? ENG'),(299,'esp','Question',23,'name','Â¿Paga puntualmente su empresa las facturas de sus proveedores?'),(300,'eng','Question',23,'name','Â¿Paga puntualmente su empresa las facturas de sus proveedores? ENG'),(301,'esp','Question',24,'name','Â¿Dispone su empresa de un procedimiento para garantizar una interacciÃ³n, consulta y/o diÃ¡logo productivos con sus clientes, proveedores y otras personas con las que hace negocios?'),(302,'eng','Question',24,'name','Â¿Dispone su empresa de un procedimiento para garantizar una interacciÃ³n, consulta y/o diÃ¡logo productivos con sus clientes, proveedores y otras personas con las que hace negocios? ENG'),(303,'esp','Question',25,'name','Â¿Admite y da soluciÃ³n su empresa a las reclamaciones de sus clientes, proveedores y colaboradores?'),(304,'eng','Question',25,'name','Â¿Admite y da soluciÃ³n su empresa a las reclamaciones de sus clientes, proveedores y colaboradores? ENG'),(305,'esp','Question',26,'name','Â¿Ofrece su empresa oportunidades de formaciÃ³n a la gente de la comunidad (aprendizajes o experiencia laboral para jÃ³venes o discapacitados)?'),(306,'eng','Question',26,'name','Â¿Ofrece su empresa oportunidades de formaciÃ³n a la gente de la comunidad (aprendizajes o experiencia laboral para jÃ³venes o discapacitados)? ENG'),(307,'esp','Question',27,'name','Â¿Mantiene un diÃ¡logo abierto con su comunidad sobre temas delicados, polÃ©micos o negativos en los que estÃ© involucrada su empresa (la acumulaciÃ³n de residuos fuera de sus instalaciones, los vehÃ­culos que obstruyen carreteras o caminos)?'),(308,'eng','Question',27,'name','Â¿Mantiene un diÃ¡logo abierto con su comunidad sobre temas delicados, polÃ©micos o negativos en los que estÃ© involucrada su empresa (la acumulaciÃ³n de residuos fuera de sus instalaciones, los vehÃ­culos que obstruyen carreteras o caminos)? ENG'),(309,'esp','Question',28,'name','Â¿Compra su empresa productos en el mercado local?'),(310,'eng','Question',28,'name','Â¿Compra su empresa productos en el mercado local?'),(311,'esp','Question',29,'name','Â¿Alienta a sus empleados para que participen en las actividades de la comunidad (poniendo a su disposiciÃ³n el tiempo y la experiencia de sus empleados u otro tipo de ayuda prÃ¡ctica)?'),(312,'eng','Question',29,'name','Â¿Alienta a sus empleados para que participen en las actividades de la comunidad (poniendo a su disposiciÃ³n el tiempo y la experiencia de sus empleados u otro tipo de ayuda prÃ¡ctica)? ENG'),(313,'esp','Question',30,'name','Â¿Brinda su empresa apoyo econÃ³mico estable a proyectos y actividades de la comunidad (obras benÃ©ficas o patrocinios)?'),(314,'eng','Question',30,'name','Â¿Brinda su empresa apoyo econÃ³mico estable a proyectos y actividades de la comunidad (obras benÃ©ficas o patrocinios)?'),(315,'esp','Question',31,'name','Â¿Ha definido de forma clara los valores y las normas de conducta de su empresa?'),(316,'eng','Question',31,'name','Â¿Ha definido de forma clara los valores y las normas de conducta de su empresa? ENG'),(317,'esp','Question',32,'name','Â¿Hace partÃ­cipes a sus clientes, socios empresariales, proveedores y otras partes interesadas de los valores de su empresa (en presentaciones de ventas, material de marketing o comunicados informales)?'),(318,'eng','Question',32,'name','Â¿Hace partÃ­cipes a sus clientes, socios empresariales, proveedores y otras partes interesadas de los valores de su empresa (en presentaciones de ventas, material de marketing o comunicados informales)? ENG'),(319,'esp','Question',33,'name','Â¿Son conscientes sus clientes de los valores y normas de conducta de su empresa?'),(320,'eng','Question',33,'name','Â¿Son conscientes sus clientes de los valores y normas de conducta de su empresa? ENG'),(321,'esp','Question',34,'name','Â¿Son conscientes sus empleados de los valores y normas de conducta de su empresa?'),(322,'eng','Question',34,'name','Â¿Son conscientes sus empleados de los valores y normas de conducta de su empresa? ENG'),(323,'esp','Question',35,'name','Â¿EnseÃ±a a sus empleados la importancia de los valores y normas de conducta de su empresa?'),(324,'eng','Question',35,'name','Â¿EnseÃ±a a sus empleados la importancia de los valores y normas de conducta de su empresa? ENG'),(1549,'esp','Answer',1,'name','Si'),(1550,'eng','Answer',1,'name','Yes'),(1551,'esp','Answer',1,'feedback_title',''),(1552,'eng','Answer',1,'feedback_title',''),(1553,'esp','Answer',1,'feedback',''),(1554,'eng','Answer',1,'feedback',''),(1555,'esp','Answer',2,'name','En parte'),(1556,'eng','Answer',2,'name','Partially'),(1557,'esp','Answer',2,'feedback_title','Nulla at pharetra velit.'),(1558,'eng','Answer',2,'feedback_title','ENGNulla at pharetra velit.'),(1559,'esp','Answer',2,'feedback','Nulla at pharetra velit. Nullam eu dapibus risus, in imperdiet lorem. Aliquam consequat non sem vitae mollis. Pellentesque lacinia, nisi at vehicula consequat, mi sapien.'),(1560,'eng','Answer',2,'feedback','ENGNulla at pharetra velit. Nullam eu dapibus risus, in imperdiet lorem. Aliquam consequat non sem vitae mollis. Pellentesque lacinia, nisi at vehicula consequat, mi sapien.'),(1561,'esp','Answer',3,'name','No'),(1562,'eng','Answer',3,'name','No'),(1563,'esp','Answer',3,'feedback_title','Nulla at pharetra velit.'),(1564,'eng','Answer',3,'feedback_title','ENGNulla at pharetra velit.'),(1565,'esp','Answer',3,'feedback','Nulla at pharetra velit. Nullam eu dapibus risus, in imperdiet lorem. Aliquam consequat non sem vitae mollis. Pellentesque lacinia, nisi at vehicula consequat, mi sapien.'),(1566,'eng','Answer',3,'feedback','ENGNulla at pharetra velit. Nullam eu dapibus risus, in imperdiet lorem. Aliquam consequat non sem vitae mollis. Pellentesque lacinia, nisi at vehicula consequat, mi sapien.'),(1567,'esp','Answer',4,'name','No sÃ©'),(1568,'eng','Answer',4,'name','Don\'t know'),(1569,'esp','Answer',4,'feedback_title','Nulla at pharetra velit.'),(1570,'eng','Answer',4,'feedback_title','ENGNulla at pharetra velit.'),(1571,'esp','Answer',4,'feedback','Nulla at pharetra velit. Nullam eu dapibus risus, in imperdiet lorem. Aliquam consequat non sem vitae mollis. Pellentesque lacinia, nisi at vehicula consequat, mi sapien.'),(1572,'eng','Answer',4,'feedback','ENGNulla at pharetra velit. Nullam eu dapibus risus, in imperdiet lorem. Aliquam consequat non sem vitae mollis. Pellentesque lacinia, nisi at vehicula consequat, mi sapien.'),(1573,'esp','Answer',5,'name','No aplicable'),(1574,'eng','Answer',5,'name','Not applicable'),(1575,'esp','Answer',5,'feedback_title',''),(1576,'eng','Answer',5,'feedback_title',''),(1577,'esp','Answer',5,'feedback',''),(1578,'eng','Answer',5,'feedback',''),(1579,'esp','Answer',6,'name','Si'),(1580,'eng','Answer',6,'name','Yes'),(1581,'esp','Answer',6,'feedback_title',''),(1582,'eng','Answer',6,'feedback_title',''),(1583,'esp','Answer',6,'feedback',''),(1584,'eng','Answer',6,'feedback',''),(1585,'esp','Answer',7,'name','En parte'),(1586,'eng','Answer',7,'name','Partially'),(1587,'esp','Answer',7,'feedback_title','Nulla at pharetra velit.'),(1588,'eng','Answer',7,'feedback_title','ENGNulla at pharetra velit.'),(1589,'esp','Answer',7,'feedback','Nulla at pharetra velit. Nullam eu dapibus risus, in imperdiet lorem. Aliquam consequat non sem vitae mollis. Pellentesque lacinia, nisi at vehicula consequat, mi sapien.'),(1590,'eng','Answer',7,'feedback','ENGNulla at pharetra velit. Nullam eu dapibus risus, in imperdiet lorem. Aliquam consequat non sem vitae mollis. Pellentesque lacinia, nisi at vehicula consequat, mi sapien.'),(1591,'esp','Answer',8,'name','No'),(1592,'eng','Answer',8,'name','No'),(1593,'esp','Answer',8,'feedback_title','Nulla at pharetra velit.'),(1594,'eng','Answer',8,'feedback_title','ENGNulla at pharetra velit.'),(1595,'esp','Answer',8,'feedback','Nulla at pharetra velit. Nullam eu dapibus risus, in imperdiet lorem. Aliquam consequat non sem vitae mollis. Pellentesque lacinia, nisi at vehicula consequat, mi sapien.'),(1596,'eng','Answer',8,'feedback','ENGNulla at pharetra velit. Nullam eu dapibus risus, in imperdiet lorem. Aliquam consequat non sem vitae mollis. Pellentesque lacinia, nisi at vehicula consequat, mi sapien.'),(1597,'esp','Answer',9,'name','No sÃ©'),(1598,'eng','Answer',9,'name','Don\'t know'),(1599,'esp','Answer',9,'feedback_title','Nulla at pharetra velit.'),(1600,'eng','Answer',9,'feedback_title','ENGNulla at pharetra velit.'),(1601,'esp','Answer',9,'feedback','Nulla at pharetra velit. Nullam eu dapibus risus, in imperdiet lorem. Aliquam consequat non sem vitae mollis. Pellentesque lacinia, nisi at vehicula consequat, mi sapien.'),(1602,'eng','Answer',9,'feedback','ENGNulla at pharetra velit. Nullam eu dapibus risus, in imperdiet lorem. Aliquam consequat non sem vitae mollis. Pellentesque lacinia, nisi at vehicula consequat, mi sapien.'),(1603,'esp','Answer',10,'name','No aplicable'),(1604,'eng','Answer',10,'name','Not applicable'),(1605,'esp','Answer',10,'feedback_title',''),(1606,'eng','Answer',10,'feedback_title',''),(1607,'esp','Answer',10,'feedback',''),(1608,'eng','Answer',10,'feedback',''),(1609,'esp','Answer',11,'name','Si'),(1610,'eng','Answer',11,'name','Yes'),(1611,'esp','Answer',11,'feedback_title',''),(1612,'eng','Answer',11,'feedback_title',''),(1613,'esp','Answer',11,'feedback',''),(1614,'eng','Answer',11,'feedback',''),(1615,'esp','Answer',12,'name','En parte'),(1616,'eng','Answer',12,'name','Partially'),(1617,'esp','Answer',12,'feedback_title','Nulla at pharetra velit.'),(1618,'eng','Answer',12,'feedback_title','ENGNulla at pharetra velit.'),(1619,'esp','Answer',12,'feedback','Nulla at pharetra velit. Nullam eu dapibus risus, in imperdiet lorem. Aliquam consequat non sem vitae mollis. Pellentesque lacinia, nisi at vehicula consequat, mi sapien.'),(1620,'eng','Answer',12,'feedback','ENGNulla at pharetra velit. Nullam eu dapibus risus, in imperdiet lorem. Aliquam consequat non sem vitae mollis. Pellentesque lacinia, nisi at vehicula consequat, mi sapien.'),(1621,'esp','Answer',13,'name','No'),(1622,'eng','Answer',13,'name','No'),(1623,'esp','Answer',13,'feedback_title','Nulla at pharetra velit.'),(1624,'eng','Answer',13,'feedback_title','ENGNulla at pharetra velit.'),(1625,'esp','Answer',13,'feedback','Nulla at pharetra velit. Nullam eu dapibus risus, in imperdiet lorem. Aliquam consequat non sem vitae mollis. Pellentesque lacinia, nisi at vehicula consequat, mi sapien.'),(1626,'eng','Answer',13,'feedback','ENGNulla at pharetra velit. Nullam eu dapibus risus, in imperdiet lorem. Aliquam consequat non sem vitae mollis. Pellentesque lacinia, nisi at vehicula consequat, mi sapien.'),(1627,'esp','Answer',14,'name','No sÃ©'),(1628,'eng','Answer',14,'name','Don\'t know'),(1629,'esp','Answer',14,'feedback_title','Nulla at pharetra velit.'),(1630,'eng','Answer',14,'feedback_title','ENGNulla at pharetra velit.'),(1631,'esp','Answer',14,'feedback','Nulla at pharetra velit. Nullam eu dapibus risus, in imperdiet lorem. Aliquam consequat non sem vitae mollis. Pellentesque lacinia, nisi at vehicula consequat, mi sapien.'),(1632,'eng','Answer',14,'feedback','ENGNulla at pharetra velit. Nullam eu dapibus risus, in imperdiet lorem. Aliquam consequat non sem vitae mollis. Pellentesque lacinia, nisi at vehicula consequat, mi sapien.'),(1633,'esp','Answer',15,'name','No aplicable'),(1634,'eng','Answer',15,'name','Not applicable'),(1635,'esp','Answer',15,'feedback_title',''),(1636,'eng','Answer',15,'feedback_title',''),(1637,'esp','Answer',15,'feedback',''),(1638,'eng','Answer',15,'feedback',''),(1639,'esp','Answer',16,'name','Si'),(1640,'eng','Answer',16,'name','Yes'),(1641,'esp','Answer',16,'feedback_title',''),(1642,'eng','Answer',16,'feedback_title',''),(1643,'esp','Answer',16,'feedback',''),(1644,'eng','Answer',16,'feedback',''),(1645,'esp','Answer',17,'name','En parte'),(1646,'eng','Answer',17,'name','Partially'),(1647,'esp','Answer',17,'feedback_title','Nulla at pharetra velit.'),(1648,'eng','Answer',17,'feedback_title','ENGNulla at pharetra velit.'),(1649,'esp','Answer',17,'feedback','Nulla at pharetra velit. Nullam eu dapibus risus, in imperdiet lorem. Aliquam consequat non sem vitae mollis. Pellentesque lacinia, nisi at vehicula consequat, mi sapien.'),(1650,'eng','Answer',17,'feedback','ENGNulla at pharetra velit. Nullam eu dapibus risus, in imperdiet lorem. Aliquam consequat non sem vitae mollis. Pellentesque lacinia, nisi at vehicula consequat, mi sapien.'),(1651,'esp','Answer',18,'name','No'),(1652,'eng','Answer',18,'name','No'),(1653,'esp','Answer',18,'feedback_title','Nulla at pharetra velit.'),(1654,'eng','Answer',18,'feedback_title','ENGNulla at pharetra velit.'),(1655,'esp','Answer',18,'feedback','Nulla at pharetra velit. Nullam eu dapibus risus, in imperdiet lorem. Aliquam consequat non sem vitae mollis. Pellentesque lacinia, nisi at vehicula consequat, mi sapien.'),(1656,'eng','Answer',18,'feedback','ENGNulla at pharetra velit. Nullam eu dapibus risus, in imperdiet lorem. Aliquam consequat non sem vitae mollis. Pellentesque lacinia, nisi at vehicula consequat, mi sapien.'),(1657,'esp','Answer',19,'name','No sÃ©'),(1658,'eng','Answer',19,'name','Don\'t know'),(1659,'esp','Answer',19,'feedback_title','Nulla at pharetra velit.'),(1660,'eng','Answer',19,'feedback_title','ENGNulla at pharetra velit.'),(1661,'esp','Answer',19,'feedback','Nulla at pharetra velit. Nullam eu dapibus risus, in imperdiet lorem. Aliquam consequat non sem vitae mollis. Pellentesque lacinia, nisi at vehicula consequat, mi sapien.'),(1662,'eng','Answer',19,'feedback','ENGNulla at pharetra velit. Nullam eu dapibus risus, in imperdiet lorem. Aliquam consequat non sem vitae mollis. Pellentesque lacinia, nisi at vehicula consequat, mi sapien.'),(1663,'esp','Answer',20,'name','No aplicable'),(1664,'eng','Answer',20,'name','Not applicable'),(1665,'esp','Answer',20,'feedback_title',''),(1666,'eng','Answer',20,'feedback_title',''),(1667,'esp','Answer',20,'feedback',''),(1668,'eng','Answer',20,'feedback',''),(1669,'esp','Answer',21,'name','Si'),(1670,'eng','Answer',21,'name','Yes'),(1671,'esp','Answer',21,'feedback_title',''),(1672,'eng','Answer',21,'feedback_title',''),(1673,'esp','Answer',21,'feedback',''),(1674,'eng','Answer',21,'feedback',''),(1675,'esp','Answer',22,'name','En parte'),(1676,'eng','Answer',22,'name','Partially'),(1677,'esp','Answer',22,'feedback_title','Nulla at pharetra velit.'),(1678,'eng','Answer',22,'feedback_title','ENGNulla at pharetra velit.'),(1679,'esp','Answer',22,'feedback','Nulla at pharetra velit. Nullam eu dapibus risus, in imperdiet lorem. Aliquam consequat non sem vitae mollis. Pellentesque lacinia, nisi at vehicula consequat, mi sapien.'),(1680,'eng','Answer',22,'feedback','ENGNulla at pharetra velit. Nullam eu dapibus risus, in imperdiet lorem. Aliquam consequat non sem vitae mollis. Pellentesque lacinia, nisi at vehicula consequat, mi sapien.'),(1681,'esp','Answer',23,'name','No'),(1682,'eng','Answer',23,'name','No'),(1683,'esp','Answer',23,'feedback_title','Nulla at pharetra velit.'),(1684,'eng','Answer',23,'feedback_title','ENGNulla at pharetra velit.'),(1685,'esp','Answer',23,'feedback','Nulla at pharetra velit. Nullam eu dapibus risus, in imperdiet lorem. Aliquam consequat non sem vitae mollis. Pellentesque lacinia, nisi at vehicula consequat, mi sapien.'),(1686,'eng','Answer',23,'feedback','ENGNulla at pharetra velit. Nullam eu dapibus risus, in imperdiet lorem. Aliquam consequat non sem vitae mollis. Pellentesque lacinia, nisi at vehicula consequat, mi sapien.'),(1687,'esp','Answer',24,'name','No sÃ©'),(1688,'eng','Answer',24,'name','Don\'t know'),(1689,'esp','Answer',24,'feedback_title','Nulla at pharetra velit.'),(1690,'eng','Answer',24,'feedback_title','ENGNulla at pharetra velit.'),(1691,'esp','Answer',24,'feedback','Nulla at pharetra velit. Nullam eu dapibus risus, in imperdiet lorem. Aliquam consequat non sem vitae mollis. Pellentesque lacinia, nisi at vehicula consequat, mi sapien.'),(1692,'eng','Answer',24,'feedback','ENGNulla at pharetra velit. Nullam eu dapibus risus, in imperdiet lorem. Aliquam consequat non sem vitae mollis. Pellentesque lacinia, nisi at vehicula consequat, mi sapien.'),(1693,'esp','Answer',25,'name','No aplicable'),(1694,'eng','Answer',25,'name','Not applicable'),(1695,'esp','Answer',25,'feedback_title',''),(1696,'eng','Answer',25,'feedback_title',''),(1697,'esp','Answer',25,'feedback',''),(1698,'eng','Answer',25,'feedback',''),(1699,'esp','Answer',26,'name','Si'),(1700,'eng','Answer',26,'name','Yes'),(1701,'esp','Answer',26,'feedback_title',''),(1702,'eng','Answer',26,'feedback_title',''),(1703,'esp','Answer',26,'feedback',''),(1704,'eng','Answer',26,'feedback',''),(1705,'esp','Answer',27,'name','En parte'),(1706,'eng','Answer',27,'name','Partially'),(1707,'esp','Answer',27,'feedback_title','Nulla at pharetra velit.'),(1708,'eng','Answer',27,'feedback_title','ENGNulla at pharetra velit.'),(1709,'esp','Answer',27,'feedback','Nulla at pharetra velit. Nullam eu dapibus risus, in imperdiet lorem. Aliquam consequat non sem vitae mollis. Pellentesque lacinia, nisi at vehicula consequat, mi sapien.'),(1710,'eng','Answer',27,'feedback','ENGNulla at pharetra velit. Nullam eu dapibus risus, in imperdiet lorem. Aliquam consequat non sem vitae mollis. Pellentesque lacinia, nisi at vehicula consequat, mi sapien.'),(1711,'esp','Answer',28,'name','No'),(1712,'eng','Answer',28,'name','No'),(1713,'esp','Answer',28,'feedback_title','Nulla at pharetra velit.'),(1714,'eng','Answer',28,'feedback_title','ENGNulla at pharetra velit.'),(1715,'esp','Answer',28,'feedback','Nulla at pharetra velit. Nullam eu dapibus risus, in imperdiet lorem. Aliquam consequat non sem vitae mollis. Pellentesque lacinia, nisi at vehicula consequat, mi sapien.'),(1716,'eng','Answer',28,'feedback','ENGNulla at pharetra velit. Nullam eu dapibus risus, in imperdiet lorem. Aliquam consequat non sem vitae mollis. Pellentesque lacinia, nisi at vehicula consequat, mi sapien.'),(1717,'esp','Answer',29,'name','No sÃ©'),(1718,'eng','Answer',29,'name','Don\'t know'),(1719,'esp','Answer',29,'feedback_title','Nulla at pharetra velit.'),(1720,'eng','Answer',29,'feedback_title','ENGNulla at pharetra velit.'),(1721,'esp','Answer',29,'feedback','Nulla at pharetra velit. Nullam eu dapibus risus, in imperdiet lorem. Aliquam consequat non sem vitae mollis. Pellentesque lacinia, nisi at vehicula consequat, mi sapien.'),(1722,'eng','Answer',29,'feedback','ENGNulla at pharetra velit. Nullam eu dapibus risus, in imperdiet lorem. Aliquam consequat non sem vitae mollis. Pellentesque lacinia, nisi at vehicula consequat, mi sapien.'),(1723,'esp','Answer',30,'name','No aplicable'),(1724,'eng','Answer',30,'name','Not applicable'),(1725,'esp','Answer',30,'feedback_title',''),(1726,'eng','Answer',30,'feedback_title',''),(1727,'esp','Answer',30,'feedback',''),(1728,'eng','Answer',30,'feedback',''),(1729,'esp','Answer',31,'name','Si'),(1730,'eng','Answer',31,'name','Yes'),(1731,'esp','Answer',31,'feedback_title',''),(1732,'eng','Answer',31,'feedback_title',''),(1733,'esp','Answer',31,'feedback',''),(1734,'eng','Answer',31,'feedback',''),(1735,'esp','Answer',32,'name','En parte'),(1736,'eng','Answer',32,'name','Partially'),(1737,'esp','Answer',32,'feedback_title','Nulla at pharetra velit.'),(1738,'eng','Answer',32,'feedback_title','ENGNulla at pharetra velit.'),(1739,'esp','Answer',32,'feedback','Nulla at pharetra velit. Nullam eu dapibus risus, in imperdiet lorem. Aliquam consequat non sem vitae mollis. Pellentesque lacinia, nisi at vehicula consequat, mi sapien.'),(1740,'eng','Answer',32,'feedback','ENGNulla at pharetra velit. Nullam eu dapibus risus, in imperdiet lorem. Aliquam consequat non sem vitae mollis. Pellentesque lacinia, nisi at vehicula consequat, mi sapien.'),(1741,'esp','Answer',33,'name','No'),(1742,'eng','Answer',33,'name','No'),(1743,'esp','Answer',33,'feedback_title','Nulla at pharetra velit.'),(1744,'eng','Answer',33,'feedback_title','ENGNulla at pharetra velit.'),(1745,'esp','Answer',33,'feedback','Nulla at pharetra velit. Nullam eu dapibus risus, in imperdiet lorem. Aliquam consequat non sem vitae mollis. Pellentesque lacinia, nisi at vehicula consequat, mi sapien.'),(1746,'eng','Answer',33,'feedback','ENGNulla at pharetra velit. Nullam eu dapibus risus, in imperdiet lorem. Aliquam consequat non sem vitae mollis. Pellentesque lacinia, nisi at vehicula consequat, mi sapien.'),(1747,'esp','Answer',34,'name','No sÃ©'),(1748,'eng','Answer',34,'name','Don\'t know'),(1749,'esp','Answer',34,'feedback_title','Nulla at pharetra velit.'),(1750,'eng','Answer',34,'feedback_title','ENGNulla at pharetra velit.'),(1751,'esp','Answer',34,'feedback','Nulla at pharetra velit. Nullam eu dapibus risus, in imperdiet lorem. Aliquam consequat non sem vitae mollis. Pellentesque lacinia, nisi at vehicula consequat, mi sapien.'),(1752,'eng','Answer',34,'feedback','ENGNulla at pharetra velit. Nullam eu dapibus risus, in imperdiet lorem. Aliquam consequat non sem vitae mollis. Pellentesque lacinia, nisi at vehicula consequat, mi sapien.'),(1753,'esp','Answer',35,'name','No aplicable'),(1754,'eng','Answer',35,'name','Not applicable'),(1755,'esp','Answer',35,'feedback_title',''),(1756,'eng','Answer',35,'feedback_title',''),(1757,'esp','Answer',35,'feedback',''),(1758,'eng','Answer',35,'feedback',''),(1759,'esp','Answer',36,'name','Si'),(1760,'eng','Answer',36,'name','Yes'),(1761,'esp','Answer',36,'feedback_title',''),(1762,'eng','Answer',36,'feedback_title',''),(1763,'esp','Answer',36,'feedback',''),(1764,'eng','Answer',36,'feedback',''),(1765,'esp','Answer',37,'name','En parte'),(1766,'eng','Answer',37,'name','Partially'),(1767,'esp','Answer',37,'feedback_title','Nulla at pharetra velit.'),(1768,'eng','Answer',37,'feedback_title','ENGNulla at pharetra velit.'),(1769,'esp','Answer',37,'feedback','Nulla at pharetra velit. Nullam eu dapibus risus, in imperdiet lorem. Aliquam consequat non sem vitae mollis. Pellentesque lacinia, nisi at vehicula consequat, mi sapien.'),(1770,'eng','Answer',37,'feedback','ENGNulla at pharetra velit. Nullam eu dapibus risus, in imperdiet lorem. Aliquam consequat non sem vitae mollis. Pellentesque lacinia, nisi at vehicula consequat, mi sapien.'),(1771,'esp','Answer',38,'name','No'),(1772,'eng','Answer',38,'name','No'),(1773,'esp','Answer',38,'feedback_title','Nulla at pharetra velit.'),(1774,'eng','Answer',38,'feedback_title','ENGNulla at pharetra velit.'),(1775,'esp','Answer',38,'feedback','Nulla at pharetra velit. Nullam eu dapibus risus, in imperdiet lorem. Aliquam consequat non sem vitae mollis. Pellentesque lacinia, nisi at vehicula consequat, mi sapien.'),(1776,'eng','Answer',38,'feedback','ENGNulla at pharetra velit. Nullam eu dapibus risus, in imperdiet lorem. Aliquam consequat non sem vitae mollis. Pellentesque lacinia, nisi at vehicula consequat, mi sapien.'),(1777,'esp','Answer',39,'name','No sÃ©'),(1778,'eng','Answer',39,'name','Don\'t know'),(1779,'esp','Answer',39,'feedback_title','Nulla at pharetra velit.'),(1780,'eng','Answer',39,'feedback_title','ENGNulla at pharetra velit.'),(1781,'esp','Answer',39,'feedback','Nulla at pharetra velit. Nullam eu dapibus risus, in imperdiet lorem. Aliquam consequat non sem vitae mollis. Pellentesque lacinia, nisi at vehicula consequat, mi sapien.'),(1782,'eng','Answer',39,'feedback','ENGNulla at pharetra velit. Nullam eu dapibus risus, in imperdiet lorem. Aliquam consequat non sem vitae mollis. Pellentesque lacinia, nisi at vehicula consequat, mi sapien.'),(1783,'esp','Answer',40,'name','No aplicable'),(1784,'eng','Answer',40,'name','Not applicable'),(1785,'esp','Answer',40,'feedback_title',''),(1786,'eng','Answer',40,'feedback_title',''),(1787,'esp','Answer',40,'feedback',''),(1788,'eng','Answer',40,'feedback',''),(1789,'esp','Answer',41,'name','Si'),(1790,'eng','Answer',41,'name','Yes'),(1791,'esp','Answer',41,'feedback_title',''),(1792,'eng','Answer',41,'feedback_title',''),(1793,'esp','Answer',41,'feedback',''),(1794,'eng','Answer',41,'feedback',''),(1795,'esp','Answer',42,'name','En parte'),(1796,'eng','Answer',42,'name','Partially'),(1797,'esp','Answer',42,'feedback_title','Nulla at pharetra velit.'),(1798,'eng','Answer',42,'feedback_title','ENGNulla at pharetra velit.'),(1799,'esp','Answer',42,'feedback','Nulla at pharetra velit. Nullam eu dapibus risus, in imperdiet lorem. Aliquam consequat non sem vitae mollis. Pellentesque lacinia, nisi at vehicula consequat, mi sapien.'),(1800,'eng','Answer',42,'feedback','ENGNulla at pharetra velit. Nullam eu dapibus risus, in imperdiet lorem. Aliquam consequat non sem vitae mollis. Pellentesque lacinia, nisi at vehicula consequat, mi sapien.'),(1801,'esp','Answer',43,'name','No'),(1802,'eng','Answer',43,'name','No'),(1803,'esp','Answer',43,'feedback_title','Nulla at pharetra velit.'),(1804,'eng','Answer',43,'feedback_title','ENGNulla at pharetra velit.'),(1805,'esp','Answer',43,'feedback','Nulla at pharetra velit. Nullam eu dapibus risus, in imperdiet lorem. Aliquam consequat non sem vitae mollis. Pellentesque lacinia, nisi at vehicula consequat, mi sapien.'),(1806,'eng','Answer',43,'feedback','ENGNulla at pharetra velit. Nullam eu dapibus risus, in imperdiet lorem. Aliquam consequat non sem vitae mollis. Pellentesque lacinia, nisi at vehicula consequat, mi sapien.'),(1807,'esp','Answer',44,'name','No sÃ©'),(1808,'eng','Answer',44,'name','Don\'t know'),(1809,'esp','Answer',44,'feedback_title','Nulla at pharetra velit.'),(1810,'eng','Answer',44,'feedback_title','ENGNulla at pharetra velit.'),(1811,'esp','Answer',44,'feedback','Nulla at pharetra velit. Nullam eu dapibus risus, in imperdiet lorem. Aliquam consequat non sem vitae mollis. Pellentesque lacinia, nisi at vehicula consequat, mi sapien.'),(1812,'eng','Answer',44,'feedback','ENGNulla at pharetra velit. Nullam eu dapibus risus, in imperdiet lorem. Aliquam consequat non sem vitae mollis. Pellentesque lacinia, nisi at vehicula consequat, mi sapien.'),(1813,'esp','Answer',45,'name','No aplicable'),(1814,'eng','Answer',45,'name','Not applicable'),(1815,'esp','Answer',45,'feedback_title',''),(1816,'eng','Answer',45,'feedback_title',''),(1817,'esp','Answer',45,'feedback',''),(1818,'eng','Answer',45,'feedback',''),(1819,'esp','Answer',46,'name','Si'),(1820,'eng','Answer',46,'name','Yes'),(1821,'esp','Answer',46,'feedback_title',''),(1822,'eng','Answer',46,'feedback_title',''),(1823,'esp','Answer',46,'feedback',''),(1824,'eng','Answer',46,'feedback',''),(1825,'esp','Answer',47,'name','En parte'),(1826,'eng','Answer',47,'name','Partially'),(1827,'esp','Answer',47,'feedback_title','Nulla at pharetra velit.'),(1828,'eng','Answer',47,'feedback_title','ENGNulla at pharetra velit.'),(1829,'esp','Answer',47,'feedback','Nulla at pharetra velit. Nullam eu dapibus risus, in imperdiet lorem. Aliquam consequat non sem vitae mollis. Pellentesque lacinia, nisi at vehicula consequat, mi sapien.'),(1830,'eng','Answer',47,'feedback','ENGNulla at pharetra velit. Nullam eu dapibus risus, in imperdiet lorem. Aliquam consequat non sem vitae mollis. Pellentesque lacinia, nisi at vehicula consequat, mi sapien.'),(1831,'esp','Answer',48,'name','No'),(1832,'eng','Answer',48,'name','No'),(1833,'esp','Answer',48,'feedback_title','Nulla at pharetra velit.'),(1834,'eng','Answer',48,'feedback_title','ENGNulla at pharetra velit.'),(1835,'esp','Answer',48,'feedback','Nulla at pharetra velit. Nullam eu dapibus risus, in imperdiet lorem. Aliquam consequat non sem vitae mollis. Pellentesque lacinia, nisi at vehicula consequat, mi sapien.'),(1836,'eng','Answer',48,'feedback','ENGNulla at pharetra velit. Nullam eu dapibus risus, in imperdiet lorem. Aliquam consequat non sem vitae mollis. Pellentesque lacinia, nisi at vehicula consequat, mi sapien.'),(1837,'esp','Answer',49,'name','No sÃ©'),(1838,'eng','Answer',49,'name','Don\'t know'),(1839,'esp','Answer',49,'feedback_title','Nulla at pharetra velit.'),(1840,'eng','Answer',49,'feedback_title','ENGNulla at pharetra velit.'),(1841,'esp','Answer',49,'feedback','Nulla at pharetra velit. Nullam eu dapibus risus, in imperdiet lorem. Aliquam consequat non sem vitae mollis. Pellentesque lacinia, nisi at vehicula consequat, mi sapien.'),(1842,'eng','Answer',49,'feedback','ENGNulla at pharetra velit. Nullam eu dapibus risus, in imperdiet lorem. Aliquam consequat non sem vitae mollis. Pellentesque lacinia, nisi at vehicula consequat, mi sapien.'),(1843,'esp','Answer',50,'name','No aplicable'),(1844,'eng','Answer',50,'name','Not applicable'),(1845,'esp','Answer',50,'feedback_title',''),(1846,'eng','Answer',50,'feedback_title',''),(1847,'esp','Answer',50,'feedback',''),(1848,'eng','Answer',50,'feedback',''),(1849,'esp','Answer',51,'name','Si'),(1850,'eng','Answer',51,'name','Yes'),(1851,'esp','Answer',51,'feedback_title',''),(1852,'eng','Answer',51,'feedback_title',''),(1853,'esp','Answer',51,'feedback',''),(1854,'eng','Answer',51,'feedback',''),(1855,'esp','Answer',52,'name','En parte'),(1856,'eng','Answer',52,'name','Partially'),(1857,'esp','Answer',52,'feedback_title','Nulla at pharetra velit.'),(1858,'eng','Answer',52,'feedback_title','ENGNulla at pharetra velit.'),(1859,'esp','Answer',52,'feedback','Nulla at pharetra velit. Nullam eu dapibus risus, in imperdiet lorem. Aliquam consequat non sem vitae mollis. Pellentesque lacinia, nisi at vehicula consequat, mi sapien.'),(1860,'eng','Answer',52,'feedback','ENGNulla at pharetra velit. Nullam eu dapibus risus, in imperdiet lorem. Aliquam consequat non sem vitae mollis. Pellentesque lacinia, nisi at vehicula consequat, mi sapien.'),(1861,'esp','Answer',53,'name','No'),(1862,'eng','Answer',53,'name','No'),(1863,'esp','Answer',53,'feedback_title','Nulla at pharetra velit.'),(1864,'eng','Answer',53,'feedback_title','ENGNulla at pharetra velit.'),(1865,'esp','Answer',53,'feedback','Nulla at pharetra velit. Nullam eu dapibus risus, in imperdiet lorem. Aliquam consequat non sem vitae mollis. Pellentesque lacinia, nisi at vehicula consequat, mi sapien.'),(1866,'eng','Answer',53,'feedback','ENGNulla at pharetra velit. Nullam eu dapibus risus, in imperdiet lorem. Aliquam consequat non sem vitae mollis. Pellentesque lacinia, nisi at vehicula consequat, mi sapien.'),(1867,'esp','Answer',54,'name','No sÃ©'),(1868,'eng','Answer',54,'name','Don\'t know'),(1869,'esp','Answer',54,'feedback_title','Nulla at pharetra velit.'),(1870,'eng','Answer',54,'feedback_title','ENGNulla at pharetra velit.'),(1871,'esp','Answer',54,'feedback','Nulla at pharetra velit. Nullam eu dapibus risus, in imperdiet lorem. Aliquam consequat non sem vitae mollis. Pellentesque lacinia, nisi at vehicula consequat, mi sapien.'),(1872,'eng','Answer',54,'feedback','ENGNulla at pharetra velit. Nullam eu dapibus risus, in imperdiet lorem. Aliquam consequat non sem vitae mollis. Pellentesque lacinia, nisi at vehicula consequat, mi sapien.'),(1873,'esp','Answer',55,'name','No aplicable'),(1874,'eng','Answer',55,'name','Not applicable'),(1875,'esp','Answer',55,'feedback_title',''),(1876,'eng','Answer',55,'feedback_title',''),(1877,'esp','Answer',55,'feedback',''),(1878,'eng','Answer',55,'feedback',''),(1879,'esp','Answer',56,'name','Si'),(1880,'eng','Answer',56,'name','Yes'),(1881,'esp','Answer',56,'feedback_title',''),(1882,'eng','Answer',56,'feedback_title',''),(1883,'esp','Answer',56,'feedback',''),(1884,'eng','Answer',56,'feedback',''),(1885,'esp','Answer',57,'name','En parte'),(1886,'eng','Answer',57,'name','Partially'),(1887,'esp','Answer',57,'feedback_title','Nulla at pharetra velit.'),(1888,'eng','Answer',57,'feedback_title','ENGNulla at pharetra velit.'),(1889,'esp','Answer',57,'feedback','Nulla at pharetra velit. Nullam eu dapibus risus, in imperdiet lorem. Aliquam consequat non sem vitae mollis. Pellentesque lacinia, nisi at vehicula consequat, mi sapien.'),(1890,'eng','Answer',57,'feedback','ENGNulla at pharetra velit. Nullam eu dapibus risus, in imperdiet lorem. Aliquam consequat non sem vitae mollis. Pellentesque lacinia, nisi at vehicula consequat, mi sapien.'),(1891,'esp','Answer',58,'name','No'),(1892,'eng','Answer',58,'name','No'),(1893,'esp','Answer',58,'feedback_title','Nulla at pharetra velit.'),(1894,'eng','Answer',58,'feedback_title','ENGNulla at pharetra velit.'),(1895,'esp','Answer',58,'feedback','Nulla at pharetra velit. Nullam eu dapibus risus, in imperdiet lorem. Aliquam consequat non sem vitae mollis. Pellentesque lacinia, nisi at vehicula consequat, mi sapien.'),(1896,'eng','Answer',58,'feedback','ENGNulla at pharetra velit. Nullam eu dapibus risus, in imperdiet lorem. Aliquam consequat non sem vitae mollis. Pellentesque lacinia, nisi at vehicula consequat, mi sapien.'),(1897,'esp','Answer',59,'name','No sÃ©'),(1898,'eng','Answer',59,'name','Don\'t know'),(1899,'esp','Answer',59,'feedback_title','Nulla at pharetra velit.'),(1900,'eng','Answer',59,'feedback_title','ENGNulla at pharetra velit.'),(1901,'esp','Answer',59,'feedback','Nulla at pharetra velit. Nullam eu dapibus risus, in imperdiet lorem. Aliquam consequat non sem vitae mollis. Pellentesque lacinia, nisi at vehicula consequat, mi sapien.'),(1902,'eng','Answer',59,'feedback','ENGNulla at pharetra velit. Nullam eu dapibus risus, in imperdiet lorem. Aliquam consequat non sem vitae mollis. Pellentesque lacinia, nisi at vehicula consequat, mi sapien.'),(1903,'esp','Answer',60,'name','No aplicable'),(1904,'eng','Answer',60,'name','Not applicable'),(1905,'esp','Answer',60,'feedback_title',''),(1906,'eng','Answer',60,'feedback_title',''),(1907,'esp','Answer',60,'feedback',''),(1908,'eng','Answer',60,'feedback',''),(1909,'esp','Answer',61,'name','Si'),(1910,'eng','Answer',61,'name','Yes'),(1911,'esp','Answer',61,'feedback_title',''),(1912,'eng','Answer',61,'feedback_title',''),(1913,'esp','Answer',61,'feedback',''),(1914,'eng','Answer',61,'feedback',''),(1915,'esp','Answer',62,'name','En parte'),(1916,'eng','Answer',62,'name','Partially'),(1917,'esp','Answer',62,'feedback_title','Nulla at pharetra velit.'),(1918,'eng','Answer',62,'feedback_title','ENGNulla at pharetra velit.'),(1919,'esp','Answer',62,'feedback','Nulla at pharetra velit. Nullam eu dapibus risus, in imperdiet lorem. Aliquam consequat non sem vitae mollis. Pellentesque lacinia, nisi at vehicula consequat, mi sapien.'),(1920,'eng','Answer',62,'feedback','ENGNulla at pharetra velit. Nullam eu dapibus risus, in imperdiet lorem. Aliquam consequat non sem vitae mollis. Pellentesque lacinia, nisi at vehicula consequat, mi sapien.'),(1921,'esp','Answer',63,'name','No'),(1922,'eng','Answer',63,'name','No'),(1923,'esp','Answer',63,'feedback_title','Nulla at pharetra velit.'),(1924,'eng','Answer',63,'feedback_title','ENGNulla at pharetra velit.'),(1925,'esp','Answer',63,'feedback','Nulla at pharetra velit. Nullam eu dapibus risus, in imperdiet lorem. Aliquam consequat non sem vitae mollis. Pellentesque lacinia, nisi at vehicula consequat, mi sapien.'),(1926,'eng','Answer',63,'feedback','ENGNulla at pharetra velit. Nullam eu dapibus risus, in imperdiet lorem. Aliquam consequat non sem vitae mollis. Pellentesque lacinia, nisi at vehicula consequat, mi sapien.'),(1927,'esp','Answer',64,'name','No sÃ©'),(1928,'eng','Answer',64,'name','Don\'t know'),(1929,'esp','Answer',64,'feedback_title','Nulla at pharetra velit.'),(1930,'eng','Answer',64,'feedback_title','ENGNulla at pharetra velit.'),(1931,'esp','Answer',64,'feedback','Nulla at pharetra velit. Nullam eu dapibus risus, in imperdiet lorem. Aliquam consequat non sem vitae mollis. Pellentesque lacinia, nisi at vehicula consequat, mi sapien.'),(1932,'eng','Answer',64,'feedback','ENGNulla at pharetra velit. Nullam eu dapibus risus, in imperdiet lorem. Aliquam consequat non sem vitae mollis. Pellentesque lacinia, nisi at vehicula consequat, mi sapien.'),(1933,'esp','Answer',65,'name','No aplicable'),(1934,'eng','Answer',65,'name','Not applicable'),(1935,'esp','Answer',65,'feedback_title',''),(1936,'eng','Answer',65,'feedback_title',''),(1937,'esp','Answer',65,'feedback',''),(1938,'eng','Answer',65,'feedback',''),(1939,'esp','Answer',66,'name','Si'),(1940,'eng','Answer',66,'name','Yes'),(1941,'esp','Answer',66,'feedback_title',''),(1942,'eng','Answer',66,'feedback_title',''),(1943,'esp','Answer',66,'feedback',''),(1944,'eng','Answer',66,'feedback',''),(1945,'esp','Answer',67,'name','En parte'),(1946,'eng','Answer',67,'name','Partially'),(1947,'esp','Answer',67,'feedback_title','Nulla at pharetra velit.'),(1948,'eng','Answer',67,'feedback_title','ENGNulla at pharetra velit.'),(1949,'esp','Answer',67,'feedback','Nulla at pharetra velit. Nullam eu dapibus risus, in imperdiet lorem. Aliquam consequat non sem vitae mollis. Pellentesque lacinia, nisi at vehicula consequat, mi sapien.'),(1950,'eng','Answer',67,'feedback','ENGNulla at pharetra velit. Nullam eu dapibus risus, in imperdiet lorem. Aliquam consequat non sem vitae mollis. Pellentesque lacinia, nisi at vehicula consequat, mi sapien.'),(1951,'esp','Answer',68,'name','No'),(1952,'eng','Answer',68,'name','No'),(1953,'esp','Answer',68,'feedback_title','Nulla at pharetra velit.'),(1954,'eng','Answer',68,'feedback_title','ENGNulla at pharetra velit.'),(1955,'esp','Answer',68,'feedback','Nulla at pharetra velit. Nullam eu dapibus risus, in imperdiet lorem. Aliquam consequat non sem vitae mollis. Pellentesque lacinia, nisi at vehicula consequat, mi sapien.'),(1956,'eng','Answer',68,'feedback','ENGNulla at pharetra velit. Nullam eu dapibus risus, in imperdiet lorem. Aliquam consequat non sem vitae mollis. Pellentesque lacinia, nisi at vehicula consequat, mi sapien.'),(1957,'esp','Answer',69,'name','No sÃ©'),(1958,'eng','Answer',69,'name','Don\'t know'),(1959,'esp','Answer',69,'feedback_title','Nulla at pharetra velit.'),(1960,'eng','Answer',69,'feedback_title','ENGNulla at pharetra velit.'),(1961,'esp','Answer',69,'feedback','Nulla at pharetra velit. Nullam eu dapibus risus, in imperdiet lorem. Aliquam consequat non sem vitae mollis. Pellentesque lacinia, nisi at vehicula consequat, mi sapien.'),(1962,'eng','Answer',69,'feedback','ENGNulla at pharetra velit. Nullam eu dapibus risus, in imperdiet lorem. Aliquam consequat non sem vitae mollis. Pellentesque lacinia, nisi at vehicula consequat, mi sapien.'),(1963,'esp','Answer',70,'name','No aplicable'),(1964,'eng','Answer',70,'name','Not applicable'),(1965,'esp','Answer',70,'feedback_title',''),(1966,'eng','Answer',70,'feedback_title',''),(1967,'esp','Answer',70,'feedback',''),(1968,'eng','Answer',70,'feedback',''),(1969,'esp','Answer',71,'name','Si'),(1970,'eng','Answer',71,'name','Yes'),(1971,'esp','Answer',71,'feedback_title',''),(1972,'eng','Answer',71,'feedback_title',''),(1973,'esp','Answer',71,'feedback',''),(1974,'eng','Answer',71,'feedback',''),(1975,'esp','Answer',72,'name','En parte'),(1976,'eng','Answer',72,'name','Partially'),(1977,'esp','Answer',72,'feedback_title','Nulla at pharetra velit.'),(1978,'eng','Answer',72,'feedback_title','ENGNulla at pharetra velit.'),(1979,'esp','Answer',72,'feedback','Nulla at pharetra velit. Nullam eu dapibus risus, in imperdiet lorem. Aliquam consequat non sem vitae mollis. Pellentesque lacinia, nisi at vehicula consequat, mi sapien.'),(1980,'eng','Answer',72,'feedback','ENGNulla at pharetra velit. Nullam eu dapibus risus, in imperdiet lorem. Aliquam consequat non sem vitae mollis. Pellentesque lacinia, nisi at vehicula consequat, mi sapien.'),(1981,'esp','Answer',73,'name','No'),(1982,'eng','Answer',73,'name','No'),(1983,'esp','Answer',73,'feedback_title','Nulla at pharetra velit.'),(1984,'eng','Answer',73,'feedback_title','ENGNulla at pharetra velit.'),(1985,'esp','Answer',73,'feedback','Nulla at pharetra velit. Nullam eu dapibus risus, in imperdiet lorem. Aliquam consequat non sem vitae mollis. Pellentesque lacinia, nisi at vehicula consequat, mi sapien.'),(1986,'eng','Answer',73,'feedback','ENGNulla at pharetra velit. Nullam eu dapibus risus, in imperdiet lorem. Aliquam consequat non sem vitae mollis. Pellentesque lacinia, nisi at vehicula consequat, mi sapien.'),(1987,'esp','Answer',74,'name','No sÃ©'),(1988,'eng','Answer',74,'name','Don\'t know'),(1989,'esp','Answer',74,'feedback_title','Nulla at pharetra velit.'),(1990,'eng','Answer',74,'feedback_title','ENGNulla at pharetra velit.'),(1991,'esp','Answer',74,'feedback','Nulla at pharetra velit. Nullam eu dapibus risus, in imperdiet lorem. Aliquam consequat non sem vitae mollis. Pellentesque lacinia, nisi at vehicula consequat, mi sapien.'),(1992,'eng','Answer',74,'feedback','ENGNulla at pharetra velit. Nullam eu dapibus risus, in imperdiet lorem. Aliquam consequat non sem vitae mollis. Pellentesque lacinia, nisi at vehicula consequat, mi sapien.'),(1993,'esp','Answer',75,'name','No aplicable'),(1994,'eng','Answer',75,'name','Not applicable'),(1995,'esp','Answer',75,'feedback_title',''),(1996,'eng','Answer',75,'feedback_title',''),(1997,'esp','Answer',75,'feedback',''),(1998,'eng','Answer',75,'feedback',''),(1999,'esp','Answer',76,'name','Si'),(2000,'eng','Answer',76,'name','Yes'),(2001,'esp','Answer',76,'feedback_title',''),(2002,'eng','Answer',76,'feedback_title',''),(2003,'esp','Answer',76,'feedback',''),(2004,'eng','Answer',76,'feedback',''),(2005,'esp','Answer',77,'name','En parte'),(2006,'eng','Answer',77,'name','Partially'),(2007,'esp','Answer',77,'feedback_title','Nulla at pharetra velit.'),(2008,'eng','Answer',77,'feedback_title','ENGNulla at pharetra velit.'),(2009,'esp','Answer',77,'feedback','Nulla at pharetra velit. Nullam eu dapibus risus, in imperdiet lorem. Aliquam consequat non sem vitae mollis. Pellentesque lacinia, nisi at vehicula consequat, mi sapien.'),(2010,'eng','Answer',77,'feedback','ENGNulla at pharetra velit. Nullam eu dapibus risus, in imperdiet lorem. Aliquam consequat non sem vitae mollis. Pellentesque lacinia, nisi at vehicula consequat, mi sapien.'),(2011,'esp','Answer',78,'name','No'),(2012,'eng','Answer',78,'name','No'),(2013,'esp','Answer',78,'feedback_title','Nulla at pharetra velit.'),(2014,'eng','Answer',78,'feedback_title','ENGNulla at pharetra velit.'),(2015,'esp','Answer',78,'feedback','Nulla at pharetra velit. Nullam eu dapibus risus, in imperdiet lorem. Aliquam consequat non sem vitae mollis. Pellentesque lacinia, nisi at vehicula consequat, mi sapien.'),(2016,'eng','Answer',78,'feedback','ENGNulla at pharetra velit. Nullam eu dapibus risus, in imperdiet lorem. Aliquam consequat non sem vitae mollis. Pellentesque lacinia, nisi at vehicula consequat, mi sapien.'),(2017,'esp','Answer',79,'name','No sÃ©'),(2018,'eng','Answer',79,'name','Don\'t know'),(2019,'esp','Answer',79,'feedback_title','Nulla at pharetra velit.'),(2020,'eng','Answer',79,'feedback_title','ENGNulla at pharetra velit.'),(2021,'esp','Answer',79,'feedback','Nulla at pharetra velit. Nullam eu dapibus risus, in imperdiet lorem. Aliquam consequat non sem vitae mollis. Pellentesque lacinia, nisi at vehicula consequat, mi sapien.'),(2022,'eng','Answer',79,'feedback','ENGNulla at pharetra velit. Nullam eu dapibus risus, in imperdiet lorem. Aliquam consequat non sem vitae mollis. Pellentesque lacinia, nisi at vehicula consequat, mi sapien.'),(2023,'esp','Answer',80,'name','No aplicable'),(2024,'eng','Answer',80,'name','Not applicable'),(2025,'esp','Answer',80,'feedback_title',''),(2026,'eng','Answer',80,'feedback_title',''),(2027,'esp','Answer',80,'feedback',''),(2028,'eng','Answer',80,'feedback',''),(2029,'esp','Answer',81,'name','Si'),(2030,'eng','Answer',81,'name','Yes'),(2031,'esp','Answer',81,'feedback_title',''),(2032,'eng','Answer',81,'feedback_title',''),(2033,'esp','Answer',81,'feedback',''),(2034,'eng','Answer',81,'feedback',''),(2035,'esp','Answer',82,'name','En parte'),(2036,'eng','Answer',82,'name','Partially'),(2037,'esp','Answer',82,'feedback_title','Nulla at pharetra velit.'),(2038,'eng','Answer',82,'feedback_title','ENGNulla at pharetra velit.'),(2039,'esp','Answer',82,'feedback','Nulla at pharetra velit. Nullam eu dapibus risus, in imperdiet lorem. Aliquam consequat non sem vitae mollis. Pellentesque lacinia, nisi at vehicula consequat, mi sapien.'),(2040,'eng','Answer',82,'feedback','ENGNulla at pharetra velit. Nullam eu dapibus risus, in imperdiet lorem. Aliquam consequat non sem vitae mollis. Pellentesque lacinia, nisi at vehicula consequat, mi sapien.'),(2041,'esp','Answer',83,'name','No'),(2042,'eng','Answer',83,'name','No'),(2043,'esp','Answer',83,'feedback_title','Nulla at pharetra velit.'),(2044,'eng','Answer',83,'feedback_title','ENGNulla at pharetra velit.'),(2045,'esp','Answer',83,'feedback','Nulla at pharetra velit. Nullam eu dapibus risus, in imperdiet lorem. Aliquam consequat non sem vitae mollis. Pellentesque lacinia, nisi at vehicula consequat, mi sapien.'),(2046,'eng','Answer',83,'feedback','ENGNulla at pharetra velit. Nullam eu dapibus risus, in imperdiet lorem. Aliquam consequat non sem vitae mollis. Pellentesque lacinia, nisi at vehicula consequat, mi sapien.'),(2047,'esp','Answer',84,'name','No sÃ©'),(2048,'eng','Answer',84,'name','Don\'t know'),(2049,'esp','Answer',84,'feedback_title','Nulla at pharetra velit.'),(2050,'eng','Answer',84,'feedback_title','ENGNulla at pharetra velit.'),(2051,'esp','Answer',84,'feedback','Nulla at pharetra velit. Nullam eu dapibus risus, in imperdiet lorem. Aliquam consequat non sem vitae mollis. Pellentesque lacinia, nisi at vehicula consequat, mi sapien.'),(2052,'eng','Answer',84,'feedback','ENGNulla at pharetra velit. Nullam eu dapibus risus, in imperdiet lorem. Aliquam consequat non sem vitae mollis. Pellentesque lacinia, nisi at vehicula consequat, mi sapien.'),(2053,'esp','Answer',85,'name','No aplicable'),(2054,'eng','Answer',85,'name','Not applicable'),(2055,'esp','Answer',85,'feedback_title',''),(2056,'eng','Answer',85,'feedback_title',''),(2057,'esp','Answer',85,'feedback',''),(2058,'eng','Answer',85,'feedback',''),(2059,'esp','Answer',86,'name','Si'),(2060,'eng','Answer',86,'name','Yes'),(2061,'esp','Answer',86,'feedback_title',''),(2062,'eng','Answer',86,'feedback_title',''),(2063,'esp','Answer',86,'feedback',''),(2064,'eng','Answer',86,'feedback',''),(2065,'esp','Answer',87,'name','En parte'),(2066,'eng','Answer',87,'name','Partially'),(2067,'esp','Answer',87,'feedback_title','Nulla at pharetra velit.'),(2068,'eng','Answer',87,'feedback_title','ENGNulla at pharetra velit.'),(2069,'esp','Answer',87,'feedback','Nulla at pharetra velit. Nullam eu dapibus risus, in imperdiet lorem. Aliquam consequat non sem vitae mollis. Pellentesque lacinia, nisi at vehicula consequat, mi sapien.'),(2070,'eng','Answer',87,'feedback','ENGNulla at pharetra velit. Nullam eu dapibus risus, in imperdiet lorem. Aliquam consequat non sem vitae mollis. Pellentesque lacinia, nisi at vehicula consequat, mi sapien.'),(2071,'esp','Answer',88,'name','No'),(2072,'eng','Answer',88,'name','No'),(2073,'esp','Answer',88,'feedback_title','Nulla at pharetra velit.'),(2074,'eng','Answer',88,'feedback_title','ENGNulla at pharetra velit.'),(2075,'esp','Answer',88,'feedback','Nulla at pharetra velit. Nullam eu dapibus risus, in imperdiet lorem. Aliquam consequat non sem vitae mollis. Pellentesque lacinia, nisi at vehicula consequat, mi sapien.'),(2076,'eng','Answer',88,'feedback','ENGNulla at pharetra velit. Nullam eu dapibus risus, in imperdiet lorem. Aliquam consequat non sem vitae mollis. Pellentesque lacinia, nisi at vehicula consequat, mi sapien.'),(2077,'esp','Answer',89,'name','No sÃ©'),(2078,'eng','Answer',89,'name','Don\'t know'),(2079,'esp','Answer',89,'feedback_title','Nulla at pharetra velit.'),(2080,'eng','Answer',89,'feedback_title','ENGNulla at pharetra velit.'),(2081,'esp','Answer',89,'feedback','Nulla at pharetra velit. Nullam eu dapibus risus, in imperdiet lorem. Aliquam consequat non sem vitae mollis. Pellentesque lacinia, nisi at vehicula consequat, mi sapien.'),(2082,'eng','Answer',89,'feedback','ENGNulla at pharetra velit. Nullam eu dapibus risus, in imperdiet lorem. Aliquam consequat non sem vitae mollis. Pellentesque lacinia, nisi at vehicula consequat, mi sapien.'),(2083,'esp','Answer',90,'name','No aplicable'),(2084,'eng','Answer',90,'name','Not applicable'),(2085,'esp','Answer',90,'feedback_title',''),(2086,'eng','Answer',90,'feedback_title',''),(2087,'esp','Answer',90,'feedback',''),(2088,'eng','Answer',90,'feedback',''),(2089,'esp','Answer',91,'name','Si'),(2090,'eng','Answer',91,'name','Yes'),(2091,'esp','Answer',91,'feedback_title',''),(2092,'eng','Answer',91,'feedback_title',''),(2093,'esp','Answer',91,'feedback',''),(2094,'eng','Answer',91,'feedback',''),(2095,'esp','Answer',92,'name','En parte'),(2096,'eng','Answer',92,'name','Partially'),(2097,'esp','Answer',92,'feedback_title','Nulla at pharetra velit.'),(2098,'eng','Answer',92,'feedback_title','ENGNulla at pharetra velit.'),(2099,'esp','Answer',92,'feedback','Nulla at pharetra velit. Nullam eu dapibus risus, in imperdiet lorem. Aliquam consequat non sem vitae mollis. Pellentesque lacinia, nisi at vehicula consequat, mi sapien.'),(2100,'eng','Answer',92,'feedback','ENGNulla at pharetra velit. Nullam eu dapibus risus, in imperdiet lorem. Aliquam consequat non sem vitae mollis. Pellentesque lacinia, nisi at vehicula consequat, mi sapien.'),(2101,'esp','Answer',93,'name','No'),(2102,'eng','Answer',93,'name','No'),(2103,'esp','Answer',93,'feedback_title','Nulla at pharetra velit.'),(2104,'eng','Answer',93,'feedback_title','ENGNulla at pharetra velit.'),(2105,'esp','Answer',93,'feedback','Nulla at pharetra velit. Nullam eu dapibus risus, in imperdiet lorem. Aliquam consequat non sem vitae mollis. Pellentesque lacinia, nisi at vehicula consequat, mi sapien.'),(2106,'eng','Answer',93,'feedback','ENGNulla at pharetra velit. Nullam eu dapibus risus, in imperdiet lorem. Aliquam consequat non sem vitae mollis. Pellentesque lacinia, nisi at vehicula consequat, mi sapien.'),(2107,'esp','Answer',94,'name','No sÃ©'),(2108,'eng','Answer',94,'name','Don\'t know'),(2109,'esp','Answer',94,'feedback_title','Nulla at pharetra velit.'),(2110,'eng','Answer',94,'feedback_title','ENGNulla at pharetra velit.'),(2111,'esp','Answer',94,'feedback','Nulla at pharetra velit. Nullam eu dapibus risus, in imperdiet lorem. Aliquam consequat non sem vitae mollis. Pellentesque lacinia, nisi at vehicula consequat, mi sapien.'),(2112,'eng','Answer',94,'feedback','ENGNulla at pharetra velit. Nullam eu dapibus risus, in imperdiet lorem. Aliquam consequat non sem vitae mollis. Pellentesque lacinia, nisi at vehicula consequat, mi sapien.'),(2113,'esp','Answer',95,'name','No aplicable'),(2114,'eng','Answer',95,'name','Not applicable'),(2115,'esp','Answer',95,'feedback_title',''),(2116,'eng','Answer',95,'feedback_title',''),(2117,'esp','Answer',95,'feedback',''),(2118,'eng','Answer',95,'feedback',''),(2119,'esp','Answer',96,'name','Si'),(2120,'eng','Answer',96,'name','Yes'),(2121,'esp','Answer',96,'feedback_title',''),(2122,'eng','Answer',96,'feedback_title',''),(2123,'esp','Answer',96,'feedback',''),(2124,'eng','Answer',96,'feedback',''),(2125,'esp','Answer',97,'name','En parte'),(2126,'eng','Answer',97,'name','Partially'),(2127,'esp','Answer',97,'feedback_title','Nulla at pharetra velit.'),(2128,'eng','Answer',97,'feedback_title','ENGNulla at pharetra velit.'),(2129,'esp','Answer',97,'feedback','Nulla at pharetra velit. Nullam eu dapibus risus, in imperdiet lorem. Aliquam consequat non sem vitae mollis. Pellentesque lacinia, nisi at vehicula consequat, mi sapien.'),(2130,'eng','Answer',97,'feedback','ENGNulla at pharetra velit. Nullam eu dapibus risus, in imperdiet lorem. Aliquam consequat non sem vitae mollis. Pellentesque lacinia, nisi at vehicula consequat, mi sapien.'),(2131,'esp','Answer',98,'name','No'),(2132,'eng','Answer',98,'name','No'),(2133,'esp','Answer',98,'feedback_title','Nulla at pharetra velit.'),(2134,'eng','Answer',98,'feedback_title','ENGNulla at pharetra velit.'),(2135,'esp','Answer',98,'feedback','Nulla at pharetra velit. Nullam eu dapibus risus, in imperdiet lorem. Aliquam consequat non sem vitae mollis. Pellentesque lacinia, nisi at vehicula consequat, mi sapien.'),(2136,'eng','Answer',98,'feedback','ENGNulla at pharetra velit. Nullam eu dapibus risus, in imperdiet lorem. Aliquam consequat non sem vitae mollis. Pellentesque lacinia, nisi at vehicula consequat, mi sapien.'),(2137,'esp','Answer',99,'name','No sÃ©'),(2138,'eng','Answer',99,'name','Don\'t know'),(2139,'esp','Answer',99,'feedback_title','Nulla at pharetra velit.'),(2140,'eng','Answer',99,'feedback_title','ENGNulla at pharetra velit.'),(2141,'esp','Answer',99,'feedback','Nulla at pharetra velit. Nullam eu dapibus risus, in imperdiet lorem. Aliquam consequat non sem vitae mollis. Pellentesque lacinia, nisi at vehicula consequat, mi sapien.'),(2142,'eng','Answer',99,'feedback','ENGNulla at pharetra velit. Nullam eu dapibus risus, in imperdiet lorem. Aliquam consequat non sem vitae mollis. Pellentesque lacinia, nisi at vehicula consequat, mi sapien.'),(2143,'esp','Answer',100,'name','No aplicable'),(2144,'eng','Answer',100,'name','Not applicable'),(2145,'esp','Answer',100,'feedback_title',''),(2146,'eng','Answer',100,'feedback_title',''),(2147,'esp','Answer',100,'feedback',''),(2148,'eng','Answer',100,'feedback',''),(2149,'esp','Answer',101,'name','Si'),(2150,'eng','Answer',101,'name','Yes'),(2151,'esp','Answer',101,'feedback_title',''),(2152,'eng','Answer',101,'feedback_title',''),(2153,'esp','Answer',101,'feedback',''),(2154,'eng','Answer',101,'feedback',''),(2155,'esp','Answer',102,'name','En parte'),(2156,'eng','Answer',102,'name','Partially'),(2157,'esp','Answer',102,'feedback_title','Nulla at pharetra velit.'),(2158,'eng','Answer',102,'feedback_title','ENGNulla at pharetra velit.'),(2159,'esp','Answer',102,'feedback','Nulla at pharetra velit. Nullam eu dapibus risus, in imperdiet lorem. Aliquam consequat non sem vitae mollis. Pellentesque lacinia, nisi at vehicula consequat, mi sapien.'),(2160,'eng','Answer',102,'feedback','ENGNulla at pharetra velit. Nullam eu dapibus risus, in imperdiet lorem. Aliquam consequat non sem vitae mollis. Pellentesque lacinia, nisi at vehicula consequat, mi sapien.'),(2161,'esp','Answer',103,'name','No'),(2162,'eng','Answer',103,'name','No'),(2163,'esp','Answer',103,'feedback_title','Nulla at pharetra velit.'),(2164,'eng','Answer',103,'feedback_title','ENGNulla at pharetra velit.'),(2165,'esp','Answer',103,'feedback','Nulla at pharetra velit. Nullam eu dapibus risus, in imperdiet lorem. Aliquam consequat non sem vitae mollis. Pellentesque lacinia, nisi at vehicula consequat, mi sapien.'),(2166,'eng','Answer',103,'feedback','ENGNulla at pharetra velit. Nullam eu dapibus risus, in imperdiet lorem. Aliquam consequat non sem vitae mollis. Pellentesque lacinia, nisi at vehicula consequat, mi sapien.'),(2167,'esp','Answer',104,'name','No sÃ©'),(2168,'eng','Answer',104,'name','Don\'t know'),(2169,'esp','Answer',104,'feedback_title','Nulla at pharetra velit.'),(2170,'eng','Answer',104,'feedback_title','ENGNulla at pharetra velit.'),(2171,'esp','Answer',104,'feedback','Nulla at pharetra velit. Nullam eu dapibus risus, in imperdiet lorem. Aliquam consequat non sem vitae mollis. Pellentesque lacinia, nisi at vehicula consequat, mi sapien.'),(2172,'eng','Answer',104,'feedback','ENGNulla at pharetra velit. Nullam eu dapibus risus, in imperdiet lorem. Aliquam consequat non sem vitae mollis. Pellentesque lacinia, nisi at vehicula consequat, mi sapien.'),(2173,'esp','Answer',105,'name','No aplicable'),(2174,'eng','Answer',105,'name','Not applicable'),(2175,'esp','Answer',105,'feedback_title',''),(2176,'eng','Answer',105,'feedback_title',''),(2177,'esp','Answer',105,'feedback',''),(2178,'eng','Answer',105,'feedback',''),(2179,'esp','Answer',106,'name','Si'),(2180,'eng','Answer',106,'name','Yes'),(2181,'esp','Answer',106,'feedback_title',''),(2182,'eng','Answer',106,'feedback_title',''),(2183,'esp','Answer',106,'feedback',''),(2184,'eng','Answer',106,'feedback',''),(2185,'esp','Answer',107,'name','En parte'),(2186,'eng','Answer',107,'name','Partially'),(2187,'esp','Answer',107,'feedback_title','Nulla at pharetra velit.'),(2188,'eng','Answer',107,'feedback_title','ENGNulla at pharetra velit.'),(2189,'esp','Answer',107,'feedback','Nulla at pharetra velit. Nullam eu dapibus risus, in imperdiet lorem. Aliquam consequat non sem vitae mollis. Pellentesque lacinia, nisi at vehicula consequat, mi sapien.'),(2190,'eng','Answer',107,'feedback','ENGNulla at pharetra velit. Nullam eu dapibus risus, in imperdiet lorem. Aliquam consequat non sem vitae mollis. Pellentesque lacinia, nisi at vehicula consequat, mi sapien.'),(2191,'esp','Answer',108,'name','No'),(2192,'eng','Answer',108,'name','No'),(2193,'esp','Answer',108,'feedback_title','Nulla at pharetra velit.'),(2194,'eng','Answer',108,'feedback_title','ENGNulla at pharetra velit.'),(2195,'esp','Answer',108,'feedback','Nulla at pharetra velit. Nullam eu dapibus risus, in imperdiet lorem. Aliquam consequat non sem vitae mollis. Pellentesque lacinia, nisi at vehicula consequat, mi sapien.'),(2196,'eng','Answer',108,'feedback','ENGNulla at pharetra velit. Nullam eu dapibus risus, in imperdiet lorem. Aliquam consequat non sem vitae mollis. Pellentesque lacinia, nisi at vehicula consequat, mi sapien.'),(2197,'esp','Answer',109,'name','No sÃ©'),(2198,'eng','Answer',109,'name','Don\'t know'),(2199,'esp','Answer',109,'feedback_title','Nulla at pharetra velit.'),(2200,'eng','Answer',109,'feedback_title','ENGNulla at pharetra velit.'),(2201,'esp','Answer',109,'feedback','Nulla at pharetra velit. Nullam eu dapibus risus, in imperdiet lorem. Aliquam consequat non sem vitae mollis. Pellentesque lacinia, nisi at vehicula consequat, mi sapien.'),(2202,'eng','Answer',109,'feedback','ENGNulla at pharetra velit. Nullam eu dapibus risus, in imperdiet lorem. Aliquam consequat non sem vitae mollis. Pellentesque lacinia, nisi at vehicula consequat, mi sapien.'),(2203,'esp','Answer',110,'name','No aplicable'),(2204,'eng','Answer',110,'name','Not applicable'),(2205,'esp','Answer',110,'feedback_title',''),(2206,'eng','Answer',110,'feedback_title',''),(2207,'esp','Answer',110,'feedback',''),(2208,'eng','Answer',110,'feedback',''),(2209,'esp','Answer',111,'name','Si'),(2210,'eng','Answer',111,'name','Yes'),(2211,'esp','Answer',111,'feedback_title',''),(2212,'eng','Answer',111,'feedback_title',''),(2213,'esp','Answer',111,'feedback',''),(2214,'eng','Answer',111,'feedback',''),(2215,'esp','Answer',112,'name','En parte'),(2216,'eng','Answer',112,'name','Partially'),(2217,'esp','Answer',112,'feedback_title','Nulla at pharetra velit.'),(2218,'eng','Answer',112,'feedback_title','ENGNulla at pharetra velit.'),(2219,'esp','Answer',112,'feedback','Nulla at pharetra velit. Nullam eu dapibus risus, in imperdiet lorem. Aliquam consequat non sem vitae mollis. Pellentesque lacinia, nisi at vehicula consequat, mi sapien.'),(2220,'eng','Answer',112,'feedback','ENGNulla at pharetra velit. Nullam eu dapibus risus, in imperdiet lorem. Aliquam consequat non sem vitae mollis. Pellentesque lacinia, nisi at vehicula consequat, mi sapien.'),(2221,'esp','Answer',113,'name','No'),(2222,'eng','Answer',113,'name','No'),(2223,'esp','Answer',113,'feedback_title','Nulla at pharetra velit.'),(2224,'eng','Answer',113,'feedback_title','ENGNulla at pharetra velit.'),(2225,'esp','Answer',113,'feedback','Nulla at pharetra velit. Nullam eu dapibus risus, in imperdiet lorem. Aliquam consequat non sem vitae mollis. Pellentesque lacinia, nisi at vehicula consequat, mi sapien.'),(2226,'eng','Answer',113,'feedback','ENGNulla at pharetra velit. Nullam eu dapibus risus, in imperdiet lorem. Aliquam consequat non sem vitae mollis. Pellentesque lacinia, nisi at vehicula consequat, mi sapien.'),(2227,'esp','Answer',114,'name','No sÃ©'),(2228,'eng','Answer',114,'name','Don\'t know'),(2229,'esp','Answer',114,'feedback_title','Nulla at pharetra velit.'),(2230,'eng','Answer',114,'feedback_title','ENGNulla at pharetra velit.'),(2231,'esp','Answer',114,'feedback','Nulla at pharetra velit. Nullam eu dapibus risus, in imperdiet lorem. Aliquam consequat non sem vitae mollis. Pellentesque lacinia, nisi at vehicula consequat, mi sapien.'),(2232,'eng','Answer',114,'feedback','ENGNulla at pharetra velit. Nullam eu dapibus risus, in imperdiet lorem. Aliquam consequat non sem vitae mollis. Pellentesque lacinia, nisi at vehicula consequat, mi sapien.'),(2233,'esp','Answer',115,'name','No aplicable'),(2234,'eng','Answer',115,'name','Not applicable'),(2235,'esp','Answer',115,'feedback_title',''),(2236,'eng','Answer',115,'feedback_title',''),(2237,'esp','Answer',115,'feedback',''),(2238,'eng','Answer',115,'feedback',''),(2239,'esp','Answer',116,'name','Si'),(2240,'eng','Answer',116,'name','Yes'),(2241,'esp','Answer',116,'feedback_title',''),(2242,'eng','Answer',116,'feedback_title',''),(2243,'esp','Answer',116,'feedback',''),(2244,'eng','Answer',116,'feedback',''),(2245,'esp','Answer',117,'name','En parte'),(2246,'eng','Answer',117,'name','Partially'),(2247,'esp','Answer',117,'feedback_title','Nulla at pharetra velit.'),(2248,'eng','Answer',117,'feedback_title','ENGNulla at pharetra velit.'),(2249,'esp','Answer',117,'feedback','Nulla at pharetra velit. Nullam eu dapibus risus, in imperdiet lorem. Aliquam consequat non sem vitae mollis. Pellentesque lacinia, nisi at vehicula consequat, mi sapien.'),(2250,'eng','Answer',117,'feedback','ENGNulla at pharetra velit. Nullam eu dapibus risus, in imperdiet lorem. Aliquam consequat non sem vitae mollis. Pellentesque lacinia, nisi at vehicula consequat, mi sapien.'),(2251,'esp','Answer',118,'name','No'),(2252,'eng','Answer',118,'name','No'),(2253,'esp','Answer',118,'feedback_title','Nulla at pharetra velit.'),(2254,'eng','Answer',118,'feedback_title','ENGNulla at pharetra velit.'),(2255,'esp','Answer',118,'feedback','Nulla at pharetra velit. Nullam eu dapibus risus, in imperdiet lorem. Aliquam consequat non sem vitae mollis. Pellentesque lacinia, nisi at vehicula consequat, mi sapien.'),(2256,'eng','Answer',118,'feedback','ENGNulla at pharetra velit. Nullam eu dapibus risus, in imperdiet lorem. Aliquam consequat non sem vitae mollis. Pellentesque lacinia, nisi at vehicula consequat, mi sapien.'),(2257,'esp','Answer',119,'name','No sÃ©'),(2258,'eng','Answer',119,'name','Don\'t know'),(2259,'esp','Answer',119,'feedback_title','Nulla at pharetra velit.'),(2260,'eng','Answer',119,'feedback_title','ENGNulla at pharetra velit.'),(2261,'esp','Answer',119,'feedback','Nulla at pharetra velit. Nullam eu dapibus risus, in imperdiet lorem. Aliquam consequat non sem vitae mollis. Pellentesque lacinia, nisi at vehicula consequat, mi sapien.'),(2262,'eng','Answer',119,'feedback','ENGNulla at pharetra velit. Nullam eu dapibus risus, in imperdiet lorem. Aliquam consequat non sem vitae mollis. Pellentesque lacinia, nisi at vehicula consequat, mi sapien.'),(2263,'esp','Answer',120,'name','No aplicable'),(2264,'eng','Answer',120,'name','Not applicable'),(2265,'esp','Answer',120,'feedback_title',''),(2266,'eng','Answer',120,'feedback_title',''),(2267,'esp','Answer',120,'feedback',''),(2268,'eng','Answer',120,'feedback',''),(2269,'esp','Answer',121,'name','Si'),(2270,'eng','Answer',121,'name','Yes'),(2271,'esp','Answer',121,'feedback_title',''),(2272,'eng','Answer',121,'feedback_title',''),(2273,'esp','Answer',121,'feedback',''),(2274,'eng','Answer',121,'feedback',''),(2275,'esp','Answer',122,'name','En parte'),(2276,'eng','Answer',122,'name','Partially'),(2277,'esp','Answer',122,'feedback_title','Nulla at pharetra velit.'),(2278,'eng','Answer',122,'feedback_title','ENGNulla at pharetra velit.'),(2279,'esp','Answer',122,'feedback','Nulla at pharetra velit. Nullam eu dapibus risus, in imperdiet lorem. Aliquam consequat non sem vitae mollis. Pellentesque lacinia, nisi at vehicula consequat, mi sapien.'),(2280,'eng','Answer',122,'feedback','ENGNulla at pharetra velit. Nullam eu dapibus risus, in imperdiet lorem. Aliquam consequat non sem vitae mollis. Pellentesque lacinia, nisi at vehicula consequat, mi sapien.'),(2281,'esp','Answer',123,'name','No'),(2282,'eng','Answer',123,'name','No'),(2283,'esp','Answer',123,'feedback_title','Nulla at pharetra velit.'),(2284,'eng','Answer',123,'feedback_title','ENGNulla at pharetra velit.'),(2285,'esp','Answer',123,'feedback','Nulla at pharetra velit. Nullam eu dapibus risus, in imperdiet lorem. Aliquam consequat non sem vitae mollis. Pellentesque lacinia, nisi at vehicula consequat, mi sapien.'),(2286,'eng','Answer',123,'feedback','ENGNulla at pharetra velit. Nullam eu dapibus risus, in imperdiet lorem. Aliquam consequat non sem vitae mollis. Pellentesque lacinia, nisi at vehicula consequat, mi sapien.'),(2287,'esp','Answer',124,'name','No sÃ©'),(2288,'eng','Answer',124,'name','Don\'t know'),(2289,'esp','Answer',124,'feedback_title','Nulla at pharetra velit.'),(2290,'eng','Answer',124,'feedback_title','ENGNulla at pharetra velit.'),(2291,'esp','Answer',124,'feedback','Nulla at pharetra velit. Nullam eu dapibus risus, in imperdiet lorem. Aliquam consequat non sem vitae mollis. Pellentesque lacinia, nisi at vehicula consequat, mi sapien.'),(2292,'eng','Answer',124,'feedback','ENGNulla at pharetra velit. Nullam eu dapibus risus, in imperdiet lorem. Aliquam consequat non sem vitae mollis. Pellentesque lacinia, nisi at vehicula consequat, mi sapien.'),(2293,'esp','Answer',125,'name','No aplicable'),(2294,'eng','Answer',125,'name','Not applicable'),(2295,'esp','Answer',125,'feedback_title',''),(2296,'eng','Answer',125,'feedback_title',''),(2297,'esp','Answer',125,'feedback',''),(2298,'eng','Answer',125,'feedback',''),(2299,'esp','Answer',126,'name','Si'),(2300,'eng','Answer',126,'name','Yes'),(2301,'esp','Answer',126,'feedback_title',''),(2302,'eng','Answer',126,'feedback_title',''),(2303,'esp','Answer',126,'feedback',''),(2304,'eng','Answer',126,'feedback',''),(2305,'esp','Answer',127,'name','En parte'),(2306,'eng','Answer',127,'name','Partially'),(2307,'esp','Answer',127,'feedback_title','Nulla at pharetra velit.'),(2308,'eng','Answer',127,'feedback_title','ENGNulla at pharetra velit.'),(2309,'esp','Answer',127,'feedback','Nulla at pharetra velit. Nullam eu dapibus risus, in imperdiet lorem. Aliquam consequat non sem vitae mollis. Pellentesque lacinia, nisi at vehicula consequat, mi sapien.'),(2310,'eng','Answer',127,'feedback','ENGNulla at pharetra velit. Nullam eu dapibus risus, in imperdiet lorem. Aliquam consequat non sem vitae mollis. Pellentesque lacinia, nisi at vehicula consequat, mi sapien.'),(2311,'esp','Answer',128,'name','No'),(2312,'eng','Answer',128,'name','No'),(2313,'esp','Answer',128,'feedback_title','Nulla at pharetra velit.'),(2314,'eng','Answer',128,'feedback_title','ENGNulla at pharetra velit.'),(2315,'esp','Answer',128,'feedback','Nulla at pharetra velit. Nullam eu dapibus risus, in imperdiet lorem. Aliquam consequat non sem vitae mollis. Pellentesque lacinia, nisi at vehicula consequat, mi sapien.'),(2316,'eng','Answer',128,'feedback','ENGNulla at pharetra velit. Nullam eu dapibus risus, in imperdiet lorem. Aliquam consequat non sem vitae mollis. Pellentesque lacinia, nisi at vehicula consequat, mi sapien.'),(2317,'esp','Answer',129,'name','No sÃ©'),(2318,'eng','Answer',129,'name','Don\'t know'),(2319,'esp','Answer',129,'feedback_title','Nulla at pharetra velit.'),(2320,'eng','Answer',129,'feedback_title','ENGNulla at pharetra velit.'),(2321,'esp','Answer',129,'feedback','Nulla at pharetra velit. Nullam eu dapibus risus, in imperdiet lorem. Aliquam consequat non sem vitae mollis. Pellentesque lacinia, nisi at vehicula consequat, mi sapien.'),(2322,'eng','Answer',129,'feedback','ENGNulla at pharetra velit. Nullam eu dapibus risus, in imperdiet lorem. Aliquam consequat non sem vitae mollis. Pellentesque lacinia, nisi at vehicula consequat, mi sapien.'),(2323,'esp','Answer',130,'name','No aplicable'),(2324,'eng','Answer',130,'name','Not applicable'),(2325,'esp','Answer',130,'feedback_title',''),(2326,'eng','Answer',130,'feedback_title',''),(2327,'esp','Answer',130,'feedback',''),(2328,'eng','Answer',130,'feedback',''),(2329,'esp','Answer',131,'name','Si'),(2330,'eng','Answer',131,'name','Yes'),(2331,'esp','Answer',131,'feedback_title',''),(2332,'eng','Answer',131,'feedback_title',''),(2333,'esp','Answer',131,'feedback',''),(2334,'eng','Answer',131,'feedback',''),(2335,'esp','Answer',132,'name','En parte'),(2336,'eng','Answer',132,'name','Partially'),(2337,'esp','Answer',132,'feedback_title','Nulla at pharetra velit.'),(2338,'eng','Answer',132,'feedback_title','ENGNulla at pharetra velit.'),(2339,'esp','Answer',132,'feedback','Nulla at pharetra velit. Nullam eu dapibus risus, in imperdiet lorem. Aliquam consequat non sem vitae mollis. Pellentesque lacinia, nisi at vehicula consequat, mi sapien.'),(2340,'eng','Answer',132,'feedback','ENGNulla at pharetra velit. Nullam eu dapibus risus, in imperdiet lorem. Aliquam consequat non sem vitae mollis. Pellentesque lacinia, nisi at vehicula consequat, mi sapien.'),(2341,'esp','Answer',133,'name','No'),(2342,'eng','Answer',133,'name','No'),(2343,'esp','Answer',133,'feedback_title','Nulla at pharetra velit.'),(2344,'eng','Answer',133,'feedback_title','ENGNulla at pharetra velit.'),(2345,'esp','Answer',133,'feedback','Nulla at pharetra velit. Nullam eu dapibus risus, in imperdiet lorem. Aliquam consequat non sem vitae mollis. Pellentesque lacinia, nisi at vehicula consequat, mi sapien.'),(2346,'eng','Answer',133,'feedback','ENGNulla at pharetra velit. Nullam eu dapibus risus, in imperdiet lorem. Aliquam consequat non sem vitae mollis. Pellentesque lacinia, nisi at vehicula consequat, mi sapien.'),(2347,'esp','Answer',134,'name','No sÃ©'),(2348,'eng','Answer',134,'name','Don\'t know'),(2349,'esp','Answer',134,'feedback_title','Nulla at pharetra velit.'),(2350,'eng','Answer',134,'feedback_title','ENGNulla at pharetra velit.'),(2351,'esp','Answer',134,'feedback','Nulla at pharetra velit. Nullam eu dapibus risus, in imperdiet lorem. Aliquam consequat non sem vitae mollis. Pellentesque lacinia, nisi at vehicula consequat, mi sapien.'),(2352,'eng','Answer',134,'feedback','ENGNulla at pharetra velit. Nullam eu dapibus risus, in imperdiet lorem. Aliquam consequat non sem vitae mollis. Pellentesque lacinia, nisi at vehicula consequat, mi sapien.'),(2353,'esp','Answer',135,'name','No aplicable'),(2354,'eng','Answer',135,'name','Not applicable'),(2355,'esp','Answer',135,'feedback_title',''),(2356,'eng','Answer',135,'feedback_title',''),(2357,'esp','Answer',135,'feedback',''),(2358,'eng','Answer',135,'feedback',''),(2359,'esp','Answer',136,'name','Si'),(2360,'eng','Answer',136,'name','Yes'),(2361,'esp','Answer',136,'feedback_title',''),(2362,'eng','Answer',136,'feedback_title',''),(2363,'esp','Answer',136,'feedback',''),(2364,'eng','Answer',136,'feedback',''),(2365,'esp','Answer',137,'name','En parte'),(2366,'eng','Answer',137,'name','Partially'),(2367,'esp','Answer',137,'feedback_title','Nulla at pharetra velit.'),(2368,'eng','Answer',137,'feedback_title','ENGNulla at pharetra velit.'),(2369,'esp','Answer',137,'feedback','Nulla at pharetra velit. Nullam eu dapibus risus, in imperdiet lorem. Aliquam consequat non sem vitae mollis. Pellentesque lacinia, nisi at vehicula consequat, mi sapien.'),(2370,'eng','Answer',137,'feedback','ENGNulla at pharetra velit. Nullam eu dapibus risus, in imperdiet lorem. Aliquam consequat non sem vitae mollis. Pellentesque lacinia, nisi at vehicula consequat, mi sapien.'),(2371,'esp','Answer',138,'name','No'),(2372,'eng','Answer',138,'name','No'),(2373,'esp','Answer',138,'feedback_title','Nulla at pharetra velit.'),(2374,'eng','Answer',138,'feedback_title','ENGNulla at pharetra velit.'),(2375,'esp','Answer',138,'feedback','Nulla at pharetra velit. Nullam eu dapibus risus, in imperdiet lorem. Aliquam consequat non sem vitae mollis. Pellentesque lacinia, nisi at vehicula consequat, mi sapien.'),(2376,'eng','Answer',138,'feedback','ENGNulla at pharetra velit. Nullam eu dapibus risus, in imperdiet lorem. Aliquam consequat non sem vitae mollis. Pellentesque lacinia, nisi at vehicula consequat, mi sapien.'),(2377,'esp','Answer',139,'name','No sÃ©'),(2378,'eng','Answer',139,'name','Don\'t know'),(2379,'esp','Answer',139,'feedback_title','Nulla at pharetra velit.'),(2380,'eng','Answer',139,'feedback_title','ENGNulla at pharetra velit.'),(2381,'esp','Answer',139,'feedback','Nulla at pharetra velit. Nullam eu dapibus risus, in imperdiet lorem. Aliquam consequat non sem vitae mollis. Pellentesque lacinia, nisi at vehicula consequat, mi sapien.'),(2382,'eng','Answer',139,'feedback','ENGNulla at pharetra velit. Nullam eu dapibus risus, in imperdiet lorem. Aliquam consequat non sem vitae mollis. Pellentesque lacinia, nisi at vehicula consequat, mi sapien.'),(2383,'esp','Answer',140,'name','No aplicable'),(2384,'eng','Answer',140,'name','Not applicable'),(2385,'esp','Answer',140,'feedback_title',''),(2386,'eng','Answer',140,'feedback_title',''),(2387,'esp','Answer',140,'feedback',''),(2388,'eng','Answer',140,'feedback',''),(2389,'esp','Answer',141,'name','Si'),(2390,'eng','Answer',141,'name','Yes'),(2391,'esp','Answer',141,'feedback_title',''),(2392,'eng','Answer',141,'feedback_title',''),(2393,'esp','Answer',141,'feedback',''),(2394,'eng','Answer',141,'feedback',''),(2395,'esp','Answer',142,'name','En parte'),(2396,'eng','Answer',142,'name','Partially'),(2397,'esp','Answer',142,'feedback_title','Nulla at pharetra velit.'),(2398,'eng','Answer',142,'feedback_title','ENGNulla at pharetra velit.'),(2399,'esp','Answer',142,'feedback','Nulla at pharetra velit. Nullam eu dapibus risus, in imperdiet lorem. Aliquam consequat non sem vitae mollis. Pellentesque lacinia, nisi at vehicula consequat, mi sapien.'),(2400,'eng','Answer',142,'feedback','ENGNulla at pharetra velit. Nullam eu dapibus risus, in imperdiet lorem. Aliquam consequat non sem vitae mollis. Pellentesque lacinia, nisi at vehicula consequat, mi sapien.'),(2401,'esp','Answer',143,'name','No'),(2402,'eng','Answer',143,'name','No'),(2403,'esp','Answer',143,'feedback_title','Nulla at pharetra velit.'),(2404,'eng','Answer',143,'feedback_title','ENGNulla at pharetra velit.'),(2405,'esp','Answer',143,'feedback','Nulla at pharetra velit. Nullam eu dapibus risus, in imperdiet lorem. Aliquam consequat non sem vitae mollis. Pellentesque lacinia, nisi at vehicula consequat, mi sapien.'),(2406,'eng','Answer',143,'feedback','ENGNulla at pharetra velit. Nullam eu dapibus risus, in imperdiet lorem. Aliquam consequat non sem vitae mollis. Pellentesque lacinia, nisi at vehicula consequat, mi sapien.'),(2407,'esp','Answer',144,'name','No sÃ©'),(2408,'eng','Answer',144,'name','Don\'t know'),(2409,'esp','Answer',144,'feedback_title','Nulla at pharetra velit.'),(2410,'eng','Answer',144,'feedback_title','ENGNulla at pharetra velit.'),(2411,'esp','Answer',144,'feedback','Nulla at pharetra velit. Nullam eu dapibus risus, in imperdiet lorem. Aliquam consequat non sem vitae mollis. Pellentesque lacinia, nisi at vehicula consequat, mi sapien.'),(2412,'eng','Answer',144,'feedback','ENGNulla at pharetra velit. Nullam eu dapibus risus, in imperdiet lorem. Aliquam consequat non sem vitae mollis. Pellentesque lacinia, nisi at vehicula consequat, mi sapien.'),(2413,'esp','Answer',145,'name','No aplicable'),(2414,'eng','Answer',145,'name','Not applicable'),(2415,'esp','Answer',145,'feedback_title',''),(2416,'eng','Answer',145,'feedback_title',''),(2417,'esp','Answer',145,'feedback',''),(2418,'eng','Answer',145,'feedback',''),(2419,'esp','Nodetype',1,'name','Debilidades/Oportunidades'),(2420,'eng','Nodetype',1,'name','Weaknesses / Opportunities'),(2421,'esp','Nodetype',2,'name','Perspectiva del BSC'),(2422,'eng','Nodetype',2,'name','Perspective BSC'),(2423,'esp','Nodetype',3,'name','Estrategia'),(2424,'eng','Nodetype',3,'name','Strategy'),(2425,'esp','Nodetype',4,'name','Compromiso'),(2426,'eng','Nodetype',4,'name','Commitment'),(2427,'esp','Nodetype',5,'name','MisiÃ³n'),(2428,'eng','Nodetype',5,'name','Mission'),(2429,'esp','Nodetype',6,'name','VisiÃ³n'),(2430,'eng','Nodetype',6,'name','View'),(2431,'esp','Nodetype',7,'name','Objetivo'),(2432,'eng','Nodetype',7,'name','Objective'),(2433,'esp','Nodetype',8,'name','PolÃ­ticas'),(2434,'eng','Nodetype',8,'name','Policies'),(2435,'esp','Nodetype',9,'name','Expectativas'),(2436,'eng','Nodetype',9,'name','Expectations'),(2437,'esp','Nodetype',10,'name','Programas'),(2438,'eng','Nodetype',10,'name','Programs'),(2439,'esp','Nodetype',11,'name','Actividades'),(2440,'eng','Nodetype',11,'name','Activities'),(2441,'esp','Nodetype',12,'name','Iniciativas'),(2442,'eng','Nodetype',12,'name','Initiatives'),(2443,'esp','Nodetype',13,'name','Proyectos'),(2444,'eng','Nodetype',13,'name','Projects'),(2445,'esp','Nodetype',14,'name','Cursos'),(2446,'eng','Nodetype',14,'name','Courses'),(2447,'esp','Nodetype',15,'name','Tareas'),(2448,'eng','Nodetype',15,'name','Tasks'),(2449,'esp','Category',30,'name','Tipos de nodo'),(2450,'eng','Category',30,'name','Nodetypes'),(2451,'esp','Action',51,'name','Tipos de nodo'),(2452,'eng','Action',51,'name','Nodetypes'),(2453,'esp','Nodesource',1,'name','AutoevaluaciÃ³n'),(2454,'eng','Nodesource',1,'name','Autoevaluation'),(2455,'esp','Nodesource',2,'name','Sistema'),(2456,'eng','Nodesource',2,'name','System'),(2457,'esp','Nodesource',3,'name','Manual'),(2458,'eng','Nodesource',3,'name','Manual'),(2459,'esp','Category',31,'name','Fuentes de Nodos'),(2460,'eng','Category',31,'name','Node sources'),(2461,'esp','Action',52,'name','Fuentes de nodos'),(2462,'eng','Action',52,'name','Node Sources'),(2855,'esp','Node',1,'name','Nulla at pharetra velit.'),(2856,'eng','Node',1,'name','Nulla at pharetra velit.'),(2857,'esp','Node',1,'description','Nulla at pharetra velit. Nullam eu dapibus risus, in imperdiet lorem. Aliquam consequat non sem vitae mollis. Pellentesque lacinia, nisi at vehicula consequat, mi sapien.'),(2858,'eng','Node',1,'description','Nulla at pharetra velit. Nullam eu dapibus risus, in imperdiet lorem. Aliquam consequat non sem vitae mollis. Pellentesque lacinia, nisi at vehicula consequat, mi sapien.'),(2859,'esp','Node',2,'name','Nulla at pharetra velit.'),(2860,'eng','Node',2,'name','Nulla at pharetra velit.'),(2861,'esp','Node',2,'description','Nulla at pharetra velit. Nullam eu dapibus risus, in imperdiet lorem. Aliquam consequat non sem vitae mollis. Pellentesque lacinia, nisi at vehicula consequat, mi sapien.'),(2862,'eng','Node',2,'description','Nulla at pharetra velit. Nullam eu dapibus risus, in imperdiet lorem. Aliquam consequat non sem vitae mollis. Pellentesque lacinia, nisi at vehicula consequat, mi sapien.'),(2863,'esp','Node',3,'name','Nulla at pharetra velit.'),(2864,'eng','Node',3,'name','Nulla at pharetra velit.'),(2865,'esp','Node',3,'description','Nulla at pharetra velit. Nullam eu dapibus risus, in imperdiet lorem. Aliquam consequat non sem vitae mollis. Pellentesque lacinia, nisi at vehicula consequat, mi sapien.'),(2866,'eng','Node',3,'description','Nulla at pharetra velit. Nullam eu dapibus risus, in imperdiet lorem. Aliquam consequat non sem vitae mollis. Pellentesque lacinia, nisi at vehicula consequat, mi sapien.'),(2867,'esp','Node',4,'name','Nulla at pharetra velit.'),(2868,'eng','Node',4,'name','Nulla at pharetra velit.'),(2869,'esp','Node',4,'description','Nulla at pharetra velit. Nullam eu dapibus risus, in imperdiet lorem. Aliquam consequat non sem vitae mollis. Pellentesque lacinia, nisi at vehicula consequat, mi sapien.'),(2870,'eng','Node',4,'description','Nulla at pharetra velit. Nullam eu dapibus risus, in imperdiet lorem. Aliquam consequat non sem vitae mollis. Pellentesque lacinia, nisi at vehicula consequat, mi sapien.'),(2871,'esp','Node',5,'name','Nulla at pharetra velit.'),(2872,'eng','Node',5,'name','Nulla at pharetra velit.'),(2873,'esp','Node',5,'description','Nulla at pharetra velit. Nullam eu dapibus risus, in imperdiet lorem. Aliquam consequat non sem vitae mollis. Pellentesque lacinia, nisi at vehicula consequat, mi sapien.'),(2874,'eng','Node',5,'description','Nulla at pharetra velit. Nullam eu dapibus risus, in imperdiet lorem. Aliquam consequat non sem vitae mollis. Pellentesque lacinia, nisi at vehicula consequat, mi sapien.'),(2875,'esp','Node',6,'name','Nulla at pharetra velit.'),(2876,'eng','Node',6,'name','Nulla at pharetra velit.'),(2877,'esp','Node',6,'description','Nulla at pharetra velit. Nullam eu dapibus risus, in imperdiet lorem. Aliquam consequat non sem vitae mollis. Pellentesque lacinia, nisi at vehicula consequat, mi sapien.'),(2878,'eng','Node',6,'description','Nulla at pharetra velit. Nullam eu dapibus risus, in imperdiet lorem. Aliquam consequat non sem vitae mollis. Pellentesque lacinia, nisi at vehicula consequat, mi sapien.'),(2879,'esp','Node',7,'name','Nulla at pharetra velit.'),(2880,'eng','Node',7,'name','Nulla at pharetra velit.'),(2881,'esp','Node',7,'description','Nulla at pharetra velit. Nullam eu dapibus risus, in imperdiet lorem. Aliquam consequat non sem vitae mollis. Pellentesque lacinia, nisi at vehicula consequat, mi sapien.'),(2882,'eng','Node',7,'description','Nulla at pharetra velit. Nullam eu dapibus risus, in imperdiet lorem. Aliquam consequat non sem vitae mollis. Pellentesque lacinia, nisi at vehicula consequat, mi sapien.'),(2883,'esp','Node',8,'name','Nulla at pharetra velit.'),(2884,'eng','Node',8,'name','Nulla at pharetra velit.'),(2885,'esp','Node',8,'description','Nulla at pharetra velit. Nullam eu dapibus risus, in imperdiet lorem. Aliquam consequat non sem vitae mollis. Pellentesque lacinia, nisi at vehicula consequat, mi sapien.'),(2886,'eng','Node',8,'description','Nulla at pharetra velit. Nullam eu dapibus risus, in imperdiet lorem. Aliquam consequat non sem vitae mollis. Pellentesque lacinia, nisi at vehicula consequat, mi sapien.'),(2887,'esp','Node',9,'name','Nulla at pharetra velit.'),(2888,'eng','Node',9,'name','Nulla at pharetra velit.'),(2889,'esp','Node',9,'description','Nulla at pharetra velit. Nullam eu dapibus risus, in imperdiet lorem. Aliquam consequat non sem vitae mollis. Pellentesque lacinia, nisi at vehicula consequat, mi sapien.'),(2890,'eng','Node',9,'description','Nulla at pharetra velit. Nullam eu dapibus risus, in imperdiet lorem. Aliquam consequat non sem vitae mollis. Pellentesque lacinia, nisi at vehicula consequat, mi sapien.'),(2891,'esp','Node',10,'name','Nulla at pharetra velit.'),(2892,'eng','Node',10,'name','Nulla at pharetra velit.'),(2893,'esp','Node',10,'description','Nulla at pharetra velit. Nullam eu dapibus risus, in imperdiet lorem. Aliquam consequat non sem vitae mollis. Pellentesque lacinia, nisi at vehicula consequat, mi sapien.'),(2894,'eng','Node',10,'description','Nulla at pharetra velit. Nullam eu dapibus risus, in imperdiet lorem. Aliquam consequat non sem vitae mollis. Pellentesque lacinia, nisi at vehicula consequat, mi sapien.'),(2895,'esp','Node',11,'name','Nulla at pharetra velit.'),(2896,'eng','Node',11,'name','Nulla at pharetra velit.'),(2897,'esp','Node',11,'description','Nulla at pharetra velit. Nullam eu dapibus risus, in imperdiet lorem. Aliquam consequat non sem vitae mollis. Pellentesque lacinia, nisi at vehicula consequat, mi sapien.'),(2898,'eng','Node',11,'description','Nulla at pharetra velit. Nullam eu dapibus risus, in imperdiet lorem. Aliquam consequat non sem vitae mollis. Pellentesque lacinia, nisi at vehicula consequat, mi sapien.'),(2899,'esp','Node',12,'name','Nulla at pharetra velit.'),(2900,'eng','Node',12,'name','Nulla at pharetra velit.'),(2901,'esp','Node',12,'description','Nulla at pharetra velit. Nullam eu dapibus risus, in imperdiet lorem. Aliquam consequat non sem vitae mollis. Pellentesque lacinia, nisi at vehicula consequat, mi sapien.'),(2902,'eng','Node',12,'description','Nulla at pharetra velit. Nullam eu dapibus risus, in imperdiet lorem. Aliquam consequat non sem vitae mollis. Pellentesque lacinia, nisi at vehicula consequat, mi sapien.'),(2903,'esp','Node',13,'name','Nulla at pharetra velit.'),(2904,'eng','Node',13,'name','Nulla at pharetra velit.'),(2905,'esp','Node',13,'description','Nulla at pharetra velit. Nullam eu dapibus risus, in imperdiet lorem. Aliquam consequat non sem vitae mollis. Pellentesque lacinia, nisi at vehicula consequat, mi sapien.'),(2906,'eng','Node',13,'description','Nulla at pharetra velit. Nullam eu dapibus risus, in imperdiet lorem. Aliquam consequat non sem vitae mollis. Pellentesque lacinia, nisi at vehicula consequat, mi sapien.'),(2907,'esp','Node',14,'name','Nulla at pharetra velit.'),(2908,'eng','Node',14,'name','Nulla at pharetra velit.'),(2909,'esp','Node',14,'description','Nulla at pharetra velit. Nullam eu dapibus risus, in imperdiet lorem. Aliquam consequat non sem vitae mollis. Pellentesque lacinia, nisi at vehicula consequat, mi sapien.'),(2910,'eng','Node',14,'description','Nulla at pharetra velit. Nullam eu dapibus risus, in imperdiet lorem. Aliquam consequat non sem vitae mollis. Pellentesque lacinia, nisi at vehicula consequat, mi sapien.'),(2911,'esp','Node',15,'name','Nulla at pharetra velit.'),(2912,'eng','Node',15,'name','Nulla at pharetra velit.'),(2913,'esp','Node',15,'description','Nulla at pharetra velit. Nullam eu dapibus risus, in imperdiet lorem. Aliquam consequat non sem vitae mollis. Pellentesque lacinia, nisi at vehicula consequat, mi sapien.'),(2914,'eng','Node',15,'description','Nulla at pharetra velit. Nullam eu dapibus risus, in imperdiet lorem. Aliquam consequat non sem vitae mollis. Pellentesque lacinia, nisi at vehicula consequat, mi sapien.'),(2915,'esp','Node',16,'name','Nulla at pharetra velit.'),(2916,'eng','Node',16,'name','Nulla at pharetra velit.'),(2917,'esp','Node',16,'description','Nulla at pharetra velit. Nullam eu dapibus risus, in imperdiet lorem. Aliquam consequat non sem vitae mollis. Pellentesque lacinia, nisi at vehicula consequat, mi sapien.'),(2918,'eng','Node',16,'description','Nulla at pharetra velit. Nullam eu dapibus risus, in imperdiet lorem. Aliquam consequat non sem vitae mollis. Pellentesque lacinia, nisi at vehicula consequat, mi sapien.'),(2919,'esp','Node',17,'name','Nulla at pharetra velit.'),(2920,'eng','Node',17,'name','Nulla at pharetra velit.'),(2921,'esp','Node',17,'description','Nulla at pharetra velit. Nullam eu dapibus risus, in imperdiet lorem. Aliquam consequat non sem vitae mollis. Pellentesque lacinia, nisi at vehicula consequat, mi sapien.'),(2922,'eng','Node',17,'description','Nulla at pharetra velit. Nullam eu dapibus risus, in imperdiet lorem. Aliquam consequat non sem vitae mollis. Pellentesque lacinia, nisi at vehicula consequat, mi sapien.'),(2923,'esp','Node',18,'name','Nulla at pharetra velit.'),(2924,'eng','Node',18,'name','Nulla at pharetra velit.'),(2925,'esp','Node',18,'description','Nulla at pharetra velit. Nullam eu dapibus risus, in imperdiet lorem. Aliquam consequat non sem vitae mollis. Pellentesque lacinia, nisi at vehicula consequat, mi sapien.'),(2926,'eng','Node',18,'description','Nulla at pharetra velit. Nullam eu dapibus risus, in imperdiet lorem. Aliquam consequat non sem vitae mollis. Pellentesque lacinia, nisi at vehicula consequat, mi sapien.'),(2927,'esp','Node',19,'name','Nulla at pharetra velit.'),(2928,'eng','Node',19,'name','Nulla at pharetra velit.'),(2929,'esp','Node',19,'description','Nulla at pharetra velit. Nullam eu dapibus risus, in imperdiet lorem. Aliquam consequat non sem vitae mollis. Pellentesque lacinia, nisi at vehicula consequat, mi sapien.'),(2930,'eng','Node',19,'description','Nulla at pharetra velit. Nullam eu dapibus risus, in imperdiet lorem. Aliquam consequat non sem vitae mollis. Pellentesque lacinia, nisi at vehicula consequat, mi sapien.'),(2931,'esp','Node',20,'name','Nulla at pharetra velit.'),(2932,'eng','Node',20,'name','ENGNulla at pharetra velit.'),(2933,'esp','Node',20,'description','Nulla at pharetra velit. Nullam eu dapibus risus, in imperdiet lorem. Aliquam consequat non sem vitae mollis. Pellentesque lacinia, nisi at vehicula consequat, mi sapien.'),(2934,'eng','Node',20,'description','ENGNulla at pharetra velit. Nullam eu dapibus risus, in imperdiet lorem. Aliquam consequat non sem vitae mollis. Pellentesque lacinia, nisi at vehicula consequat, mi sapien.'),(2935,'esp','Node',21,'name','Nulla at pharetra velit.'),(2936,'eng','Node',21,'name','ENGNulla at pharetra velit.'),(2937,'esp','Node',21,'description','Nulla at pharetra velit. Nullam eu dapibus risus, in imperdiet lorem. Aliquam consequat non sem vitae mollis. Pellentesque lacinia, nisi at vehicula consequat, mi sapien.'),(2938,'eng','Node',21,'description','ENGNulla at pharetra velit. Nullam eu dapibus risus, in imperdiet lorem. Aliquam consequat non sem vitae mollis. Pellentesque lacinia, nisi at vehicula consequat, mi sapien.'),(2939,'esp','Node',22,'name','Nulla at pharetra velit.'),(2940,'eng','Node',22,'name','ENGNulla at pharetra velit.'),(2941,'esp','Node',22,'description','Nulla at pharetra velit. Nullam eu dapibus risus, in imperdiet lorem. Aliquam consequat non sem vitae mollis. Pellentesque lacinia, nisi at vehicula consequat, mi sapien.'),(2942,'eng','Node',22,'description','ENGNulla at pharetra velit. Nullam eu dapibus risus, in imperdiet lorem. Aliquam consequat non sem vitae mollis. Pellentesque lacinia, nisi at vehicula consequat, mi sapien.'),(2943,'esp','Node',23,'name','Nulla at pharetra velit.'),(2944,'eng','Node',23,'name','ENGNulla at pharetra velit.'),(2945,'esp','Node',23,'description','Nulla at pharetra velit. Nullam eu dapibus risus, in imperdiet lorem. Aliquam consequat non sem vitae mollis. Pellentesque lacinia, nisi at vehicula consequat, mi sapien.'),(2946,'eng','Node',23,'description','ENGNulla at pharetra velit. Nullam eu dapibus risus, in imperdiet lorem. Aliquam consequat non sem vitae mollis. Pellentesque lacinia, nisi at vehicula consequat, mi sapien.'),(2947,'esp','Node',24,'name','Nulla at pharetra velit.'),(2948,'eng','Node',24,'name','ENGNulla at pharetra velit.'),(2949,'esp','Node',24,'description','Nulla at pharetra velit. Nullam eu dapibus risus, in imperdiet lorem. Aliquam consequat non sem vitae mollis. Pellentesque lacinia, nisi at vehicula consequat, mi sapien.'),(2950,'eng','Node',24,'description','ENGNulla at pharetra velit. Nullam eu dapibus risus, in imperdiet lorem. Aliquam consequat non sem vitae mollis. Pellentesque lacinia, nisi at vehicula consequat, mi sapien.'),(2951,'esp','Node',25,'name','Nulla at pharetra velit.'),(2952,'eng','Node',25,'name','ENGNulla at pharetra velit.'),(2953,'esp','Node',25,'description','Nulla at pharetra velit. Nullam eu dapibus risus, in imperdiet lorem. Aliquam consequat non sem vitae mollis. Pellentesque lacinia, nisi at vehicula consequat, mi sapien.'),(2954,'eng','Node',25,'description','ENGNulla at pharetra velit. Nullam eu dapibus risus, in imperdiet lorem. Aliquam consequat non sem vitae mollis. Pellentesque lacinia, nisi at vehicula consequat, mi sapien.'),(2955,'esp','Node',26,'name','Nulla at pharetra velit.'),(2956,'eng','Node',26,'name','ENGNulla at pharetra velit.'),(2957,'esp','Node',26,'description','Nulla at pharetra velit. Nullam eu dapibus risus, in imperdiet lorem. Aliquam consequat non sem vitae mollis. Pellentesque lacinia, nisi at vehicula consequat, mi sapien.'),(2958,'eng','Node',26,'description','ENGNulla at pharetra velit. Nullam eu dapibus risus, in imperdiet lorem. Aliquam consequat non sem vitae mollis. Pellentesque lacinia, nisi at vehicula consequat, mi sapien.'),(2959,'esp','Node',27,'name','Nulla at pharetra velit.'),(2960,'eng','Node',27,'name','ENGNulla at pharetra velit.'),(2961,'esp','Node',27,'description','Nulla at pharetra velit. Nullam eu dapibus risus, in imperdiet lorem. Aliquam consequat non sem vitae mollis. Pellentesque lacinia, nisi at vehicula consequat, mi sapien.'),(2962,'eng','Node',27,'description','ENGNulla at pharetra velit. Nullam eu dapibus risus, in imperdiet lorem. Aliquam consequat non sem vitae mollis. Pellentesque lacinia, nisi at vehicula consequat, mi sapien.');
/*!40000 ALTER TABLE `i18n` ENABLE KEYS */;
UNLOCK TABLES;

--
-- Table structure for table `masters`
--

DROP TABLE IF EXISTS `masters`;
/*!40101 SET @saved_cs_client     = @@character_set_client */;
/*!40101 SET character_set_client = utf8 */;
CREATE TABLE `masters` (
  `id` int(11) NOT NULL AUTO_INCREMENT,
  `name` varchar(255) NOT NULL,
  `created` datetime NOT NULL,
  `modified` datetime NOT NULL,
  PRIMARY KEY (`id`)
) ENGINE=InnoDB DEFAULT CHARSET=latin1;
/*!40101 SET character_set_client = @saved_cs_client */;

--
-- Dumping data for table `masters`
--

LOCK TABLES `masters` WRITE;
/*!40000 ALTER TABLE `masters` DISABLE KEYS */;
/*!40000 ALTER TABLE `masters` ENABLE KEYS */;
UNLOCK TABLES;

--
-- Table structure for table `modules`
--

DROP TABLE IF EXISTS `modules`;
/*!40101 SET @saved_cs_client     = @@character_set_client */;
/*!40101 SET character_set_client = utf8 */;
CREATE TABLE `modules` (
  `id` int(11) NOT NULL AUTO_INCREMENT,
  `name` varchar(255) NOT NULL,
  `icon` varchar(255) NOT NULL,
  `order` int(2) NOT NULL,
  `created` datetime NOT NULL,
  `modified` datetime NOT NULL,
  PRIMARY KEY (`id`)
) ENGINE=InnoDB AUTO_INCREMENT=21 DEFAULT CHARSET=latin1;
/*!40101 SET character_set_client = @saved_cs_client */;

--
-- Dumping data for table `modules`
--

LOCK TABLES `modules` WRITE;
/*!40000 ALTER TABLE `modules` DISABLE KEYS */;
INSERT INTO `modules` VALUES (11,'Sistema Base','icon-check',1,'2015-10-14 15:47:35','2015-10-15 18:43:52'),(13,'Empresas','icon-leaf',4,'2015-10-14 15:47:59','2015-10-17 10:52:01'),(15,'Instrumentos','icon-eye-open',7,'2015-10-16 11:08:08','2015-10-16 11:11:47'),(16,'GestiÃ³n EstratÃ©gica','icon-leaf',1,'2015-10-19 10:23:49','2015-10-19 10:23:49'),(17,'PlanificaciÃ³n TÃ¡ctica','icon-screenshot',2,'2015-10-19 10:24:57','2015-10-19 10:24:57'),(18,'GestiÃ³n Operativa','icon-dashboard',3,'2015-10-19 10:25:31','2015-10-19 10:41:23'),(19,'Memoria y Cuenta','icon-book',4,'2015-10-19 10:26:49','2015-10-19 10:41:30'),(20,'Instrumentos','icon-eye-open',5,'2015-10-19 10:41:57','2015-10-19 10:43:16');
/*!40000 ALTER TABLE `modules` ENABLE KEYS */;
UNLOCK TABLES;

--
-- Table structure for table `nodecompanies`
--

DROP TABLE IF EXISTS `nodecompanies`;
/*!40101 SET @saved_cs_client     = @@character_set_client */;
/*!40101 SET character_set_client = utf8 */;
CREATE TABLE `nodecompanies` (
  `node_id` int(11) NOT NULL,
  `company_id` int(11) NOT NULL,
  PRIMARY KEY (`node_id`,`company_id`),
  KEY `fk_Nodo_has_Empresa_Empresa1_idx` (`company_id`),
  KEY `fk_Nodo_has_Empresa_Nodo1_idx` (`node_id`)
) ENGINE=MyISAM DEFAULT CHARSET=utf8 COLLATE=utf8_unicode_ci;
/*!40101 SET character_set_client = @saved_cs_client */;

--
-- Dumping data for table `nodecompanies`
--

LOCK TABLES `nodecompanies` WRITE;
/*!40000 ALTER TABLE `nodecompanies` DISABLE KEYS */;
INSERT INTO `nodecompanies` VALUES (1,11),(2,11),(3,11),(4,11),(5,11),(6,11),(7,11),(8,11),(9,11),(10,11),(11,11),(12,11),(13,11),(14,11),(15,11),(16,11),(17,11),(18,11),(19,11),(20,11),(21,11),(22,11),(23,11),(24,11),(25,11),(26,11),(27,11);
/*!40000 ALTER TABLE `nodecompanies` ENABLE KEYS */;
UNLOCK TABLES;

--
-- Table structure for table `nodenodes`
--

DROP TABLE IF EXISTS `nodenodes`;
/*!40101 SET @saved_cs_client     = @@character_set_client */;
/*!40101 SET character_set_client = utf8 */;
CREATE TABLE `nodenodes` (
  `node_id` int(11) NOT NULL,
  `node_id2` int(11) NOT NULL,
  PRIMARY KEY (`node_id`,`node_id2`),
  KEY `fk_Nodo_has_Nodo_Nodo2_idx` (`node_id2`),
  KEY `fk_Nodo_has_Nodo_Nodo1_idx` (`node_id`)
) ENGINE=MyISAM DEFAULT CHARSET=utf8 COLLATE=utf8_unicode_ci;
/*!40101 SET character_set_client = @saved_cs_client */;

--
-- Dumping data for table `nodenodes`
--

LOCK TABLES `nodenodes` WRITE;
/*!40000 ALTER TABLE `nodenodes` DISABLE KEYS */;
/*!40000 ALTER TABLE `nodenodes` ENABLE KEYS */;
UNLOCK TABLES;

--
-- Table structure for table `nodepredecessors`
--

DROP TABLE IF EXISTS `nodepredecessors`;
/*!40101 SET @saved_cs_client     = @@character_set_client */;
/*!40101 SET character_set_client = utf8 */;
CREATE TABLE `nodepredecessors` (
  `node_id` int(11) NOT NULL,
  `node_id2` int(11) NOT NULL,
  PRIMARY KEY (`node_id`,`node_id2`),
  KEY `fk_Nodo_has_Nodo1_Nodo2_idx` (`node_id2`),
  KEY `fk_Nodo_has_Nodo1_Nodo1_idx` (`node_id`)
) ENGINE=MyISAM DEFAULT CHARSET=utf8 COLLATE=utf8_unicode_ci;
/*!40101 SET character_set_client = @saved_cs_client */;

--
-- Dumping data for table `nodepredecessors`
--

LOCK TABLES `nodepredecessors` WRITE;
/*!40000 ALTER TABLE `nodepredecessors` DISABLE KEYS */;
/*!40000 ALTER TABLE `nodepredecessors` ENABLE KEYS */;
UNLOCK TABLES;

--
-- Table structure for table `nodes`
--

DROP TABLE IF EXISTS `nodes`;
/*!40101 SET @saved_cs_client     = @@character_set_client */;
/*!40101 SET character_set_client = utf8 */;
CREATE TABLE `nodes` (
  `id` int(11) NOT NULL AUTO_INCREMENT,
  `name` varchar(255) COLLATE utf8_unicode_ci NOT NULL,
  `description` text COLLATE utf8_unicode_ci,
  `nodetype_id` int(11) NOT NULL,
  `inidate` datetime DEFAULT NULL,
  `enddate` datetime DEFAULT NULL,
  `cost` decimal(10,2) DEFAULT NULL,
  `assignedto` varchar(45) COLLATE utf8_unicode_ci DEFAULT NULL,
  `assignedto_email` varchar(100) COLLATE utf8_unicode_ci DEFAULT NULL,
  `priority` int(11) DEFAULT NULL,
  `source_id` int(11) DEFAULT NULL,
  `source_reference_id` int(11) DEFAULT NULL,
  `corporation_id` int(11) DEFAULT NULL,
  PRIMARY KEY (`id`),
  KEY `source_id` (`source_id`),
  KEY `corporation_id` (`corporation_id`),
  KEY `nodetype_id` (`nodetype_id`)
) ENGINE=MyISAM AUTO_INCREMENT=28 DEFAULT CHARSET=utf8 COLLATE=utf8_unicode_ci;
/*!40101 SET character_set_client = @saved_cs_client */;

--
-- Dumping data for table `nodes`
--

LOCK TABLES `nodes` WRITE;
/*!40000 ALTER TABLE `nodes` DISABLE KEYS */;
INSERT INTO `nodes` VALUES (1,'Nulla at pharetra velit.','Nulla at pharetra velit. Nullam eu dapibus risus, in imperdiet lorem. Aliquam consequat non sem vitae mollis. Pellentesque lacinia, nisi at vehicula consequat, mi sapien.',1,NULL,NULL,NULL,NULL,NULL,NULL,1,NULL,7),(2,'Nulla at pharetra velit.','Nulla at pharetra velit. Nullam eu dapibus risus, in imperdiet lorem. Aliquam consequat non sem vitae mollis. Pellentesque lacinia, nisi at vehicula consequat, mi sapien.',1,NULL,NULL,NULL,NULL,NULL,NULL,1,NULL,7),(3,'Nulla at pharetra velit.','Nulla at pharetra velit. Nullam eu dapibus risus, in imperdiet lorem. Aliquam consequat non sem vitae mollis. Pellentesque lacinia, nisi at vehicula consequat, mi sapien.',1,NULL,NULL,NULL,NULL,NULL,NULL,1,NULL,7),(4,'Nulla at pharetra velit.','Nulla at pharetra velit. Nullam eu dapibus risus, in imperdiet lorem. Aliquam consequat non sem vitae mollis. Pellentesque lacinia, nisi at vehicula consequat, mi sapien.',1,NULL,NULL,NULL,NULL,NULL,NULL,1,NULL,7),(5,'Nulla at pharetra velit.','Nulla at pharetra velit. Nullam eu dapibus risus, in imperdiet lorem. Aliquam consequat non sem vitae mollis. Pellentesque lacinia, nisi at vehicula consequat, mi sapien.',1,NULL,NULL,NULL,NULL,NULL,NULL,1,NULL,7),(6,'Nulla at pharetra velit.','Nulla at pharetra velit. Nullam eu dapibus risus, in imperdiet lorem. Aliquam consequat non sem vitae mollis. Pellentesque lacinia, nisi at vehicula consequat, mi sapien.',1,NULL,NULL,NULL,NULL,NULL,NULL,1,NULL,7),(7,'Nulla at pharetra velit.','Nulla at pharetra velit. Nullam eu dapibus risus, in imperdiet lorem. Aliquam consequat non sem vitae mollis. Pellentesque lacinia, nisi at vehicula consequat, mi sapien.',1,NULL,NULL,NULL,NULL,NULL,NULL,1,NULL,7),(8,'Nulla at pharetra velit.','Nulla at pharetra velit. Nullam eu dapibus risus, in imperdiet lorem. Aliquam consequat non sem vitae mollis. Pellentesque lacinia, nisi at vehicula consequat, mi sapien.',1,NULL,NULL,NULL,NULL,NULL,NULL,1,NULL,7),(9,'Nulla at pharetra velit.','Nulla at pharetra velit. Nullam eu dapibus risus, in imperdiet lorem. Aliquam consequat non sem vitae mollis. Pellentesque lacinia, nisi at vehicula consequat, mi sapien.',1,NULL,NULL,NULL,NULL,NULL,NULL,1,NULL,7),(10,'Nulla at pharetra velit.','Nulla at pharetra velit. Nullam eu dapibus risus, in imperdiet lorem. Aliquam consequat non sem vitae mollis. Pellentesque lacinia, nisi at vehicula consequat, mi sapien.',1,NULL,NULL,NULL,NULL,NULL,NULL,1,NULL,7),(11,'Nulla at pharetra velit.','Nulla at pharetra velit. Nullam eu dapibus risus, in imperdiet lorem. Aliquam consequat non sem vitae mollis. Pellentesque lacinia, nisi at vehicula consequat, mi sapien.',1,NULL,NULL,NULL,NULL,NULL,NULL,1,NULL,7),(12,'Nulla at pharetra velit.','Nulla at pharetra velit. Nullam eu dapibus risus, in imperdiet lorem. Aliquam consequat non sem vitae mollis. Pellentesque lacinia, nisi at vehicula consequat, mi sapien.',1,NULL,NULL,NULL,NULL,NULL,NULL,1,NULL,7),(13,'Nulla at pharetra velit.','Nulla at pharetra velit. Nullam eu dapibus risus, in imperdiet lorem. Aliquam consequat non sem vitae mollis. Pellentesque lacinia, nisi at vehicula consequat, mi sapien.',1,NULL,NULL,NULL,NULL,NULL,NULL,1,NULL,7),(14,'Nulla at pharetra velit.','Nulla at pharetra velit. Nullam eu dapibus risus, in imperdiet lorem. Aliquam consequat non sem vitae mollis. Pellentesque lacinia, nisi at vehicula consequat, mi sapien.',1,NULL,NULL,NULL,NULL,NULL,NULL,1,NULL,7),(15,'Nulla at pharetra velit.','Nulla at pharetra velit. Nullam eu dapibus risus, in imperdiet lorem. Aliquam consequat non sem vitae mollis. Pellentesque lacinia, nisi at vehicula consequat, mi sapien.',1,NULL,NULL,NULL,NULL,NULL,NULL,1,NULL,7),(16,'Nulla at pharetra velit.','Nulla at pharetra velit. Nullam eu dapibus risus, in imperdiet lorem. Aliquam consequat non sem vitae mollis. Pellentesque lacinia, nisi at vehicula consequat, mi sapien.',1,NULL,NULL,NULL,NULL,NULL,NULL,1,NULL,7),(17,'Nulla at pharetra velit.','Nulla at pharetra velit. Nullam eu dapibus risus, in imperdiet lorem. Aliquam consequat non sem vitae mollis. Pellentesque lacinia, nisi at vehicula consequat, mi sapien.',1,NULL,NULL,NULL,NULL,NULL,NULL,1,NULL,7),(18,'Nulla at pharetra velit.','Nulla at pharetra velit. Nullam eu dapibus risus, in imperdiet lorem. Aliquam consequat non sem vitae mollis. Pellentesque lacinia, nisi at vehicula consequat, mi sapien.',1,NULL,NULL,NULL,NULL,NULL,NULL,1,NULL,7),(19,'Nulla at pharetra velit.','Nulla at pharetra velit. Nullam eu dapibus risus, in imperdiet lorem. Aliquam consequat non sem vitae mollis. Pellentesque lacinia, nisi at vehicula consequat, mi sapien.',1,NULL,NULL,NULL,NULL,NULL,NULL,1,NULL,7),(20,'Nulla at pharetra velit.','Nulla at pharetra velit. Nullam eu dapibus risus, in imperdiet lorem. Aliquam consequat non sem vitae mollis. Pellentesque lacinia, nisi at vehicula consequat, mi sapien.',1,NULL,NULL,NULL,NULL,NULL,NULL,1,NULL,7),(21,'ENGNulla at pharetra velit.','ENGNulla at pharetra velit. Nullam eu dapibus risus, in imperdiet lorem. Aliquam consequat non sem vitae mollis. Pellentesque lacinia, nisi at vehicula consequat, mi sapien.',1,NULL,NULL,NULL,NULL,NULL,NULL,1,NULL,7),(22,'ENGNulla at pharetra velit.','ENGNulla at pharetra velit. Nullam eu dapibus risus, in imperdiet lorem. Aliquam consequat non sem vitae mollis. Pellentesque lacinia, nisi at vehicula consequat, mi sapien.',1,NULL,NULL,NULL,NULL,NULL,NULL,1,NULL,7),(23,'ENGNulla at pharetra velit.','ENGNulla at pharetra velit. Nullam eu dapibus risus, in imperdiet lorem. Aliquam consequat non sem vitae mollis. Pellentesque lacinia, nisi at vehicula consequat, mi sapien.',1,NULL,NULL,NULL,NULL,NULL,NULL,1,NULL,7),(24,'ENGNulla at pharetra velit.','ENGNulla at pharetra velit. Nullam eu dapibus risus, in imperdiet lorem. Aliquam consequat non sem vitae mollis. Pellentesque lacinia, nisi at vehicula consequat, mi sapien.',1,NULL,NULL,NULL,NULL,NULL,NULL,1,NULL,7),(25,'ENGNulla at pharetra velit.','ENGNulla at pharetra velit. Nullam eu dapibus risus, in imperdiet lorem. Aliquam consequat non sem vitae mollis. Pellentesque lacinia, nisi at vehicula consequat, mi sapien.',1,NULL,NULL,NULL,NULL,NULL,NULL,1,NULL,7),(26,'ENGNulla at pharetra velit.','ENGNulla at pharetra velit. Nullam eu dapibus risus, in imperdiet lorem. Aliquam consequat non sem vitae mollis. Pellentesque lacinia, nisi at vehicula consequat, mi sapien.',1,NULL,NULL,NULL,NULL,NULL,NULL,1,NULL,7),(27,'ENGNulla at pharetra velit.','ENGNulla at pharetra velit. Nullam eu dapibus risus, in imperdiet lorem. Aliquam consequat non sem vitae mollis. Pellentesque lacinia, nisi at vehicula consequat, mi sapien.',1,NULL,NULL,NULL,NULL,NULL,NULL,1,NULL,7);
/*!40000 ALTER TABLE `nodes` ENABLE KEYS */;
UNLOCK TABLES;

--
-- Table structure for table `nodesources`
--

DROP TABLE IF EXISTS `nodesources`;
/*!40101 SET @saved_cs_client     = @@character_set_client */;
/*!40101 SET character_set_client = utf8 */;
CREATE TABLE `nodesources` (
  `id` int(11) NOT NULL AUTO_INCREMENT,
  `name` varchar(45) COLLATE utf8_unicode_ci NOT NULL,
  PRIMARY KEY (`id`)
) ENGINE=MyISAM AUTO_INCREMENT=7 DEFAULT CHARSET=utf8 COLLATE=utf8_unicode_ci;
/*!40101 SET character_set_client = @saved_cs_client */;

--
-- Dumping data for table `nodesources`
--

LOCK TABLES `nodesources` WRITE;
/*!40000 ALTER TABLE `nodesources` DISABLE KEYS */;
INSERT INTO `nodesources` VALUES (1,'AutoevaluaciÃ³n'),(2,'Sistema'),(3,'Manual');
/*!40000 ALTER TABLE `nodesources` ENABLE KEYS */;
UNLOCK TABLES;

--
-- Table structure for table `nodetypes`
--

DROP TABLE IF EXISTS `nodetypes`;
/*!40101 SET @saved_cs_client     = @@character_set_client */;
/*!40101 SET character_set_client = utf8 */;
CREATE TABLE `nodetypes` (
  `id` int(11) NOT NULL AUTO_INCREMENT,
  `name` varchar(45) COLLATE utf8_unicode_ci NOT NULL,
  PRIMARY KEY (`id`)
) ENGINE=MyISAM AUTO_INCREMENT=16 DEFAULT CHARSET=utf8 COLLATE=utf8_unicode_ci;
/*!40101 SET character_set_client = @saved_cs_client */;

--
-- Dumping data for table `nodetypes`
--

LOCK TABLES `nodetypes` WRITE;
/*!40000 ALTER TABLE `nodetypes` DISABLE KEYS */;
INSERT INTO `nodetypes` VALUES (1,'Debilidades/Oportunidades'),(2,'Perspectiva del BSC'),(3,'Estrategia'),(4,'Compromiso'),(5,'MisiÃ³n'),(6,'VisiÃ³n'),(7,'Objetivo'),(8,'PolÃ­ticas'),(9,'Expectativas'),(10,'Programas'),(11,'Actividades'),(12,'Iniciativas'),(13,'Proyectos'),(14,'Cursos'),(15,'Tareas');
/*!40000 ALTER TABLE `nodetypes` ENABLE KEYS */;
UNLOCK TABLES;

--
-- Table structure for table `questionnaires`
--

DROP TABLE IF EXISTS `questionnaires`;
/*!40101 SET @saved_cs_client     = @@character_set_client */;
/*!40101 SET character_set_client = utf8 */;
CREATE TABLE `questionnaires` (
  `id` int(11) NOT NULL AUTO_INCREMENT,
  `title` varchar(45) COLLATE utf8_unicode_ci NOT NULL,
  `description` text COLLATE utf8_unicode_ci,
  `active` tinyint(1) DEFAULT NULL,
  `acronym` varchar(5) COLLATE utf8_unicode_ci DEFAULT NULL,
  `logo` varchar(255) COLLATE utf8_unicode_ci NOT NULL,
  `icon` varchar(25) COLLATE utf8_unicode_ci NOT NULL,
  PRIMARY KEY (`id`)
) ENGINE=MyISAM AUTO_INCREMENT=11 DEFAULT CHARSET=utf8 COLLATE=utf8_unicode_ci;
/*!40101 SET character_set_client = @saved_cs_client */;

--
-- Dumping data for table `questionnaires`
--

LOCK TABLES `questionnaires` WRITE;
/*!40000 ALTER TABLE `questionnaires` DISABLE KEYS */;
INSERT INTO `questionnaires` VALUES (10,'Cuestionario de la ComisiÃ³n Europea','Empresas responsables Cuestionario de ConcienciaciÃ³n de la ComisiÃ³n Europea',1,'RSE C','files/logos/110435577dffdd12e865380e2d9666b205f889.png','');
/*!40000 ALTER TABLE `questionnaires` ENABLE KEYS */;
UNLOCK TABLES;

--
-- Table structure for table `questions`
--

DROP TABLE IF EXISTS `questions`;
/*!40101 SET @saved_cs_client     = @@character_set_client */;
/*!40101 SET character_set_client = utf8 */;
CREATE TABLE `questions` (
  `id` int(11) NOT NULL AUTO_INCREMENT,
  `name` text COLLATE utf8_unicode_ci NOT NULL,
  `section_id` int(11) NOT NULL,
  `order` int(11) DEFAULT NULL,
  PRIMARY KEY (`id`),
  KEY `section_id` (`section_id`)
) ENGINE=MyISAM AUTO_INCREMENT=36 DEFAULT CHARSET=utf8 COLLATE=utf8_unicode_ci;
/*!40101 SET character_set_client = @saved_cs_client */;

--
-- Dumping data for table `questions`
--

LOCK TABLES `questions` WRITE;
/*!40000 ALTER TABLE `questions` DISABLE KEYS */;
INSERT INTO `questions` VALUES (7,'Â¿Alienta a sus trabajadores para que desarrollen habilidades verdaderas y carreras a largo plazo (p. ej. un procedimiento para la evaluaciÃ³n de la productividad o un plan de formaciÃ³n)?',7,1),(8,'Â¿Existe un procedimiento para garantizar que se toman las medidas adecuadas contra toda forma de discriminaciÃ³n en el puesto de trabajo y en la contrataciÃ³n (p. ej., contra la mujer, grupos Ã©tnicos, discapacitados, etc.)?',7,2),(9,'Â¿Consulta con sus empleados los temas importantes?',7,3),(10,'Â¿Ha tomado su empresa las medidas adecuadas para proporcionar suficiente protecciÃ³n a sus empleados en materia de seguridad, salud y protecciÃ³n social?',7,4),(11,'Â¿Ofrece su empresa a sus empleados un buen equilibrio entre la vida privada y el trabajo como, por ejemplo, considerando un horario flexible de trabajo o permitiendo que los empleados hagan el trabajo en casa?',7,5),(12,'Â¿Ha intentado reducir el impacto medioambiental de su empresa en tÃ©rminos de: ahorro de energÃ­a?',8,6),(13,'reducciÃ³n y reciclaje de residuos?',8,7),(14,'prevenciÃ³n de la contaminaciÃ³n (emisiones al aire o al agua, vertido de aguas residuales, ruido)?',8,8),(15,'protecciÃ³n del medio ambiente?',8,9),(16,'opciones sostenibles de transporte?',8,10),(17,'Â¿Puede su empresa ahorrar dinero mediante la reducciÃ³n de su impacto medioambiental (reciclaje, reducciÃ³n del consumo de energÃ­a, prevenciÃ³n de la contaminaciÃ³n)?',8,11),(18,'Â¿Tiene en cuenta los posibles impactos medioambientales cuando desarrolla nuevos productos y servicios (evaluaciÃ³n del uso de energÃ­a, reciclaje o generaciÃ³n de contaminaciÃ³n)?',8,12),(19,'Â¿Proporciona su empresa informaciÃ³n medioambiental clara y precisa sobre sus productos y actividades a los clientes, proveedores, comunidad local, etc.?',8,13),(20,'Â¿Ha pensado en quÃ© forma podrÃ­a su empresa utilizar la sostenibilidad de sus productos y servicios para aventajar a la competencia (el reciclaje de productos, la eficacia energÃ©tica, etc.)?',8,14),(21,'Â¿Aplica su empresa alguna polÃ­tica para garantizar la honradez y calidad en todos sus contratos, tratos y publicidad (una polÃ­tica de compras justa o estipulaciones para la protecciÃ³n de los consumidores, etc.)?',9,15),(22,'Â¿Proporciona su empresa informaciÃ³n clara y precisa en el etiquetado de sus productos y servicios, que incluyan sus obligaciones postventa?',9,16),(23,'Â¿Paga puntualmente su empresa las facturas de sus proveedores?',9,17),(24,'Â¿Dispone su empresa de un procedimiento para garantizar una interacciÃ³n, consulta y/o diÃ¡logo productivos con sus clientes, proveedores y otras personas con las que hace negocios?',9,18),(25,'Â¿Admite y da soluciÃ³n su empresa a las reclamaciones de sus clientes, proveedores y colaboradores?',9,19),(26,'Â¿Ofrece su empresa oportunidades de formaciÃ³n a la gente de la comunidad (aprendizajes o experiencia laboral para jÃ³venes o discapacitados)?',10,21),(27,'Â¿Mantiene un diÃ¡logo abierto con su comunidad sobre temas delicados, polÃ©micos o negativos en los que estÃ© involucrada su empresa (la acumulaciÃ³n de residuos fuera de sus instalaciones, los vehÃ­culos que obstruyen carreteras o caminos)?',10,22),(28,'Â¿Compra su empresa productos en el mercado local?',10,23),(29,'Â¿Alienta a sus empleados para que participen en las actividades de la comunidad (poniendo a su disposiciÃ³n el tiempo y la experiencia de sus empleados u otro tipo de ayuda prÃ¡ctica)?',10,24),(30,'Â¿Brinda su empresa apoyo econÃ³mico estable a proyectos y actividades de la comunidad (obras benÃ©ficas o patrocinios)?',10,25),(31,'Â¿Ha definido de forma clara los valores y las normas de conducta de su empresa?',11,26),(32,'Â¿Hace partÃ­cipes a sus clientes, socios empresariales, proveedores y otras partes interesadas de los valores de su empresa (en presentaciones de ventas, material de marketing o comunicados informales)?',11,27),(33,'Â¿Son conscientes sus clientes de los valores y normas de conducta de su empresa?',11,28),(34,'Â¿Son conscientes sus empleados de los valores y normas de conducta de su empresa?',11,29),(35,'Â¿EnseÃ±a a sus empleados la importancia de los valores y normas de conducta de su empresa?',11,30);
/*!40000 ALTER TABLE `questions` ENABLE KEYS */;
UNLOCK TABLES;

--
-- Table structure for table `sections`
--

DROP TABLE IF EXISTS `sections`;
/*!40101 SET @saved_cs_client     = @@character_set_client */;
/*!40101 SET character_set_client = utf8 */;
CREATE TABLE `sections` (
  `id` int(11) NOT NULL AUTO_INCREMENT,
  `name` varchar(255) COLLATE utf8_unicode_ci NOT NULL,
  `questionnaire_id` int(11) NOT NULL,
  `logo` varchar(255) COLLATE utf8_unicode_ci NOT NULL,
  `icon` varchar(25) COLLATE utf8_unicode_ci NOT NULL,
  `order` int(11) DEFAULT NULL,
  PRIMARY KEY (`id`),
  KEY `questionnaire_id` (`questionnaire_id`)
) ENGINE=MyISAM AUTO_INCREMENT=12 DEFAULT CHARSET=utf8 COLLATE=utf8_unicode_ci;
/*!40101 SET character_set_client = @saved_cs_client */;

--
-- Dumping data for table `sections`
--

LOCK TABLES `sections` WRITE;
/*!40000 ALTER TABLE `sections` DISABLE KEYS */;
INSERT INTO `sections` VALUES (7,'PolÃ­tica de actuaciÃ³n en el lugar de trabajo',10,'files/logos/104320206988a8d2786a8f4a18bb34d839ead7.png','',1),(8,'PolÃ­tica medioambiental',10,'files/logos/104341206988a8d2786a8f4a18bb34d839ead7.png','',2),(9,'PolÃ­tica de mercado',10,'files/logos/104357206988a8d2786a8f4a18bb34d839ead7.png','',3),(10,'PolÃ­tica social',10,'files/logos/104415206988a8d2786a8f4a18bb34d839ead7.png','',4),(11,'Valores de la empresa',10,'files/logos/104435206988a8d2786a8f4a18bb34d839ead7.png','',5);
/*!40000 ALTER TABLE `sections` ENABLE KEYS */;
UNLOCK TABLES;

--
-- Table structure for table `users`
--

DROP TABLE IF EXISTS `users`;
/*!40101 SET @saved_cs_client     = @@character_set_client */;
/*!40101 SET character_set_client = utf8 */;
CREATE TABLE `users` (
  `id` int(11) NOT NULL AUTO_INCREMENT,
  `fname` varchar(100) NOT NULL,
  `lname` varchar(100) NOT NULL,
  `email` varchar(255) NOT NULL,
  `company_id` int(11) DEFAULT NULL,
  `corporation_id` int(11) DEFAULT NULL,
  `username` varchar(255) NOT NULL,
  `password` char(40) NOT NULL,
  `group_id` int(11) NOT NULL,
  `created` datetime DEFAULT NULL,
  `modified` datetime DEFAULT NULL,
  PRIMARY KEY (`id`),
  UNIQUE KEY `username` (`username`)
) ENGINE=InnoDB AUTO_INCREMENT=21 DEFAULT CHARSET=latin1;
/*!40101 SET character_set_client = @saved_cs_client */;

--
-- Dumping data for table `users`
--

LOCK TABLES `users` WRITE;
/*!40000 ALTER TABLE `users` DISABLE KEYS */;
INSERT INTO `users` VALUES (14,'Lisandro','MartÃ­nez','lisandrom@gmail.com',NULL,NULL,'lisandrom','a56547131290384e62cd0937e9a1281c3e10d824',5,'2015-10-14 16:22:29','2015-10-15 21:47:22'),(17,'Pedro','Perez','pedrop@red111.net',11,7,'pedrop','253e6edb8139392550fff418bac6265d0d2cc934',6,'2015-10-14 19:49:27','2015-10-18 10:32:00'),(18,'MarÃ­a','Perez','mariap@red111.net',11,NULL,'mariap','253e6edb8139392550fff418bac6265d0d2cc934',7,'2015-10-14 19:49:50','2015-10-15 21:48:46'),(19,'Daniela','Prieto','danielap@siderysbsn.com',NULL,NULL,'danielap','253e6edb8139392550fff418bac6265d0d2cc934',9,'2015-10-15 21:58:04','2015-10-15 21:58:04'),(20,'Juan','Fernandez','juanf@siderysbsn.com',NULL,NULL,'juanf','253e6edb8139392550fff418bac6265d0d2cc934',9,'2015-10-15 21:59:22','2015-10-15 21:59:22');
/*!40000 ALTER TABLE `users` ENABLE KEYS */;
UNLOCK TABLES;

--
-- Table structure for table `values`
--

DROP TABLE IF EXISTS `values`;
/*!40101 SET @saved_cs_client     = @@character_set_client */;
/*!40101 SET character_set_client = utf8 */;
CREATE TABLE `values` (
  `id` int(11) NOT NULL AUTO_INCREMENT,
  `name` varchar(255) NOT NULL,
  `optional` varchar(255) NOT NULL,
  `master_id` int(11) NOT NULL,
  `created` datetime NOT NULL,
  `modified` datetime NOT NULL,
  PRIMARY KEY (`id`),
  KEY `fk_values_masters1_idx` (`master_id`),
  CONSTRAINT `fk_values_masters1` FOREIGN KEY (`master_id`) REFERENCES `masters` (`id`) ON DELETE NO ACTION ON UPDATE NO ACTION
) ENGINE=InnoDB DEFAULT CHARSET=latin1;
/*!40101 SET character_set_client = @saved_cs_client */;

--
-- Dumping data for table `values`
--

LOCK TABLES `values` WRITE;
/*!40000 ALTER TABLE `values` DISABLE KEYS */;
/*!40000 ALTER TABLE `values` ENABLE KEYS */;
UNLOCK TABLES;
/*!40103 SET TIME_ZONE=@OLD_TIME_ZONE */;

/*!40101 SET SQL_MODE=@OLD_SQL_MODE */;
/*!40014 SET FOREIGN_KEY_CHECKS=@OLD_FOREIGN_KEY_CHECKS */;
/*!40014 SET UNIQUE_CHECKS=@OLD_UNIQUE_CHECKS */;
/*!40101 SET CHARACTER_SET_CLIENT=@OLD_CHARACTER_SET_CLIENT */;
/*!40101 SET CHARACTER_SET_RESULTS=@OLD_CHARACTER_SET_RESULTS */;
/*!40101 SET COLLATION_CONNECTION=@OLD_COLLATION_CONNECTION */;
/*!40111 SET SQL_NOTES=@OLD_SQL_NOTES */;

-- Dump completed on 2015-10-21  0:58:33
